-- organization 
INSERT INTO organization (organization_id,name_org,abbreviation,city,street,postal_code,org_type,funds_company,budget_uni_ministry,budget_rc1,budget_rc2) VALUES ("66798", "Company252", "C252", "Rhode Island", "Kifisou75", "40974", "Company", "26301356", "0", "0", "0");
INSERT INTO organization (organization_id,name_org,abbreviation,city,street,postal_code,org_type,funds_company,budget_uni_ministry,budget_rc1,budget_rc2) VALUES ("73851", "Company502", "C502", "Ioannina", "Eleftheriou Venizelou95", "74983", "Company", "16860932", "0", "0", "0");
INSERT INTO organization (organization_id,name_org,abbreviation,city,street,postal_code,org_type,funds_company,budget_uni_ministry,budget_rc1,budget_rc2) VALUES ("67534", "Company630", "C630", "Thessaloniki", "Agathiou132", "28957", "Company", "64076695", "0", "0", "0");
INSERT INTO organization (organization_id,name_org,abbreviation,city,street,postal_code,org_type,funds_company,budget_uni_ministry,budget_rc1,budget_rc2) VALUES ("11783", "Research Center835", "RC835", "Trikala", "Androutsou98", "31197", "Research Center", "0", "0", "93370475", "17894835");
INSERT INTO organization (organization_id,name_org,abbreviation,city,street,postal_code,org_type,funds_company,budget_uni_ministry,budget_rc1,budget_rc2) VALUES ("38767", "Company931", "C931", "Chania", "Ippokratous55", "18617", "Company", "27500939", "0", "0", "0");
INSERT INTO organization (organization_id,name_org,abbreviation,city,street,postal_code,org_type,funds_company,budget_uni_ministry,budget_rc1,budget_rc2) VALUES ("14713", "Research Center297", "RC297", "Thessaloniki", "Agathiou82", "23674", "Research Center", "0", "0", "11317190", "6264419");
INSERT INTO organization (organization_id,name_org,abbreviation,city,street,postal_code,org_type,funds_company,budget_uni_ministry,budget_rc1,budget_rc2) VALUES ("47349", "Research Center935", "RC935", "Chania", "Nikopoleos128", "50327", "Research Center", "0", "0", "7262851", "14545042");
INSERT INTO organization (organization_id,name_org,abbreviation,city,street,postal_code,org_type,funds_company,budget_uni_ministry,budget_rc1,budget_rc2) VALUES ("44966", "Research Center170", "RC170", "Patra", "Ippokratous58", "16771", "Research Center", "0", "0", "85457050", "45256407");
INSERT INTO organization (organization_id,name_org,abbreviation,city,street,postal_code,org_type,funds_company,budget_uni_ministry,budget_rc1,budget_rc2) VALUES ("84659", "Research Center806", "RC806", "Thessaloniki", "Samothrakis53", "21910", "Research Center", "0", "0", "21772544", "3482834");
INSERT INTO organization (organization_id,name_org,abbreviation,city,street,postal_code,org_type,funds_company,budget_uni_ministry,budget_rc1,budget_rc2) VALUES ("42862", "Research Center962", "RC962", "Patra", "Mpotsari90", "79716", "Research Center", "0", "0", "32376435", "19120449");
INSERT INTO organization (organization_id,name_org,abbreviation,city,street,postal_code,org_type,funds_company,budget_uni_ministry,budget_rc1,budget_rc2) VALUES ("74841", "University316", "UN316", "Larisa", "Kifisou97", "75389", "University", "0", "76161377", "0", "0");
INSERT INTO organization (organization_id,name_org,abbreviation,city,street,postal_code,org_type,funds_company,budget_uni_ministry,budget_rc1,budget_rc2) VALUES ("63060", "University984", "UN984", "Larisa", "Evripidou47", "19719", "University", "0", "78574971", "0", "0");
INSERT INTO organization (organization_id,name_org,abbreviation,city,street,postal_code,org_type,funds_company,budget_uni_ministry,budget_rc1,budget_rc2) VALUES ("34023", "University604", "UN604", "Ioannina", "Samothrakis70", "44291", "University", "0", "76860711", "0", "0");
INSERT INTO organization (organization_id,name_org,abbreviation,city,street,postal_code,org_type,funds_company,budget_uni_ministry,budget_rc1,budget_rc2) VALUES ("19858", "University822", "UN822", "Ioannina", "Ippokratous8", "85131", "University", "0", "62523506", "0", "0");
INSERT INTO organization (organization_id,name_org,abbreviation,city,street,postal_code,org_type,funds_company,budget_uni_ministry,budget_rc1,budget_rc2) VALUES ("30788", "Company419", "C419", "Chania", "Nikopoleos17", "64490", "Company", "99489628", "0", "0", "0");
INSERT INTO organization (organization_id,name_org,abbreviation,city,street,postal_code,org_type,funds_company,budget_uni_ministry,budget_rc1,budget_rc2) VALUES ("28588", "Company257", "C257", "Larisa", "Ippokratous21", "97066", "Company", "90913693", "0", "0", "0");
INSERT INTO organization (organization_id,name_org,abbreviation,city,street,postal_code,org_type,funds_company,budget_uni_ministry,budget_rc1,budget_rc2) VALUES ("46743", "Research Center861", "RC861", "Ioannina", "Klepsydra12", "26108", "Research Center", "0", "0", "33230753", "82726362");
INSERT INTO organization (organization_id,name_org,abbreviation,city,street,postal_code,org_type,funds_company,budget_uni_ministry,budget_rc1,budget_rc2) VALUES ("88850", "University982", "UN982", "Trikala", "Kantonia44", "83013", "University", "0", "10264804", "0", "0");
INSERT INTO organization (organization_id,name_org,abbreviation,city,street,postal_code,org_type,funds_company,budget_uni_ministry,budget_rc1,budget_rc2) VALUES ("58611", "Company834", "C834", "Ioannina", "Samothrakis19", "68400", "Company", "99583825", "0", "0", "0");
INSERT INTO organization (organization_id,name_org,abbreviation,city,street,postal_code,org_type,funds_company,budget_uni_ministry,budget_rc1,budget_rc2) VALUES ("76059", "University154", "UN154", "Larisa", "Mpotsari149", "20535", "University", "0", "74427487", "0", "0");
INSERT INTO organization (organization_id,name_org,abbreviation,city,street,postal_code,org_type,funds_company,budget_uni_ministry,budget_rc1,budget_rc2) VALUES ("32241", "Company846", "C846", "Larisa", "Orionos61", "28708", "Company", "49622446", "0", "0", "0");
INSERT INTO organization (organization_id,name_org,abbreviation,city,street,postal_code,org_type,funds_company,budget_uni_ministry,budget_rc1,budget_rc2) VALUES ("68654", "Company316", "C316", "Patra", "Mpotsari141", "77866", "Company", "50522930", "0", "0", "0");
INSERT INTO organization (organization_id,name_org,abbreviation,city,street,postal_code,org_type,funds_company,budget_uni_ministry,budget_rc1,budget_rc2) VALUES ("60492", "University931", "UN931", "Ioannina", "Klepsydra68", "75677", "University", "0", "41391671", "0", "0");
INSERT INTO organization (organization_id,name_org,abbreviation,city,street,postal_code,org_type,funds_company,budget_uni_ministry,budget_rc1,budget_rc2) VALUES ("66632", "University673", "UN673", "Chalkida", "Kantonia54", "51293", "University", "0", "78624200", "0", "0");
INSERT INTO organization (organization_id,name_org,abbreviation,city,street,postal_code,org_type,funds_company,budget_uni_ministry,budget_rc1,budget_rc2) VALUES ("52918", "University703", "UN703", "Chania", "Orionos59", "33402", "University", "0", "78984903", "0", "0");
INSERT INTO organization (organization_id,name_org,abbreviation,city,street,postal_code,org_type,funds_company,budget_uni_ministry,budget_rc1,budget_rc2) VALUES ("96697", "Research Center372", "RC372", "Heraklion", "Kifisou147", "72351", "Research Center", "0", "0", "48355397", "91729705");
INSERT INTO organization (organization_id,name_org,abbreviation,city,street,postal_code,org_type,funds_company,budget_uni_ministry,budget_rc1,budget_rc2) VALUES ("34040", "Company791", "C791", "Larisa", "Ippokratous86", "14605", "Company", "35315671", "0", "0", "0");
INSERT INTO organization (organization_id,name_org,abbreviation,city,street,postal_code,org_type,funds_company,budget_uni_ministry,budget_rc1,budget_rc2) VALUES ("82902", "University842", "UN842", "Chalkida", "Mpotsari125", "70729", "University", "0", "74048921", "0", "0");
INSERT INTO organization (organization_id,name_org,abbreviation,city,street,postal_code,org_type,funds_company,budget_uni_ministry,budget_rc1,budget_rc2) VALUES ("87940", "Research Center140", "RC140", "Trikala", "Kantonia142", "99424", "Research Center", "0", "0", "78184549", "27290521");
INSERT INTO organization (organization_id,name_org,abbreviation,city,street,postal_code,org_type,funds_company,budget_uni_ministry,budget_rc1,budget_rc2) VALUES ("58217", "Research Center144", "RC144", "Rhode Island", "Kifisou87", "74012", "Research Center", "0", "0", "25711154", "98978037");

-- researcher 
INSERT INTO researcher (researcher_id,first_name,last_name,birthdate,gender,organization_id,datework) VALUES ("98905", "Nathan", "Guzman", "1991-12-6", "Female", "58217", "2015-9-9");
INSERT INTO researcher (researcher_id,first_name,last_name,birthdate,gender,organization_id,datework) VALUES ("13951", "Dwayne", "Lloyd", "1997-5-15", "Male", "66798", "2020-7-17");
INSERT INTO researcher (researcher_id,first_name,last_name,birthdate,gender,organization_id,datework) VALUES ("71319", "Luis", "Carey", "1966-4-25", "Non-Binary", "73851", "2010-2-17");
INSERT INTO researcher (researcher_id,first_name,last_name,birthdate,gender,organization_id,datework) VALUES ("71050", "Nathan", "Pittman", "1982-2-16", "Male", "67534", "2020-2-18");
INSERT INTO researcher (researcher_id,first_name,last_name,birthdate,gender,organization_id,datework) VALUES ("16172", "Paul", "Hall", "1991-8-26", "Male", "11783", "2016-9-24");
INSERT INTO researcher (researcher_id,first_name,last_name,birthdate,gender,organization_id,datework) VALUES ("30775", "Marisa", "Wong", "1970-2-8", "Non-Binary", "38767", "2011-7-4");
INSERT INTO researcher (researcher_id,first_name,last_name,birthdate,gender,organization_id,datework) VALUES ("56547", "James", "Williams", "1983-11-27", "Female", "14713", "2014-6-8");
INSERT INTO researcher (researcher_id,first_name,last_name,birthdate,gender,organization_id,datework) VALUES ("88771", "Ryan", "Hernandez", "1992-11-3", "Female", "47349", "2011-8-14");
INSERT INTO researcher (researcher_id,first_name,last_name,birthdate,gender,organization_id,datework) VALUES ("44926", "Joseph", "Anderson", "1974-7-13", "Non-Binary", "44966", "2015-4-3");
INSERT INTO researcher (researcher_id,first_name,last_name,birthdate,gender,organization_id,datework) VALUES ("19878", "Kim", "Palmer", "1978-11-12", "Female", "84659", "2019-5-22");
INSERT INTO researcher (researcher_id,first_name,last_name,birthdate,gender,organization_id,datework) VALUES ("94786", "Rebecca", "Smith", "1995-2-6", "Non-Binary", "42862", "2012-5-3");
INSERT INTO researcher (researcher_id,first_name,last_name,birthdate,gender,organization_id,datework) VALUES ("97934", "David", "Williams", "1969-3-21", "Male", "74841", "2013-9-23");
INSERT INTO researcher (researcher_id,first_name,last_name,birthdate,gender,organization_id,datework) VALUES ("94170", "Stephen", "Berry", "1982-4-4", "Female", "63060", "2018-5-4");
INSERT INTO researcher (researcher_id,first_name,last_name,birthdate,gender,organization_id,datework) VALUES ("93965", "Dawn", "Brown", "1980-12-14", "Male", "34023", "2017-12-21");
INSERT INTO researcher (researcher_id,first_name,last_name,birthdate,gender,organization_id,datework) VALUES ("59663", "Dean", "Nichols", "1991-6-7", "Non-Binary", "19858", "2019-4-23");
INSERT INTO researcher (researcher_id,first_name,last_name,birthdate,gender,organization_id,datework) VALUES ("57302", "Lisa", "Blackwell", "1965-10-27", "Non-Binary", "30788", "2020-9-23");
INSERT INTO researcher (researcher_id,first_name,last_name,birthdate,gender,organization_id,datework) VALUES ("14467", "Megan", "Campbell", "1965-8-16", "Female", "28588", "2011-12-7");
INSERT INTO researcher (researcher_id,first_name,last_name,birthdate,gender,organization_id,datework) VALUES ("40210", "Samantha", "Daniels", "1969-8-3", "Female", "46743", "2015-2-21");
INSERT INTO researcher (researcher_id,first_name,last_name,birthdate,gender,organization_id,datework) VALUES ("18415", "Frank", "Norton", "1975-12-26", "Male", "88850", "2022-6-26");
INSERT INTO researcher (researcher_id,first_name,last_name,birthdate,gender,organization_id,datework) VALUES ("71478", "Laura", "Mcdowell", "1986-12-28", "Non-Binary", "58611", "2020-5-20");
INSERT INTO researcher (researcher_id,first_name,last_name,birthdate,gender,organization_id,datework) VALUES ("29530", "Alexander", "Walsh", "1973-10-19", "Female", "76059", "2020-2-22");
INSERT INTO researcher (researcher_id,first_name,last_name,birthdate,gender,organization_id,datework) VALUES ("88342", "Rodney", "Garza", "2000-11-22", "Non-Binary", "32241", "2014-2-24");
INSERT INTO researcher (researcher_id,first_name,last_name,birthdate,gender,organization_id,datework) VALUES ("30166", "Michael", "Bryant", "1965-6-1", "Non-Binary", "68654", "2014-7-13");
INSERT INTO researcher (researcher_id,first_name,last_name,birthdate,gender,organization_id,datework) VALUES ("11023", "Micheal", "Fisher", "1996-4-4", "Female", "60492", "2020-10-14");
INSERT INTO researcher (researcher_id,first_name,last_name,birthdate,gender,organization_id,datework) VALUES ("68312", "Pamela", "Thomas", "1981-9-14", "Male", "66632", "2021-8-12");
INSERT INTO researcher (researcher_id,first_name,last_name,birthdate,gender,organization_id,datework) VALUES ("15596", "Sarah", "Nunez", "1982-5-17", "Female", "52918", "2017-8-28");
INSERT INTO researcher (researcher_id,first_name,last_name,birthdate,gender,organization_id,datework) VALUES ("59200", "John", "James", "1967-8-8", "Female", "96697", "2016-10-15");
INSERT INTO researcher (researcher_id,first_name,last_name,birthdate,gender,organization_id,datework) VALUES ("47464", "Courtney", "Watkins", "1979-9-4", "Non-Binary", "34040", "2020-6-8");
INSERT INTO researcher (researcher_id,first_name,last_name,birthdate,gender,organization_id,datework) VALUES ("31139", "Michael", "Gordon", "1987-8-22", "Female", "82902", "2014-11-6");
INSERT INTO researcher (researcher_id,first_name,last_name,birthdate,gender,organization_id,datework) VALUES ("98111", "Barbara", "Martin", "1989-7-4", "Male", "87940", "2019-3-5");
INSERT INTO researcher (researcher_id,first_name,last_name,birthdate,gender,organization_id,datework) VALUES ("29186", "Christine", "Bradley", "1999-12-5", "Non-Binary", "42862", "2012-5-7");
INSERT INTO researcher (researcher_id,first_name,last_name,birthdate,gender,organization_id,datework) VALUES ("91069", "William", "Strong", "1985-12-21", "Non-Binary", "66632", "2018-7-27");
INSERT INTO researcher (researcher_id,first_name,last_name,birthdate,gender,organization_id,datework) VALUES ("25772", "Brett", "Bowman", "1995-3-3", "Non-Binary", "63060", "2019-9-16");
INSERT INTO researcher (researcher_id,first_name,last_name,birthdate,gender,organization_id,datework) VALUES ("11111", "Adam", "Henderson", "1956-5-7", "Female", "46743", "2015-7-23");
INSERT INTO researcher (researcher_id,first_name,last_name,birthdate,gender,organization_id,datework) VALUES ("14806", "Sara", "Yates", "1956-12-21", "Male", "82902", "2013-3-17");
INSERT INTO researcher (researcher_id,first_name,last_name,birthdate,gender,organization_id,datework) VALUES ("86299", "Katie", "Robinson", "1970-8-20", "Female", "30788", "2013-4-6");
INSERT INTO researcher (researcher_id,first_name,last_name,birthdate,gender,organization_id,datework) VALUES ("12507", "Sue", "Stephens", "1957-4-1", "Non-Binary", "88850", "2020-10-6");
INSERT INTO researcher (researcher_id,first_name,last_name,birthdate,gender,organization_id,datework) VALUES ("97733", "Victoria", "Kaufman", "1954-12-19", "Male", "58611", "2014-4-13");
INSERT INTO researcher (researcher_id,first_name,last_name,birthdate,gender,organization_id,datework) VALUES ("15339", "Catherine", "Howard", "2000-2-3", "Male", "42862", "2019-8-14");
INSERT INTO researcher (researcher_id,first_name,last_name,birthdate,gender,organization_id,datework) VALUES ("89515", "Jay", "Reed", "1996-10-20", "Male", "60492", "2014-10-2");
INSERT INTO researcher (researcher_id,first_name,last_name,birthdate,gender,organization_id,datework) VALUES ("40945", "Samantha", "Thomas", "1985-9-9", "Male", "52918", "2016-12-21");
INSERT INTO researcher (researcher_id,first_name,last_name,birthdate,gender,organization_id,datework) VALUES ("91593", "David", "Williams", "1992-6-10", "Female", "76059", "2013-8-14");
INSERT INTO researcher (researcher_id,first_name,last_name,birthdate,gender,organization_id,datework) VALUES ("16599", "Ashley", "Ramirez", "1968-11-3", "Female", "63060", "2022-3-26");
INSERT INTO researcher (researcher_id,first_name,last_name,birthdate,gender,organization_id,datework) VALUES ("65840", "Holly", "Mcdaniel", "1991-1-17", "Female", "19858", "2020-11-19");
INSERT INTO researcher (researcher_id,first_name,last_name,birthdate,gender,organization_id,datework) VALUES ("60413", "Vincent", "Martinez", "1955-10-6", "Male", "87940", "2022-12-26");
INSERT INTO researcher (researcher_id,first_name,last_name,birthdate,gender,organization_id,datework) VALUES ("52861", "Meredith", "Smith", "1972-4-7", "Female", "47349", "2015-5-26");
INSERT INTO researcher (researcher_id,first_name,last_name,birthdate,gender,organization_id,datework) VALUES ("58165", "Robin", "Thomas", "1989-3-11", "Female", "19858", "2019-12-1");
INSERT INTO researcher (researcher_id,first_name,last_name,birthdate,gender,organization_id,datework) VALUES ("73124", "Michelle", "Cruz", "1954-3-23", "Non-Binary", "67534", "2014-11-10");
INSERT INTO researcher (researcher_id,first_name,last_name,birthdate,gender,organization_id,datework) VALUES ("43492", "Daniel", "Harrell", "1953-11-4", "Non-Binary", "82902", "2019-12-25");
INSERT INTO researcher (researcher_id,first_name,last_name,birthdate,gender,organization_id,datework) VALUES ("17066", "Sara", "Burgess", "1969-11-15", "Female", "47349", "2018-8-7");
INSERT INTO researcher (researcher_id,first_name,last_name,birthdate,gender,organization_id,datework) VALUES ("38688", "Blake", "Ortega", "1957-5-15", "Non-Binary", "96697", "2011-7-20");
INSERT INTO researcher (researcher_id,first_name,last_name,birthdate,gender,organization_id,datework) VALUES ("52753", "Victor", "Foley", "1972-9-19", "Female", "52918", "2014-3-24");
INSERT INTO researcher (researcher_id,first_name,last_name,birthdate,gender,organization_id,datework) VALUES ("48074", "Kristy", "Myers", "1980-2-17", "Male", "44966", "2017-10-19");
INSERT INTO researcher (researcher_id,first_name,last_name,birthdate,gender,organization_id,datework) VALUES ("86494", "Vanessa", "Navarro", "2000-8-25", "Male", "74841", "2017-3-18");
INSERT INTO researcher (researcher_id,first_name,last_name,birthdate,gender,organization_id,datework) VALUES ("30759", "Dawn", "Francis", "1998-3-27", "Male", "96697", "2017-3-27");
INSERT INTO researcher (researcher_id,first_name,last_name,birthdate,gender,organization_id,datework) VALUES ("59915", "Christy", "Wade", "1986-10-24", "Female", "60492", "2011-2-15");
INSERT INTO researcher (researcher_id,first_name,last_name,birthdate,gender,organization_id,datework) VALUES ("22121", "Kevin", "Green", "1994-9-19", "Non-Binary", "63060", "2010-5-19");
INSERT INTO researcher (researcher_id,first_name,last_name,birthdate,gender,organization_id,datework) VALUES ("30130", "Mallory", "Cooper", "1972-9-10", "Female", "74841", "2011-11-14");
INSERT INTO researcher (researcher_id,first_name,last_name,birthdate,gender,organization_id,datework) VALUES ("50016", "Christine", "Martinez", "1953-4-26", "Female", "66632", "2014-2-24");
INSERT INTO researcher (researcher_id,first_name,last_name,birthdate,gender,organization_id,datework) VALUES ("58895", "Tracy", "Alexander", "1984-1-15", "Non-Binary", "82902", "2018-3-25");
INSERT INTO researcher (researcher_id,first_name,last_name,birthdate,gender,organization_id,datework) VALUES ("40124", "Mary", "Davis", "1978-4-12", "Male", "67534", "2012-4-14");
INSERT INTO researcher (researcher_id,first_name,last_name,birthdate,gender,organization_id,datework) VALUES ("56345", "Steven", "Santos", "1952-10-10", "Male", "30788", "2014-11-6");
INSERT INTO researcher (researcher_id,first_name,last_name,birthdate,gender,organization_id,datework) VALUES ("22590", "Sandra", "Martin", "1994-10-22", "Female", "47349", "2016-2-6");
INSERT INTO researcher (researcher_id,first_name,last_name,birthdate,gender,organization_id,datework) VALUES ("63240", "Isaac", "Smith", "1965-3-23", "Female", "34040", "2022-2-4");
INSERT INTO researcher (researcher_id,first_name,last_name,birthdate,gender,organization_id,datework) VALUES ("26770", "Jose", "Brown", "1955-7-23", "Non-Binary", "96697", "2012-9-2");
INSERT INTO researcher (researcher_id,first_name,last_name,birthdate,gender,organization_id,datework) VALUES ("44731", "Christine", "Richmond", "1954-5-24", "Male", "32241", "2019-10-23");
INSERT INTO researcher (researcher_id,first_name,last_name,birthdate,gender,organization_id,datework) VALUES ("24862", "Anna", "Holmes", "1973-9-5", "Female", "34040", "2015-6-2");
INSERT INTO researcher (researcher_id,first_name,last_name,birthdate,gender,organization_id,datework) VALUES ("24048", "Jessica", "Johnston", "1980-1-1", "Male", "74841", "2022-8-10");
INSERT INTO researcher (researcher_id,first_name,last_name,birthdate,gender,organization_id,datework) VALUES ("87942", "Amber", "Davis", "1989-9-14", "Male", "63060", "2018-9-4");
INSERT INTO researcher (researcher_id,first_name,last_name,birthdate,gender,organization_id,datework) VALUES ("97512", "Donald", "Horn", "1956-4-21", "Non-Binary", "11783", "2015-5-3");
INSERT INTO researcher (researcher_id,first_name,last_name,birthdate,gender,organization_id,datework) VALUES ("80950", "Harold", "Whitney", "1999-1-27", "Male", "42862", "2013-2-23");
INSERT INTO researcher (researcher_id,first_name,last_name,birthdate,gender,organization_id,datework) VALUES ("15257", "Mikayla", "Graham", "1978-11-13", "Male", "74841", "2017-2-24");
INSERT INTO researcher (researcher_id,first_name,last_name,birthdate,gender,organization_id,datework) VALUES ("46915", "Calvin", "Hobbs", "1995-6-18", "Female", "32241", "2022-10-13");
INSERT INTO researcher (researcher_id,first_name,last_name,birthdate,gender,organization_id,datework) VALUES ("89654", "John", "Castro", "1999-10-24", "Non-Binary", "58217", "2010-2-7");
INSERT INTO researcher (researcher_id,first_name,last_name,birthdate,gender,organization_id,datework) VALUES ("33698", "Natalie", "Walls", "1955-3-1", "Non-Binary", "76059", "2022-1-16");
INSERT INTO researcher (researcher_id,first_name,last_name,birthdate,gender,organization_id,datework) VALUES ("90784", "Ronald", "Bradley", "1972-3-22", "Male", "46743", "2019-2-14");
INSERT INTO researcher (researcher_id,first_name,last_name,birthdate,gender,organization_id,datework) VALUES ("34965", "Corey", "Gilbert", "1957-12-16", "Non-Binary", "38767", "2018-2-17");
INSERT INTO researcher (researcher_id,first_name,last_name,birthdate,gender,organization_id,datework) VALUES ("63683", "Carla", "Burch", "1998-11-27", "Female", "38767", "2012-10-17");
INSERT INTO researcher (researcher_id,first_name,last_name,birthdate,gender,organization_id,datework) VALUES ("16456", "William", "Casey", "1983-11-26", "Female", "73851", "2010-6-22");
INSERT INTO researcher (researcher_id,first_name,last_name,birthdate,gender,organization_id,datework) VALUES ("53360", "Karl", "Holland", "1977-12-21", "Female", "60492", "2020-11-15");
INSERT INTO researcher (researcher_id,first_name,last_name,birthdate,gender,organization_id,datework) VALUES ("22835", "Robert", "Jensen", "1978-8-2", "Non-Binary", "34023", "2012-9-7");
INSERT INTO researcher (researcher_id,first_name,last_name,birthdate,gender,organization_id,datework) VALUES ("24070", "Amy", "Reed", "1977-9-10", "Female", "63060", "2019-10-21");
INSERT INTO researcher (researcher_id,first_name,last_name,birthdate,gender,organization_id,datework) VALUES ("82529", "Katie", "Peters", "1983-6-6", "Non-Binary", "30788", "2011-7-27");
INSERT INTO researcher (researcher_id,first_name,last_name,birthdate,gender,organization_id,datework) VALUES ("47358", "Carl", "Vasquez", "1976-11-2", "Non-Binary", "52918", "2013-11-22");
INSERT INTO researcher (researcher_id,first_name,last_name,birthdate,gender,organization_id,datework) VALUES ("97307", "James", "Cardenas", "1952-2-9", "Non-Binary", "66632", "2015-1-14");
INSERT INTO researcher (researcher_id,first_name,last_name,birthdate,gender,organization_id,datework) VALUES ("65931", "Jason", "Harmon", "1987-8-3", "Male", "87940", "2020-10-16");
INSERT INTO researcher (researcher_id,first_name,last_name,birthdate,gender,organization_id,datework) VALUES ("73393", "Sheila", "Lopez", "1971-12-27", "Non-Binary", "38767", "2010-2-13");
INSERT INTO researcher (researcher_id,first_name,last_name,birthdate,gender,organization_id,datework) VALUES ("57074", "Paul", "Davis", "1966-7-28", "Male", "28588", "2017-10-4");
INSERT INTO researcher (researcher_id,first_name,last_name,birthdate,gender,organization_id,datework) VALUES ("82784", "John", "Soto", "1958-5-22", "Non-Binary", "67534", "2017-2-16");
INSERT INTO researcher (researcher_id,first_name,last_name,birthdate,gender,organization_id,datework) VALUES ("81771", "Amy", "Stewart", "1994-11-24", "Non-Binary", "44966", "2014-5-10");
INSERT INTO researcher (researcher_id,first_name,last_name,birthdate,gender,organization_id,datework) VALUES ("52058", "James", "Brown", "1962-9-8", "Non-Binary", "58611", "2020-6-5");
INSERT INTO researcher (researcher_id,first_name,last_name,birthdate,gender,organization_id,datework) VALUES ("66460", "David", "Hunter", "1980-9-3", "Male", "32241", "2017-7-28");
INSERT INTO researcher (researcher_id,first_name,last_name,birthdate,gender,organization_id,datework) VALUES ("14092", "Katie", "Ferrell", "1989-10-7", "Non-Binary", "73851", "2019-11-3");
INSERT INTO researcher (researcher_id,first_name,last_name,birthdate,gender,organization_id,datework) VALUES ("88764", "David", "Vaughan", "1970-5-8", "Female", "60492", "2017-6-28");
INSERT INTO researcher (researcher_id,first_name,last_name,birthdate,gender,organization_id,datework) VALUES ("76670", "Jeffrey", "Proctor", "1981-12-3", "Male", "87940", "2018-7-21");
INSERT INTO researcher (researcher_id,first_name,last_name,birthdate,gender,organization_id,datework) VALUES ("61550", "David", "Fernandez", "1983-5-26", "Male", "58611", "2010-9-1");
INSERT INTO researcher (researcher_id,first_name,last_name,birthdate,gender,organization_id,datework) VALUES ("48024", "Garrett", "Obrien", "1996-4-6", "Female", "68654", "2019-6-26");
INSERT INTO researcher (researcher_id,first_name,last_name,birthdate,gender,organization_id,datework) VALUES ("43969", "John", "Hill", "1954-7-14", "Non-Binary", "42862", "2020-6-27");
INSERT INTO researcher (researcher_id,first_name,last_name,birthdate,gender,organization_id,datework) VALUES ("13512", "Renee", "Stephens", "1988-11-3", "Female", "19858", "2010-10-6");
INSERT INTO researcher (researcher_id,first_name,last_name,birthdate,gender,organization_id,datework) VALUES ("90238", "Alyssa", "Brooks", "1965-4-27", "Female", "30788", "2011-11-15");
INSERT INTO researcher (researcher_id,first_name,last_name,birthdate,gender,organization_id,datework) VALUES ("56834", "Jennifer", "Woodard", "1973-11-2", "Female", "96697", "2017-10-23");
INSERT INTO researcher (researcher_id,first_name,last_name,birthdate,gender,organization_id,datework) VALUES ("34826", "Chase", "Webb", "1973-7-10", "Non-Binary", "47349", "2019-8-14");
INSERT INTO researcher (researcher_id,first_name,last_name,birthdate,gender,organization_id,datework) VALUES ("47602", "Gary", "Floyd", "1998-7-17", "Male", "19858", "2022-9-5");
INSERT INTO researcher (researcher_id,first_name,last_name,birthdate,gender,organization_id,datework) VALUES ("74188", "Sarah", "Morgan", "1965-3-10", "Non-Binary", "42862", "2017-3-26");
INSERT INTO researcher (researcher_id,first_name,last_name,birthdate,gender,organization_id,datework) VALUES ("91500", "Tanner", "Higgins", "1956-1-22", "Male", "14713", "2020-5-21");
INSERT INTO researcher (researcher_id,first_name,last_name,birthdate,gender,organization_id,datework) VALUES ("54558", "Eric", "Bowman", "1970-10-28", "Male", "58611", "2013-5-23");
INSERT INTO researcher (researcher_id,first_name,last_name,birthdate,gender,organization_id,datework) VALUES ("47617", "Eric", "Long", "1967-12-22", "Male", "96697", "2021-11-9");
INSERT INTO researcher (researcher_id,first_name,last_name,birthdate,gender,organization_id,datework) VALUES ("78302", "Alexis", "Oliver", "1961-4-24", "Female", "47349", "2022-7-14");
INSERT INTO researcher (researcher_id,first_name,last_name,birthdate,gender,organization_id,datework) VALUES ("97412", "Amy", "Davis", "1976-12-13", "Female", "44966", "2022-1-12");
INSERT INTO researcher (researcher_id,first_name,last_name,birthdate,gender,organization_id,datework) VALUES ("16597", "Alan", "Ross", "1976-9-16", "Male", "34040", "2012-7-23");
INSERT INTO researcher (researcher_id,first_name,last_name,birthdate,gender,organization_id,datework) VALUES ("54894", "Danielle", "Phelps", "1988-9-22", "Non-Binary", "30788", "2019-10-15");
INSERT INTO researcher (researcher_id,first_name,last_name,birthdate,gender,organization_id,datework) VALUES ("14652", "George", "Fletcher", "1974-1-20", "Female", "66632", "2011-11-19");
INSERT INTO researcher (researcher_id,first_name,last_name,birthdate,gender,organization_id,datework) VALUES ("88713", "Chelsea", "Gutierrez", "1969-1-10", "Female", "82902", "2011-3-2");
INSERT INTO researcher (researcher_id,first_name,last_name,birthdate,gender,organization_id,datework) VALUES ("96575", "Vincent", "Velazquez", "1956-9-24", "Non-Binary", "87940", "2010-11-12");
INSERT INTO researcher (researcher_id,first_name,last_name,birthdate,gender,organization_id,datework) VALUES ("44554", "Kim", "Pennington", "1956-8-22", "Male", "73851", "2017-5-13");
INSERT INTO researcher (researcher_id,first_name,last_name,birthdate,gender,organization_id,datework) VALUES ("22922", "Shane", "Roberts", "1954-11-14", "Female", "84659", "2010-1-11");
INSERT INTO researcher (researcher_id,first_name,last_name,birthdate,gender,organization_id,datework) VALUES ("67096", "Vanessa", "Perez", "1986-6-12", "Male", "82902", "2022-7-2");
INSERT INTO researcher (researcher_id,first_name,last_name,birthdate,gender,organization_id,datework) VALUES ("47182", "Jason", "Nguyen", "1975-3-17", "Female", "42862", "2012-8-14");
INSERT INTO researcher (researcher_id,first_name,last_name,birthdate,gender,organization_id,datework) VALUES ("72626", "Timothy", "Washington", "1965-2-17", "Non-Binary", "60492", "2022-8-8");
INSERT INTO researcher (researcher_id,first_name,last_name,birthdate,gender,organization_id,datework) VALUES ("36576", "Monica", "Torres", "1988-12-25", "Female", "42862", "2021-4-7");
INSERT INTO researcher (researcher_id,first_name,last_name,birthdate,gender,organization_id,datework) VALUES ("48006", "Paul", "Jensen", "1959-8-21", "Male", "84659", "2016-3-28");
INSERT INTO researcher (researcher_id,first_name,last_name,birthdate,gender,organization_id,datework) VALUES ("68809", "Curtis", "Whitehead", "2000-1-19", "Female", "67534", "2012-7-10");
INSERT INTO researcher (researcher_id,first_name,last_name,birthdate,gender,organization_id,datework) VALUES ("96551", "Kevin", "Cooper", "1976-6-7", "Female", "84659", "2022-2-6");
INSERT INTO researcher (researcher_id,first_name,last_name,birthdate,gender,organization_id,datework) VALUES ("26529", "Johnny", "Moore", "1998-6-26", "Male", "67534", "2015-10-28");
INSERT INTO researcher (researcher_id,first_name,last_name,birthdate,gender,organization_id,datework) VALUES ("18345", "Karen", "Jones", "1996-2-10", "Non-Binary", "74841", "2017-3-26");
INSERT INTO researcher (researcher_id,first_name,last_name,birthdate,gender,organization_id,datework) VALUES ("35074", "John", "Rivas", "1954-12-3", "Male", "30788", "2021-7-9");
INSERT INTO researcher (researcher_id,first_name,last_name,birthdate,gender,organization_id,datework) VALUES ("65107", "Katherine", "Reyes", "1992-6-7", "Male", "60492", "2014-12-8");
INSERT INTO researcher (researcher_id,first_name,last_name,birthdate,gender,organization_id,datework) VALUES ("44372", "Jeffrey", "Griffith", "1975-10-2", "Female", "58217", "2016-5-15");
INSERT INTO researcher (researcher_id,first_name,last_name,birthdate,gender,organization_id,datework) VALUES ("59791", "Joseph", "Hayes", "1959-12-11", "Non-Binary", "34023", "2016-6-12");
INSERT INTO researcher (researcher_id,first_name,last_name,birthdate,gender,organization_id,datework) VALUES ("72283", "Angela", "Sullivan", "1987-2-11", "Non-Binary", "60492", "2019-11-24");
INSERT INTO researcher (researcher_id,first_name,last_name,birthdate,gender,organization_id,datework) VALUES ("90545", "Carla", "Pace", "1956-8-11", "Male", "46743", "2020-5-10");
INSERT INTO researcher (researcher_id,first_name,last_name,birthdate,gender,organization_id,datework) VALUES ("50131", "George", "Mueller", "1996-3-17", "Female", "34023", "2021-4-27");
INSERT INTO researcher (researcher_id,first_name,last_name,birthdate,gender,organization_id,datework) VALUES ("54468", "Mark", "Owens", "1976-7-13", "Non-Binary", "38767", "2022-10-19");
INSERT INTO researcher (researcher_id,first_name,last_name,birthdate,gender,organization_id,datework) VALUES ("32851", "Michael", "Webster", "1994-9-12", "Male", "11783", "2019-2-13");
INSERT INTO researcher (researcher_id,first_name,last_name,birthdate,gender,organization_id,datework) VALUES ("22918", "Lisa", "Torres", "1965-5-18", "Non-Binary", "63060", "2012-7-21");
INSERT INTO researcher (researcher_id,first_name,last_name,birthdate,gender,organization_id,datework) VALUES ("28632", "Antonio", "Mendoza", "1992-4-7", "Female", "66632", "2017-2-9");
INSERT INTO researcher (researcher_id,first_name,last_name,birthdate,gender,organization_id,datework) VALUES ("29059", "Jeffery", "Tate", "1974-11-10", "Non-Binary", "74841", "2010-4-20");
INSERT INTO researcher (researcher_id,first_name,last_name,birthdate,gender,organization_id,datework) VALUES ("31800", "Sandra", "Ramos", "1981-4-15", "Non-Binary", "47349", "2018-1-5");
INSERT INTO researcher (researcher_id,first_name,last_name,birthdate,gender,organization_id,datework) VALUES ("13245", "Keith", "Horn", "1952-4-19", "Female", "47349", "2014-8-3");
INSERT INTO researcher (researcher_id,first_name,last_name,birthdate,gender,organization_id,datework) VALUES ("74033", "Jamie", "Carter", "1992-6-3", "Non-Binary", "47349", "2011-3-23");
INSERT INTO researcher (researcher_id,first_name,last_name,birthdate,gender,organization_id,datework) VALUES ("14797", "Adam", "Larson", "1992-10-20", "Female", "96697", "2016-4-22");
INSERT INTO researcher (researcher_id,first_name,last_name,birthdate,gender,organization_id,datework) VALUES ("20763", "Edward", "Richardson", "1975-4-13", "Non-Binary", "47349", "2013-7-3");
INSERT INTO researcher (researcher_id,first_name,last_name,birthdate,gender,organization_id,datework) VALUES ("11223", "Diana", "West", "1960-3-23", "Male", "76059", "2015-10-17");
INSERT INTO researcher (researcher_id,first_name,last_name,birthdate,gender,organization_id,datework) VALUES ("29207", "Bobby", "Macias", "1991-12-2", "Non-Binary", "88850", "2022-2-5");
INSERT INTO researcher (researcher_id,first_name,last_name,birthdate,gender,organization_id,datework) VALUES ("94162", "Daniel", "Johnson", "1962-7-12", "Female", "46743", "2012-12-23");
INSERT INTO researcher (researcher_id,first_name,last_name,birthdate,gender,organization_id,datework) VALUES ("40959", "Lisa", "Rodriguez", "1995-3-13", "Male", "28588", "2016-11-4");
INSERT INTO researcher (researcher_id,first_name,last_name,birthdate,gender,organization_id,datework) VALUES ("77810", "Scott", "Blackwell", "1967-12-6", "Male", "67534", "2011-4-25");
INSERT INTO researcher (researcher_id,first_name,last_name,birthdate,gender,organization_id,datework) VALUES ("62544", "Crystal", "Morgan", "1982-3-16", "Male", "19858", "2021-9-21");
INSERT INTO researcher (researcher_id,first_name,last_name,birthdate,gender,organization_id,datework) VALUES ("61352", "Nicholas", "Patterson", "1974-11-27", "Non-Binary", "58611", "2022-7-22");
INSERT INTO researcher (researcher_id,first_name,last_name,birthdate,gender,organization_id,datework) VALUES ("29337", "Emily", "Flores", "1980-7-10", "Non-Binary", "52918", "2011-1-8");
INSERT INTO researcher (researcher_id,first_name,last_name,birthdate,gender,organization_id,datework) VALUES ("12423", "Hunter", "Warren", "1962-8-17", "Male", "47349", "2014-9-18");
INSERT INTO researcher (researcher_id,first_name,last_name,birthdate,gender,organization_id,datework) VALUES ("47981", "Scott", "Williams", "1994-7-21", "Female", "14713", "2014-2-14");
INSERT INTO researcher (researcher_id,first_name,last_name,birthdate,gender,organization_id,datework) VALUES ("64993", "Jeanette", "Wells", "1991-3-4", "Male", "74841", "2014-9-10");
INSERT INTO researcher (researcher_id,first_name,last_name,birthdate,gender,organization_id,datework) VALUES ("89753", "Kevin", "Gibson", "1969-8-11", "Non-Binary", "28588", "2011-7-5");
INSERT INTO researcher (researcher_id,first_name,last_name,birthdate,gender,organization_id,datework) VALUES ("81155", "Glenn", "Mcgrath", "1970-6-20", "Male", "38767", "2017-8-25");
INSERT INTO researcher (researcher_id,first_name,last_name,birthdate,gender,organization_id,datework) VALUES ("95394", "Sean", "Ortiz", "1953-7-16", "Non-Binary", "63060", "2011-10-1");
INSERT INTO researcher (researcher_id,first_name,last_name,birthdate,gender,organization_id,datework) VALUES ("31926", "Patty", "Cooper", "1995-1-15", "Male", "42862", "2013-3-18");
INSERT INTO researcher (researcher_id,first_name,last_name,birthdate,gender,organization_id,datework) VALUES ("50866", "Jesse", "Roberts", "1982-7-1", "Male", "38767", "2021-1-16");
INSERT INTO researcher (researcher_id,first_name,last_name,birthdate,gender,organization_id,datework) VALUES ("65165", "Sherry", "Lopez", "1979-8-15", "Male", "34023", "2019-11-4");
INSERT INTO researcher (researcher_id,first_name,last_name,birthdate,gender,organization_id,datework) VALUES ("23736", "Hannah", "Lynch", "1966-11-10", "Non-Binary", "84659", "2020-1-27");
INSERT INTO researcher (researcher_id,first_name,last_name,birthdate,gender,organization_id,datework) VALUES ("10384", "Mary", "Rodriguez", "1988-5-15", "Non-Binary", "32241", "2017-8-12");
INSERT INTO researcher (researcher_id,first_name,last_name,birthdate,gender,organization_id,datework) VALUES ("91389", "Jeremy", "Bell", "1976-3-6", "Male", "63060", "2011-7-21");
INSERT INTO researcher (researcher_id,first_name,last_name,birthdate,gender,organization_id,datework) VALUES ("27749", "Leonard", "Richardson", "1991-10-18", "Female", "11783", "2015-10-20");
INSERT INTO researcher (researcher_id,first_name,last_name,birthdate,gender,organization_id,datework) VALUES ("67684", "Andrew", "Rasmussen", "1959-9-17", "Non-Binary", "58611", "2010-7-22");
INSERT INTO researcher (researcher_id,first_name,last_name,birthdate,gender,organization_id,datework) VALUES ("54162", "Lawrence", "Crawford", "1957-1-3", "Non-Binary", "82902", "2013-4-15");
INSERT INTO researcher (researcher_id,first_name,last_name,birthdate,gender,organization_id,datework) VALUES ("14002", "Michelle", "Rogers", "1969-9-12", "Non-Binary", "58611", "2014-5-21");
INSERT INTO researcher (researcher_id,first_name,last_name,birthdate,gender,organization_id,datework) VALUES ("54740", "Stephanie", "Fowler", "1976-8-5", "Female", "32241", "2014-8-9");
INSERT INTO researcher (researcher_id,first_name,last_name,birthdate,gender,organization_id,datework) VALUES ("78229", "Nicolas", "Davis", "1993-1-21", "Non-Binary", "34023", "2019-6-23");
INSERT INTO researcher (researcher_id,first_name,last_name,birthdate,gender,organization_id,datework) VALUES ("63903", "Gabriel", "Collier", "2000-12-9", "Non-Binary", "66632", "2018-2-2");
INSERT INTO researcher (researcher_id,first_name,last_name,birthdate,gender,organization_id,datework) VALUES ("78252", "Carol", "Smith", "1966-7-18", "Non-Binary", "66632", "2013-10-28");
INSERT INTO researcher (researcher_id,first_name,last_name,birthdate,gender,organization_id,datework) VALUES ("76666", "Lori", "Hodge", "1984-2-4", "Male", "47349", "2016-7-15");
INSERT INTO researcher (researcher_id,first_name,last_name,birthdate,gender,organization_id,datework) VALUES ("43418", "Sarah", "Duncan", "1975-5-6", "Non-Binary", "42862", "2014-3-20");
INSERT INTO researcher (researcher_id,first_name,last_name,birthdate,gender,organization_id,datework) VALUES ("24058", "Christina", "Peterson", "1984-2-28", "Male", "44966", "2016-11-9");
INSERT INTO researcher (researcher_id,first_name,last_name,birthdate,gender,organization_id,datework) VALUES ("14825", "Bradley", "Baker", "1950-6-21", "Male", "44966", "2017-6-22");
INSERT INTO researcher (researcher_id,first_name,last_name,birthdate,gender,organization_id,datework) VALUES ("48045", "David", "Guzman", "1969-9-2", "Female", "28588", "2017-3-13");
INSERT INTO researcher (researcher_id,first_name,last_name,birthdate,gender,organization_id,datework) VALUES ("17311", "Katherine", "Patel", "1997-10-11", "Male", "76059", "2013-7-10");
INSERT INTO researcher (researcher_id,first_name,last_name,birthdate,gender,organization_id,datework) VALUES ("63622", "Joel", "Pierce", "1976-12-5", "Female", "30788", "2019-2-9");
INSERT INTO researcher (researcher_id,first_name,last_name,birthdate,gender,organization_id,datework) VALUES ("35401", "Kevin", "Moore", "1995-2-18", "Non-Binary", "84659", "2021-9-19");
INSERT INTO researcher (researcher_id,first_name,last_name,birthdate,gender,organization_id,datework) VALUES ("52821", "Carrie", "Wyatt", "1977-11-23", "Female", "66632", "2022-10-11");
INSERT INTO researcher (researcher_id,first_name,last_name,birthdate,gender,organization_id,datework) VALUES ("86972", "Thomas", "Austin", "1952-11-26", "Non-Binary", "63060", "2010-10-14");
INSERT INTO researcher (researcher_id,first_name,last_name,birthdate,gender,organization_id,datework) VALUES ("58987", "Jerry", "West", "1990-5-24", "Male", "34040", "2016-9-5");
INSERT INTO researcher (researcher_id,first_name,last_name,birthdate,gender,organization_id,datework) VALUES ("40201", "Kimberly", "Gordon", "1952-12-18", "Female", "58217", "2010-11-2");
INSERT INTO researcher (researcher_id,first_name,last_name,birthdate,gender,organization_id,datework) VALUES ("30308", "Brandon", "Walsh", "1954-6-3", "Non-Binary", "28588", "2017-2-9");
INSERT INTO researcher (researcher_id,first_name,last_name,birthdate,gender,organization_id,datework) VALUES ("26868", "Scott", "Mercado", "1968-1-28", "Male", "28588", "2012-9-3");
INSERT INTO researcher (researcher_id,first_name,last_name,birthdate,gender,organization_id,datework) VALUES ("74439", "Kenneth", "Torres", "1978-2-6", "Female", "88850", "2013-10-27");
INSERT INTO researcher (researcher_id,first_name,last_name,birthdate,gender,organization_id,datework) VALUES ("89091", "Matthew", "Osborne", "1970-12-21", "Female", "88850", "2013-6-12");
INSERT INTO researcher (researcher_id,first_name,last_name,birthdate,gender,organization_id,datework) VALUES ("25828", "James", "Santiago", "1968-5-19", "Male", "82902", "2021-6-21");
INSERT INTO researcher (researcher_id,first_name,last_name,birthdate,gender,organization_id,datework) VALUES ("23260", "Kelly", "Brooks", "1968-11-23", "Male", "42862", "2011-10-26");
INSERT INTO researcher (researcher_id,first_name,last_name,birthdate,gender,organization_id,datework) VALUES ("54686", "Robert", "Lopez", "1975-2-11", "Non-Binary", "87940", "2018-10-7");
INSERT INTO researcher (researcher_id,first_name,last_name,birthdate,gender,organization_id,datework) VALUES ("46660", "Alexandria", "Johnson", "1955-2-14", "Male", "67534", "2018-6-1");
INSERT INTO researcher (researcher_id,first_name,last_name,birthdate,gender,organization_id,datework) VALUES ("43992", "Kimberly", "Mejia", "1974-7-4", "Male", "28588", "2010-6-11");
INSERT INTO researcher (researcher_id,first_name,last_name,birthdate,gender,organization_id,datework) VALUES ("75701", "Susan", "Wilson", "1981-8-4", "Female", "66632", "2019-5-23");
INSERT INTO researcher (researcher_id,first_name,last_name,birthdate,gender,organization_id,datework) VALUES ("54093", "William", "Parker", "1971-8-17", "Female", "96697", "2013-7-9");
INSERT INTO researcher (researcher_id,first_name,last_name,birthdate,gender,organization_id,datework) VALUES ("13769", "William", "Diaz", "1987-5-1", "Female", "34023", "2019-10-13");
INSERT INTO researcher (researcher_id,first_name,last_name,birthdate,gender,organization_id,datework) VALUES ("16583", "Annette", "Diaz", "1952-1-11", "Male", "34040", "2014-4-13");
INSERT INTO researcher (researcher_id,first_name,last_name,birthdate,gender,organization_id,datework) VALUES ("26157", "Christopher", "Ramirez", "1978-6-5", "Non-Binary", "14713", "2020-8-26");
INSERT INTO researcher (researcher_id,first_name,last_name,birthdate,gender,organization_id,datework) VALUES ("73020", "Samantha", "Rios", "1994-6-27", "Male", "46743", "2017-12-12");
INSERT INTO researcher (researcher_id,first_name,last_name,birthdate,gender,organization_id,datework) VALUES ("88673", "Frank", "David", "1975-10-6", "Female", "73851", "2018-7-11");
INSERT INTO researcher (researcher_id,first_name,last_name,birthdate,gender,organization_id,datework) VALUES ("82380", "Leonard", "Scott", "1973-1-15", "Female", "38767", "2018-12-9");
INSERT INTO researcher (researcher_id,first_name,last_name,birthdate,gender,organization_id,datework) VALUES ("46839", "Theresa", "Henderson", "1953-12-12", "Female", "84659", "2017-11-3");

-- program 
INSERT INTO program (program_id,name_pr,management) VALUES ("60547","program569","Laura Alvarez");
INSERT INTO program (program_id,name_pr,management) VALUES ("45294","program942","Curtis West");
INSERT INTO program (program_id,name_pr,management) VALUES ("55683","program293","Robert Cohen");
INSERT INTO program (program_id,name_pr,management) VALUES ("45592","program196","Christy Norton");
INSERT INTO program (program_id,name_pr,management) VALUES ("54635","program303","George Robertson");
INSERT INTO program (program_id,name_pr,management) VALUES ("53332","program575","Alan Adkins");
INSERT INTO program (program_id,name_pr,management) VALUES ("42213","program357","Alicia Castillo");
INSERT INTO program (program_id,name_pr,management) VALUES ("64965","program207","Stephanie Arias");
INSERT INTO program (program_id,name_pr,management) VALUES ("42348","program148","Lori Hodges");
INSERT INTO program (program_id,name_pr,management) VALUES ("24042","program550","Jennifer Wright");
INSERT INTO program (program_id,name_pr,management) VALUES ("52147","program443","Douglas Duke");
INSERT INTO program (program_id,name_pr,management) VALUES ("41014","program875","Patricia Wilson PhD");
INSERT INTO program (program_id,name_pr,management) VALUES ("39496","program478","Anthony Ray");
INSERT INTO program (program_id,name_pr,management) VALUES ("10132","program555","Kimberly Cardenas");
INSERT INTO program (program_id,name_pr,management) VALUES ("83693","program880","Marcus Hernandez");
INSERT INTO program (program_id,name_pr,management) VALUES ("41086","program821","Jared Singleton");
INSERT INTO program (program_id,name_pr,management) VALUES ("72558","program706","Shane Bruce");
INSERT INTO program (program_id,name_pr,management) VALUES ("78681","program747","Antonio Colon");
INSERT INTO program (program_id,name_pr,management) VALUES ("85517","program738","Juan Bush");
INSERT INTO program (program_id,name_pr,management) VALUES ("90918","program642","Dave Long");
INSERT INTO program (program_id,name_pr,management) VALUES ("18796","program254","Jason Weber");
INSERT INTO program (program_id,name_pr,management) VALUES ("69428","program211","Megan Hansen");
INSERT INTO program (program_id,name_pr,management) VALUES ("51323","program921","Lucas Pierce");
INSERT INTO program (program_id,name_pr,management) VALUES ("29803","program169","Bryan Gilbert");
INSERT INTO program (program_id,name_pr,management) VALUES ("72567","program624","Erica Adams");
INSERT INTO program (program_id,name_pr,management) VALUES ("28921","program272","Melanie Hall");
INSERT INTO program (program_id,name_pr,management) VALUES ("95315","program114","Lisa Orr");
INSERT INTO program (program_id,name_pr,management) VALUES ("14052","program996","Katie Lang");
INSERT INTO program (program_id,name_pr,management) VALUES ("48861","program505","Matthew Williams");
INSERT INTO program (program_id,name_pr,management) VALUES ("65496","program231","Michelle Peterson");
INSERT INTO program (program_id,name_pr,management) VALUES ("23830","program805","Sherry Johnson");
INSERT INTO program (program_id,name_pr,management) VALUES ("44008","program663","Tracy Thomas");
INSERT INTO program (program_id,name_pr,management) VALUES ("53853","program876","Laura Fields");
INSERT INTO program (program_id,name_pr,management) VALUES ("34382","program713","Sharon Sexton");
INSERT INTO program (program_id,name_pr,management) VALUES ("55143","program790","Jonathan Moore");
INSERT INTO program (program_id,name_pr,management) VALUES ("93733","program672","Charles Hudson");
INSERT INTO program (program_id,name_pr,management) VALUES ("41249","program659","Nathan Roberts");
INSERT INTO program (program_id,name_pr,management) VALUES ("66283","program246","Joseph Watson");
INSERT INTO program (program_id,name_pr,management) VALUES ("18069","program953","Andrew Lynn");
INSERT INTO program (program_id,name_pr,management) VALUES ("84485","program928","Dwayne Robinson");

-- scientific_field 
INSERT INTO scientific_field (scfield_id,name_scfield) VALUES ("94785","Mathematics");
INSERT INTO scientific_field (scfield_id,name_scfield) VALUES ("78674","Computer Science");
INSERT INTO scientific_field (scfield_id,name_scfield) VALUES ("48307","Physics");
INSERT INTO scientific_field (scfield_id,name_scfield) VALUES ("25898","Biology");
INSERT INTO scientific_field (scfield_id,name_scfield) VALUES ("69177","Chemistry");
INSERT INTO scientific_field (scfield_id,name_scfield) VALUES ("30526","Geology");
INSERT INTO scientific_field (scfield_id,name_scfield) VALUES ("46481","Law");
INSERT INTO scientific_field (scfield_id,name_scfield) VALUES ("11383","Natural Sciences");
INSERT INTO scientific_field (scfield_id,name_scfield) VALUES ("90274","Economics");
INSERT INTO scientific_field (scfield_id,name_scfield) VALUES ("57753","Irrelevant");

-- evaluation 
INSERT INTO evaluation (evaluation_id,grade,date_eval) VALUES ("14623","6", "2013-7-10");
INSERT INTO evaluation (evaluation_id,grade,date_eval) VALUES ("26308","5", "2014-8-2");
INSERT INTO evaluation (evaluation_id,grade,date_eval) VALUES ("92486","9", "2014-5-25");
INSERT INTO evaluation (evaluation_id,grade,date_eval) VALUES ("32731","9", "2014-8-4");
INSERT INTO evaluation (evaluation_id,grade,date_eval) VALUES ("31673","7", "2014-2-18");
INSERT INTO evaluation (evaluation_id,grade,date_eval) VALUES ("24534","7", "2014-4-12");
INSERT INTO evaluation (evaluation_id,grade,date_eval) VALUES ("97680","7", "2013-11-25");
INSERT INTO evaluation (evaluation_id,grade,date_eval) VALUES ("78048","10", "2013-7-2");
INSERT INTO evaluation (evaluation_id,grade,date_eval) VALUES ("81199","10", "2013-5-2");
INSERT INTO evaluation (evaluation_id,grade,date_eval) VALUES ("90447","5", "2014-9-2");
INSERT INTO evaluation (evaluation_id,grade,date_eval) VALUES ("57762","6", "2013-1-17");
INSERT INTO evaluation (evaluation_id,grade,date_eval) VALUES ("55449","6", "2014-9-15");
INSERT INTO evaluation (evaluation_id,grade,date_eval) VALUES ("99288","9", "2013-1-19");
INSERT INTO evaluation (evaluation_id,grade,date_eval) VALUES ("71384","6", "2014-7-16");
INSERT INTO evaluation (evaluation_id,grade,date_eval) VALUES ("54473","6", "2014-10-11");
INSERT INTO evaluation (evaluation_id,grade,date_eval) VALUES ("16601","9", "2013-6-10");
INSERT INTO evaluation (evaluation_id,grade,date_eval) VALUES ("52882","8", "2014-9-23");
INSERT INTO evaluation (evaluation_id,grade,date_eval) VALUES ("42964","5", "2013-12-23");
INSERT INTO evaluation (evaluation_id,grade,date_eval) VALUES ("98000","6", "2013-6-10");
INSERT INTO evaluation (evaluation_id,grade,date_eval) VALUES ("18809","10", "2013-3-6");
INSERT INTO evaluation (evaluation_id,grade,date_eval) VALUES ("84809","5", "2013-5-16");
INSERT INTO evaluation (evaluation_id,grade,date_eval) VALUES ("73753","6", "2013-7-10");
INSERT INTO evaluation (evaluation_id,grade,date_eval) VALUES ("71379","9", "2014-9-15");
INSERT INTO evaluation (evaluation_id,grade,date_eval) VALUES ("19551","9", "2013-2-10");
INSERT INTO evaluation (evaluation_id,grade,date_eval) VALUES ("10135","8", "2014-12-22");
INSERT INTO evaluation (evaluation_id,grade,date_eval) VALUES ("81123","6", "2014-9-24");
INSERT INTO evaluation (evaluation_id,grade,date_eval) VALUES ("27014","9", "2014-3-27");
INSERT INTO evaluation (evaluation_id,grade,date_eval) VALUES ("61697","7", "2014-3-20");
INSERT INTO evaluation (evaluation_id,grade,date_eval) VALUES ("48423","5", "2014-3-26");
INSERT INTO evaluation (evaluation_id,grade,date_eval) VALUES ("58818","7", "2013-12-21");
INSERT INTO evaluation (evaluation_id,grade,date_eval) VALUES ("97887","10", "2013-11-19");
INSERT INTO evaluation (evaluation_id,grade,date_eval) VALUES ("46709","7", "2013-7-23");
INSERT INTO evaluation (evaluation_id,grade,date_eval) VALUES ("38618","9", "2014-3-1");
INSERT INTO evaluation (evaluation_id,grade,date_eval) VALUES ("66520","7", "2014-2-4");
INSERT INTO evaluation (evaluation_id,grade,date_eval) VALUES ("18584","8", "2014-7-3");
INSERT INTO evaluation (evaluation_id,grade,date_eval) VALUES ("76762","7", "2013-5-10");
INSERT INTO evaluation (evaluation_id,grade,date_eval) VALUES ("37736","9", "2014-6-20");
INSERT INTO evaluation (evaluation_id,grade,date_eval) VALUES ("92931","9", "2013-9-27");
INSERT INTO evaluation (evaluation_id,grade,date_eval) VALUES ("63624","8", "2014-10-22");
INSERT INTO evaluation (evaluation_id,grade,date_eval) VALUES ("42467","8", "2013-6-8");
INSERT INTO evaluation (evaluation_id,grade,date_eval) VALUES ("64752","9", "2014-6-22");
INSERT INTO evaluation (evaluation_id,grade,date_eval) VALUES ("39601","6", "2014-5-2");
INSERT INTO evaluation (evaluation_id,grade,date_eval) VALUES ("41782","10", "2013-4-11");
INSERT INTO evaluation (evaluation_id,grade,date_eval) VALUES ("23718","5", "2014-6-13");
INSERT INTO evaluation (evaluation_id,grade,date_eval) VALUES ("32057","8", "2013-3-24");
INSERT INTO evaluation (evaluation_id,grade,date_eval) VALUES ("48905","10", "2013-8-11");
INSERT INTO evaluation (evaluation_id,grade,date_eval) VALUES ("16052","8", "2014-10-21");
INSERT INTO evaluation (evaluation_id,grade,date_eval) VALUES ("40350","5", "2013-9-28");
INSERT INTO evaluation (evaluation_id,grade,date_eval) VALUES ("22217","9", "2014-11-18");
INSERT INTO evaluation (evaluation_id,grade,date_eval) VALUES ("11080","5", "2014-7-15");
INSERT INTO evaluation (evaluation_id,grade,date_eval) VALUES ("81185","9", "2014-4-21");
INSERT INTO evaluation (evaluation_id,grade,date_eval) VALUES ("63876","8", "2013-5-10");
INSERT INTO evaluation (evaluation_id,grade,date_eval) VALUES ("26614","6", "2013-7-14");
INSERT INTO evaluation (evaluation_id,grade,date_eval) VALUES ("36287","8", "2013-7-6");
INSERT INTO evaluation (evaluation_id,grade,date_eval) VALUES ("59013","9", "2014-10-23");
INSERT INTO evaluation (evaluation_id,grade,date_eval) VALUES ("46793","10", "2013-6-21");
INSERT INTO evaluation (evaluation_id,grade,date_eval) VALUES ("37385","6", "2013-12-19");
INSERT INTO evaluation (evaluation_id,grade,date_eval) VALUES ("91673","6", "2013-1-23");
INSERT INTO evaluation (evaluation_id,grade,date_eval) VALUES ("62530","8", "2014-2-12");
INSERT INTO evaluation (evaluation_id,grade,date_eval) VALUES ("85827","8", "2014-11-12");
INSERT INTO evaluation (evaluation_id,grade,date_eval) VALUES ("52538","10", "2014-11-1");
INSERT INTO evaluation (evaluation_id,grade,date_eval) VALUES ("46553","10", "2014-3-25");
INSERT INTO evaluation (evaluation_id,grade,date_eval) VALUES ("45856","8", "2014-9-11");
INSERT INTO evaluation (evaluation_id,grade,date_eval) VALUES ("70204","5", "2014-4-8");
INSERT INTO evaluation (evaluation_id,grade,date_eval) VALUES ("88320","9", "2013-4-6");
INSERT INTO evaluation (evaluation_id,grade,date_eval) VALUES ("25073","9", "2014-12-24");
INSERT INTO evaluation (evaluation_id,grade,date_eval) VALUES ("94425","10", "2014-3-6");
INSERT INTO evaluation (evaluation_id,grade,date_eval) VALUES ("76359","10", "2013-11-19");
INSERT INTO evaluation (evaluation_id,grade,date_eval) VALUES ("22709","8", "2014-6-26");
INSERT INTO evaluation (evaluation_id,grade,date_eval) VALUES ("20720","10", "2013-11-3");
INSERT INTO evaluation (evaluation_id,grade,date_eval) VALUES ("44037","8", "2013-12-15");
INSERT INTO evaluation (evaluation_id,grade,date_eval) VALUES ("56389","7", "2014-3-28");
INSERT INTO evaluation (evaluation_id,grade,date_eval) VALUES ("21157","6", "2013-11-17");
INSERT INTO evaluation (evaluation_id,grade,date_eval) VALUES ("55647","6", "2013-3-18");
INSERT INTO evaluation (evaluation_id,grade,date_eval) VALUES ("61261","7", "2014-11-8");
INSERT INTO evaluation (evaluation_id,grade,date_eval) VALUES ("83358","8", "2013-7-14");
INSERT INTO evaluation (evaluation_id,grade,date_eval) VALUES ("49611","6", "2014-10-25");
INSERT INTO evaluation (evaluation_id,grade,date_eval) VALUES ("41960","9", "2014-6-18");
INSERT INTO evaluation (evaluation_id,grade,date_eval) VALUES ("15186","5", "2014-12-27");
INSERT INTO evaluation (evaluation_id,grade,date_eval) VALUES ("74282","7", "2013-1-1");
INSERT INTO evaluation (evaluation_id,grade,date_eval) VALUES ("26757","10", "2013-11-19");
INSERT INTO evaluation (evaluation_id,grade,date_eval) VALUES ("49224","8", "2014-4-16");
INSERT INTO evaluation (evaluation_id,grade,date_eval) VALUES ("31271","6", "2013-4-9");
INSERT INTO evaluation (evaluation_id,grade,date_eval) VALUES ("94757","6", "2014-12-18");
INSERT INTO evaluation (evaluation_id,grade,date_eval) VALUES ("97456","7", "2013-3-16");
INSERT INTO evaluation (evaluation_id,grade,date_eval) VALUES ("21110","8", "2014-8-4");
INSERT INTO evaluation (evaluation_id,grade,date_eval) VALUES ("77696","5", "2014-2-12");
INSERT INTO evaluation (evaluation_id,grade,date_eval) VALUES ("47533","8", "2013-11-25");
INSERT INTO evaluation (evaluation_id,grade,date_eval) VALUES ("37446","10", "2013-7-8");
INSERT INTO evaluation (evaluation_id,grade,date_eval) VALUES ("82934","10", "2013-10-27");
INSERT INTO evaluation (evaluation_id,grade,date_eval) VALUES ("46690","10", "2013-5-3");
INSERT INTO evaluation (evaluation_id,grade,date_eval) VALUES ("56679","8", "2014-2-14");
INSERT INTO evaluation (evaluation_id,grade,date_eval) VALUES ("86780","10", "2013-1-7");
INSERT INTO evaluation (evaluation_id,grade,date_eval) VALUES ("70285","5", "2013-5-11");
INSERT INTO evaluation (evaluation_id,grade,date_eval) VALUES ("60102","6", "2014-3-1");
INSERT INTO evaluation (evaluation_id,grade,date_eval) VALUES ("81355","9", "2014-1-26");
INSERT INTO evaluation (evaluation_id,grade,date_eval) VALUES ("67378","8", "2014-3-23");
INSERT INTO evaluation (evaluation_id,grade,date_eval) VALUES ("62097","9", "2014-10-14");
INSERT INTO evaluation (evaluation_id,grade,date_eval) VALUES ("97118","6", "2014-9-12");
INSERT INTO evaluation (evaluation_id,grade,date_eval) VALUES ("31369","8", "2013-6-25");

-- executive 
INSERT INTO executive (executive_id,name_ex) VALUES ("93894","Philip Diaz");
INSERT INTO executive (executive_id,name_ex) VALUES ("79494","Kevin Gomez");
INSERT INTO executive (executive_id,name_ex) VALUES ("26071","Kristin Jennings");
INSERT INTO executive (executive_id,name_ex) VALUES ("44285","Peter Davis");
INSERT INTO executive (executive_id,name_ex) VALUES ("28386","Sarah Peters");
INSERT INTO executive (executive_id,name_ex) VALUES ("60394","Jennifer Brown");
INSERT INTO executive (executive_id,name_ex) VALUES ("31682","Cynthia Hall");
INSERT INTO executive (executive_id,name_ex) VALUES ("48528","Travis Thompson");
INSERT INTO executive (executive_id,name_ex) VALUES ("77773","Hannah Ritter");
INSERT INTO executive (executive_id,name_ex) VALUES ("78223","Jennifer Parsons");
INSERT INTO executive (executive_id,name_ex) VALUES ("93719","Adam Woods");
INSERT INTO executive (executive_id,name_ex) VALUES ("69810","Alan Harmon");
INSERT INTO executive (executive_id,name_ex) VALUES ("21055","Brian Glenn");
INSERT INTO executive (executive_id,name_ex) VALUES ("60242","Scott Dunn");
INSERT INTO executive (executive_id,name_ex) VALUES ("79167","Abigail Bennett");
INSERT INTO executive (executive_id,name_ex) VALUES ("18591","Justin Ingram");
INSERT INTO executive (executive_id,name_ex) VALUES ("65987","Michelle Fitzpatrick");
INSERT INTO executive (executive_id,name_ex) VALUES ("17303","Dawn Horn");
INSERT INTO executive (executive_id,name_ex) VALUES ("71642","Brandon Olson");
INSERT INTO executive (executive_id,name_ex) VALUES ("88815","Amy Aguilar");
INSERT INTO executive (executive_id,name_ex) VALUES ("44686","Lauren Hill");
INSERT INTO executive (executive_id,name_ex) VALUES ("85759","Margaret Schmitt");
INSERT INTO executive (executive_id,name_ex) VALUES ("32869","Caroline King");
INSERT INTO executive (executive_id,name_ex) VALUES ("47621","Kristy Lee");
INSERT INTO executive (executive_id,name_ex) VALUES ("88897","Lauren Johnson");
INSERT INTO executive (executive_id,name_ex) VALUES ("29976","Samuel Walker");
INSERT INTO executive (executive_id,name_ex) VALUES ("53387","Shari Hernandez");
INSERT INTO executive (executive_id,name_ex) VALUES ("28732","Jennifer Wilson");
INSERT INTO executive (executive_id,name_ex) VALUES ("85989","Francis Moran");
INSERT INTO executive (executive_id,name_ex) VALUES ("80397","Emily Harmon");
INSERT INTO executive (executive_id,name_ex) VALUES ("12765","Mallory Newton");
INSERT INTO executive (executive_id,name_ex) VALUES ("55695","Amy Black");
INSERT INTO executive (executive_id,name_ex) VALUES ("76770","Jennifer Rowland DVM");
INSERT INTO executive (executive_id,name_ex) VALUES ("48703","Kimberly Collins");
INSERT INTO executive (executive_id,name_ex) VALUES ("47306","Anna Anderson");
INSERT INTO executive (executive_id,name_ex) VALUES ("15919","Sydney Collier DDS");
INSERT INTO executive (executive_id,name_ex) VALUES ("27673","Rachel Schaefer");
INSERT INTO executive (executive_id,name_ex) VALUES ("64493","Lisa Allen");
INSERT INTO executive (executive_id,name_ex) VALUES ("41584","Eric Harrison");
INSERT INTO executive (executive_id,name_ex) VALUES ("99653","Jason Edwards");
INSERT INTO executive (executive_id,name_ex) VALUES ("97809","Bethany Yates");
INSERT INTO executive (executive_id,name_ex) VALUES ("80827","Jennifer White");
INSERT INTO executive (executive_id,name_ex) VALUES ("10525","Michael Harris");
INSERT INTO executive (executive_id,name_ex) VALUES ("45779","Amanda Walls");
INSERT INTO executive (executive_id,name_ex) VALUES ("80467","James Schultz");
INSERT INTO executive (executive_id,name_ex) VALUES ("88833","Wendy Dennis");
INSERT INTO executive (executive_id,name_ex) VALUES ("85935","Andrew Duran");
INSERT INTO executive (executive_id,name_ex) VALUES ("59906","Christopher Walters");
INSERT INTO executive (executive_id,name_ex) VALUES ("60787","Brandi Moreno");
INSERT INTO executive (executive_id,name_ex) VALUES ("71399","Jacob Carlson");
INSERT INTO executive (executive_id,name_ex) VALUES ("34774","Lindsay Brown");
INSERT INTO executive (executive_id,name_ex) VALUES ("40102","Samantha Hale");
INSERT INTO executive (executive_id,name_ex) VALUES ("78671","Kathryn Hull");
INSERT INTO executive (executive_id,name_ex) VALUES ("37349","Brianna Turner");
INSERT INTO executive (executive_id,name_ex) VALUES ("28416","Barbara Jackson");
INSERT INTO executive (executive_id,name_ex) VALUES ("90132","David Hartman");
INSERT INTO executive (executive_id,name_ex) VALUES ("64433","Adrian Stevens");
INSERT INTO executive (executive_id,name_ex) VALUES ("57651","Dylan Boyd");
INSERT INTO executive (executive_id,name_ex) VALUES ("38802","Michael Thompson");
INSERT INTO executive (executive_id,name_ex) VALUES ("34011","Deborah Cooley");
INSERT INTO executive (executive_id,name_ex) VALUES ("23222","Yvette Armstrong");
INSERT INTO executive (executive_id,name_ex) VALUES ("49627","John Hess");
INSERT INTO executive (executive_id,name_ex) VALUES ("62636","Justin Owens");
INSERT INTO executive (executive_id,name_ex) VALUES ("51730","James Douglas");
INSERT INTO executive (executive_id,name_ex) VALUES ("50657","James George");
INSERT INTO executive (executive_id,name_ex) VALUES ("93949","Jessica Hawkins");
INSERT INTO executive (executive_id,name_ex) VALUES ("82374","Gregory Levy");
INSERT INTO executive (executive_id,name_ex) VALUES ("65624","Melissa Thompson");
INSERT INTO executive (executive_id,name_ex) VALUES ("40234","Patrick Miller");
INSERT INTO executive (executive_id,name_ex) VALUES ("69349","Daryl Shaw");
INSERT INTO executive (executive_id,name_ex) VALUES ("23507","Justin Schneider");
INSERT INTO executive (executive_id,name_ex) VALUES ("56599","Mr. Travis Calhoun");
INSERT INTO executive (executive_id,name_ex) VALUES ("62907","Elizabeth Wilson");
INSERT INTO executive (executive_id,name_ex) VALUES ("35536","Michael Rojas");
INSERT INTO executive (executive_id,name_ex) VALUES ("72786","Michael Brown");
INSERT INTO executive (executive_id,name_ex) VALUES ("12523","Carl Cortez");
INSERT INTO executive (executive_id,name_ex) VALUES ("61028","Jonathan Hatfield");
INSERT INTO executive (executive_id,name_ex) VALUES ("98488","Amanda Mclaughlin");
INSERT INTO executive (executive_id,name_ex) VALUES ("58190","Robin Ortiz");
INSERT INTO executive (executive_id,name_ex) VALUES ("81467","Kevin Clark");
INSERT INTO executive (executive_id,name_ex) VALUES ("57070","Nicholas Harris");
INSERT INTO executive (executive_id,name_ex) VALUES ("92873","Cody Garcia");
INSERT INTO executive (executive_id,name_ex) VALUES ("10868","Sarah Cooke");
INSERT INTO executive (executive_id,name_ex) VALUES ("88185","Brittany Vincent");
INSERT INTO executive (executive_id,name_ex) VALUES ("67589","Mary Jacobs");
INSERT INTO executive (executive_id,name_ex) VALUES ("78192","Matthew Morton");
INSERT INTO executive (executive_id,name_ex) VALUES ("53463","Kathryn Andrews");
INSERT INTO executive (executive_id,name_ex) VALUES ("70975","Joshua Scott");
INSERT INTO executive (executive_id,name_ex) VALUES ("69102","Jennifer Jones");
INSERT INTO executive (executive_id,name_ex) VALUES ("82540","Jacqueline Martin");
INSERT INTO executive (executive_id,name_ex) VALUES ("38249","Tracy Hutchinson");
INSERT INTO executive (executive_id,name_ex) VALUES ("49749","Lisa Gibson");
INSERT INTO executive (executive_id,name_ex) VALUES ("46358","Dr. Travis Ortega");
INSERT INTO executive (executive_id,name_ex) VALUES ("18963","James Flores");
INSERT INTO executive (executive_id,name_ex) VALUES ("76394","Kathleen Salazar");
INSERT INTO executive (executive_id,name_ex) VALUES ("89880","James Carter");
INSERT INTO executive (executive_id,name_ex) VALUES ("92124","Andrew Mcclure");
INSERT INTO executive (executive_id,name_ex) VALUES ("52545","Corey Jones");
INSERT INTO executive (executive_id,name_ex) VALUES ("71360","Jon Johnson");
INSERT INTO executive (executive_id,name_ex) VALUES ("41889","Michael Salazar");

-- project 
INSERT INTO project (project_id,title,start_date,end_date,abstract,funds,evaluator_id,accountable_id,program_id,executive_id,organization_id,evaluation_id) VALUES ("68301","project893", "2020-5-14", "2023-12-22", "Happy yourself the window. Lawyer up while hair indicate.", "852901", "31800", "62544", "90918", "69349", "60492", "18809");
INSERT INTO project (project_id,title,start_date,end_date,abstract,funds,evaluator_id,accountable_id,program_id,executive_id,organization_id,evaluation_id) VALUES ("45245","project236", "2022-7-7", "2025-3-1", "Performance think consumer stop writer shoulder. Heart show offer opportunity appear health member.", "978389", "97512", "74439", "60547", "71360", "52918", "62530");
INSERT INTO project (project_id,title,start_date,end_date,abstract,funds,evaluator_id,accountable_id,program_id,executive_id,organization_id,evaluation_id) VALUES ("51781","project673", "2022-2-5", "2024-4-10", "Assume single religious source lawyer. Argue at election record course administration soldier.", "897785", "86972", "14002", "51323", "65624", "46743", "60102");
INSERT INTO project (project_id,title,start_date,end_date,abstract,funds,evaluator_id,accountable_id,program_id,executive_id,organization_id,evaluation_id) VALUES ("78805","project695", "2022-10-24", "2025-7-10", "Think here stop nearly budget successful.", "854456", "14806", "47602", "72558", "48528", "19858", "73753");
INSERT INTO project (project_id,title,start_date,end_date,abstract,funds,evaluator_id,accountable_id,program_id,executive_id,organization_id,evaluation_id) VALUES ("38826","project221", "2022-2-20", "2024-2-23", "Move news school change hear ball success. Several Mrs method official hundred season history.", "187026", "16583", "89753", "34382", "44686", "28588", "31369");
INSERT INTO project (project_id,title,start_date,end_date,abstract,funds,evaluator_id,accountable_id,program_id,executive_id,organization_id,evaluation_id) VALUES ("95151","project835", "2022-3-28", "2024-12-16", "Entire list own reach interesting pull street. Team offer level open myself out guess.", "375368", "94162", "50866", "29803", "52545", "66632", "41960");
INSERT INTO project (project_id,title,start_date,end_date,abstract,funds,evaluator_id,accountable_id,program_id,executive_id,organization_id,evaluation_id) VALUES ("50407","project667", "2022-5-10", "2025-6-11", "Often doctor whatever whose. Ever piece dark program pretty democratic.", "918704", "43969", "18345", "34382", "79494", "42862", "37446");
INSERT INTO project (project_id,title,start_date,end_date,abstract,funds,evaluator_id,accountable_id,program_id,executive_id,organization_id,evaluation_id) VALUES ("70611","project798", "2022-12-20", "2024-4-27", "Suddenly forget still painting.", "586038", "35074", "28632", "93733", "48703", "28588", "46793");
INSERT INTO project (project_id,title,start_date,end_date,abstract,funds,evaluator_id,accountable_id,program_id,executive_id,organization_id,evaluation_id) VALUES ("53271","project919", "2020-5-3", "2022-11-17", "Media event ever book else. First lay beyond item find there rate another.", "659406", "74033", "53360", "53332", "92873", "58611", "81355");
INSERT INTO project (project_id,title,start_date,end_date,abstract,funds,evaluator_id,accountable_id,program_id,executive_id,organization_id,evaluation_id) VALUES ("95025","project820", "2022-3-12", "2025-9-3", "Artist deal center identify training throughout. Want police model century big if.", "813040", "63903", "26157", "48861", "21055", "60492", "76762");
INSERT INTO project (project_id,title,start_date,end_date,abstract,funds,evaluator_id,accountable_id,program_id,executive_id,organization_id,evaluation_id) VALUES ("66375","project141", "2022-12-9", "2024-1-26", "Subject pass president hit. Another person mouth meet.", "260966", "90784", "11223", "54635", "34774", "38767", "21110");
INSERT INTO project (project_id,title,start_date,end_date,abstract,funds,evaluator_id,accountable_id,program_id,executive_id,organization_id,evaluation_id) VALUES ("17114","project348", "2020-6-6", "2022-11-17", "Company positive why company.", "414999", "54686", "48006", "84485", "92873", "74841", "97456");
INSERT INTO project (project_id,title,start_date,end_date,abstract,funds,evaluator_id,accountable_id,program_id,executive_id,organization_id,evaluation_id) VALUES ("55051","project290", "2020-10-4", "2022-10-15", "Case between step home citizen.", "304936", "19878", "61550", "83693", "77773", "42862", "60102");
INSERT INTO project (project_id,title,start_date,end_date,abstract,funds,evaluator_id,accountable_id,program_id,executive_id,organization_id,evaluation_id) VALUES ("73218","project158", "2021-8-14", "2023-5-7", "Or white peace future audience.", "125986", "24070", "20763", "18796", "93949", "66632", "56389");
INSERT INTO project (project_id,title,start_date,end_date,abstract,funds,evaluator_id,accountable_id,program_id,executive_id,organization_id,evaluation_id) VALUES ("95881","project119", "2021-11-20", "2023-11-15", "Big television about plant.", "701443", "90784", "15596", "85517", "60242", "47349", "39601");
INSERT INTO project (project_id,title,start_date,end_date,abstract,funds,evaluator_id,accountable_id,program_id,executive_id,organization_id,evaluation_id) VALUES ("65040","project941", "2021-11-26", "2024-1-11", "Training good wife reveal tree because law. Huge yet notice ever career.", "373264", "58895", "15257", "48861", "93894", "30788", "81123");
INSERT INTO project (project_id,title,start_date,end_date,abstract,funds,evaluator_id,accountable_id,program_id,executive_id,organization_id,evaluation_id) VALUES ("28774","project261", "2021-4-2", "2024-7-12", "Remember certainly ask anything key someone.", "353741", "50016", "22835", "48861", "40234", "28588", "67378");
INSERT INTO project (project_id,title,start_date,end_date,abstract,funds,evaluator_id,accountable_id,program_id,executive_id,organization_id,evaluation_id) VALUES ("97573","project892", "2022-3-6", "2025-4-9", "Pick number painting ever student TV.", "720889", "30130", "58987", "78681", "12523", "30788", "48905");
INSERT INTO project (project_id,title,start_date,end_date,abstract,funds,evaluator_id,accountable_id,program_id,executive_id,organization_id,evaluation_id) VALUES ("63722","project438", "2021-4-8", "2023-3-4", "Organization four yeah commercial. Finish feeling road assume personal movie reason test.", "527294", "54686", "78252", "93733", "12523", "34023", "31673");
INSERT INTO project (project_id,title,start_date,end_date,abstract,funds,evaluator_id,accountable_id,program_id,executive_id,organization_id,evaluation_id) VALUES ("84121","project707", "2020-4-18", "2022-12-25", "Until affect why off. Full Republican get soldier new anything drop into.", "777996", "71319", "72283", "44008", "57651", "68654", "70285");
INSERT INTO project (project_id,title,start_date,end_date,abstract,funds,evaluator_id,accountable_id,program_id,executive_id,organization_id,evaluation_id) VALUES ("83744","project742", "2020-9-16", "2023-8-2", "Seat bad movie local read time whether bag. Really process magazine edge across employee set.", "343593", "29059", "58987", "72558", "60394", "30788", "11080");
INSERT INTO project (project_id,title,start_date,end_date,abstract,funds,evaluator_id,accountable_id,program_id,executive_id,organization_id,evaluation_id) VALUES ("54084","project410", "2021-3-22", "2023-10-17", "Step follow will class forward power left. Common participant network employee whatever low next another.", "963974", "29337", "30759", "18069", "31682", "30788", "46793");
INSERT INTO project (project_id,title,start_date,end_date,abstract,funds,evaluator_id,accountable_id,program_id,executive_id,organization_id,evaluation_id) VALUES ("33304","project358", "2020-4-27", "2022-7-26", "Include rich team.", "397383", "68809", "71319", "42213", "12523", "87940", "81185");
INSERT INTO project (project_id,title,start_date,end_date,abstract,funds,evaluator_id,accountable_id,program_id,executive_id,organization_id,evaluation_id) VALUES ("49161","project450", "2020-4-2", "2022-4-25", "Join key loss someone compare skin management. Tough scientist hour tell.", "259815", "29186", "71478", "53853", "53387", "74841", "81123");
INSERT INTO project (project_id,title,start_date,end_date,abstract,funds,evaluator_id,accountable_id,program_id,executive_id,organization_id,evaluation_id) VALUES ("66928","project324", "2022-8-6", "2025-11-21", "Red father choice executive.", "478959", "89515", "63683", "14052", "44686", "96697", "81123");
INSERT INTO project (project_id,title,start_date,end_date,abstract,funds,evaluator_id,accountable_id,program_id,executive_id,organization_id,evaluation_id) VALUES ("82891","project215", "2020-8-21", "2022-10-10", "Material probably clear road.", "510739", "46915", "22121", "10132", "78671", "76059", "16601");
INSERT INTO project (project_id,title,start_date,end_date,abstract,funds,evaluator_id,accountable_id,program_id,executive_id,organization_id,evaluation_id) VALUES ("33439","project145", "2021-5-26", "2023-4-19", "Sound performance red still. Open subject off letter class network foot.", "277114", "26157", "23736", "28921", "34011", "73851", "56389");
INSERT INTO project (project_id,title,start_date,end_date,abstract,funds,evaluator_id,accountable_id,program_id,executive_id,organization_id,evaluation_id) VALUES ("43046","project946", "2022-11-16", "2024-4-28", "Man win artist voice tend send. Off investment ago red maybe star reason.", "818727", "13512", "25828", "55143", "34011", "60492", "97887");
INSERT INTO project (project_id,title,start_date,end_date,abstract,funds,evaluator_id,accountable_id,program_id,executive_id,organization_id,evaluation_id) VALUES ("28323","project553", "2021-6-1", "2024-12-22", "Throw group near site science.", "152598", "74439", "72626", "28921", "18591", "60492", "58818");
INSERT INTO project (project_id,title,start_date,end_date,abstract,funds,evaluator_id,accountable_id,program_id,executive_id,organization_id,evaluation_id) VALUES ("19903","project384", "2020-11-9", "2023-10-24", "Behavior age share debate think today young. Compare company group body or.", "637599", "47182", "29059", "41014", "85935", "58217", "37385");
INSERT INTO project (project_id,title,start_date,end_date,abstract,funds,evaluator_id,accountable_id,program_id,executive_id,organization_id,evaluation_id) VALUES ("83986","project722", "2020-9-12", "2022-5-18", "We option entire best.", "420607", "54894", "56345", "64965", "70975", "63060", "16601");
INSERT INTO project (project_id,title,start_date,end_date,abstract,funds,evaluator_id,accountable_id,program_id,executive_id,organization_id,evaluation_id) VALUES ("60264","project433", "2021-7-8", "2024-11-28", "Visit training include.", "690418", "38688", "20763", "45294", "60787", "14713", "20720");
INSERT INTO project (project_id,title,start_date,end_date,abstract,funds,evaluator_id,accountable_id,program_id,executive_id,organization_id,evaluation_id) VALUES ("39788","project542", "2021-8-12", "2023-9-28", "Provide behavior factor particularly evening maybe black sit.", "252071", "54894", "30130", "42213", "45779", "44966", "27014");
INSERT INTO project (project_id,title,start_date,end_date,abstract,funds,evaluator_id,accountable_id,program_id,executive_id,organization_id,evaluation_id) VALUES ("69761","project930", "2022-4-2", "2025-12-20", "Better then rather kid worker than.", "876291", "22590", "67096", "34382", "37349", "30788", "41960");
INSERT INTO project (project_id,title,start_date,end_date,abstract,funds,evaluator_id,accountable_id,program_id,executive_id,organization_id,evaluation_id) VALUES ("83519","project989", "2021-3-6", "2024-3-19", "World may side feeling. Baby learn reflect store boy.", "288073", "40210", "73124", "39496", "70975", "84659", "71379");
INSERT INTO project (project_id,title,start_date,end_date,abstract,funds,evaluator_id,accountable_id,program_id,executive_id,organization_id,evaluation_id) VALUES ("92510","project733", "2020-2-24", "2022-2-1", "Success degree magazine shake new. Mention president news wait establish past.", "236197", "29337", "89654", "54635", "52545", "47349", "46793");
INSERT INTO project (project_id,title,start_date,end_date,abstract,funds,evaluator_id,accountable_id,program_id,executive_id,organization_id,evaluation_id) VALUES ("89822","project489", "2022-3-15", "2024-11-23", "Put provide road enough fear likely among. Today bring find tree.", "320305", "76666", "72626", "55683", "82374", "11783", "97456");
INSERT INTO project (project_id,title,start_date,end_date,abstract,funds,evaluator_id,accountable_id,program_id,executive_id,organization_id,evaluation_id) VALUES ("64713","project125", "2021-2-9", "2024-8-26", "True time performance house.", "694407", "13512", "91593", "23830", "49627", "58217", "42964");
INSERT INTO project (project_id,title,start_date,end_date,abstract,funds,evaluator_id,accountable_id,program_id,executive_id,organization_id,evaluation_id) VALUES ("40221","project907", "2022-7-8", "2025-5-24", "Easy war range draw. And floor yes mean worker me.", "399043", "78302", "82529", "83693", "34011", "58217", "63876");
INSERT INTO project (project_id,title,start_date,end_date,abstract,funds,evaluator_id,accountable_id,program_id,executive_id,organization_id,evaluation_id) VALUES ("52178","project284", "2022-2-24", "2024-9-24", "Another mother system most.", "774972", "65931", "36576", "84485", "29976", "19858", "32731");
INSERT INTO project (project_id,title,start_date,end_date,abstract,funds,evaluator_id,accountable_id,program_id,executive_id,organization_id,evaluation_id) VALUES ("46820","project746", "2021-6-15", "2024-6-25", "New left right serve. Fund knowledge near.", "391288", "97934", "47464", "23830", "23507", "73851", "21157");
INSERT INTO project (project_id,title,start_date,end_date,abstract,funds,evaluator_id,accountable_id,program_id,executive_id,organization_id,evaluation_id) VALUES ("23048","project807", "2021-7-8", "2023-1-10", "Executive boy plan low station. Forward store enjoy.", "299788", "43492", "43992", "54635", "18591", "96697", "73753");
INSERT INTO project (project_id,title,start_date,end_date,abstract,funds,evaluator_id,accountable_id,program_id,executive_id,organization_id,evaluation_id) VALUES ("15151","project751", "2022-3-17", "2024-2-21", "Daughter father night enough employee financial win. Without upon speak spend drop if.", "944584", "13769", "29186", "39496", "79167", "58217", "19551");
INSERT INTO project (project_id,title,start_date,end_date,abstract,funds,evaluator_id,accountable_id,program_id,executive_id,organization_id,evaluation_id) VALUES ("67555","project240", "2021-2-19", "2024-2-24", "Discover present plant show training. Seat sing me experience.", "281198", "81771", "22918", "53853", "79494", "73851", "18809");
INSERT INTO project (project_id,title,start_date,end_date,abstract,funds,evaluator_id,accountable_id,program_id,executive_id,organization_id,evaluation_id) VALUES ("75909","project181", "2021-4-3", "2023-2-22", "Late coach either smile. Country sometimes above.", "616842", "97934", "13512", "14052", "89880", "28588", "26614");
INSERT INTO project (project_id,title,start_date,end_date,abstract,funds,evaluator_id,accountable_id,program_id,executive_id,organization_id,evaluation_id) VALUES ("19026","project970", "2021-4-18", "2023-12-22", "Type least first happy. Candidate many fight great alone policy.", "191397", "15596", "14652", "65496", "51730", "66632", "92486");
INSERT INTO project (project_id,title,start_date,end_date,abstract,funds,evaluator_id,accountable_id,program_id,executive_id,organization_id,evaluation_id) VALUES ("17939","project288", "2020-2-18", "2022-2-13", "Administration rate ability trade world close great top. Close four final clearly.", "519670", "16456", "47358", "45592", "82540", "96697", "61261");
INSERT INTO project (project_id,title,start_date,end_date,abstract,funds,evaluator_id,accountable_id,program_id,executive_id,organization_id,evaluation_id) VALUES ("29173","project831", "2022-11-21", "2025-1-11", "Compare wife effort last. Per traditional last trade build.", "204074", "13769", "65931", "18796", "58190", "52918", "88320");
INSERT INTO project (project_id,title,start_date,end_date,abstract,funds,evaluator_id,accountable_id,program_id,executive_id,organization_id,evaluation_id) VALUES ("50511","project628", "2022-2-25", "2025-7-2", "Certain first imagine.", "694363", "11023", "38688", "23830", "34011", "46743", "67378");
INSERT INTO project (project_id,title,start_date,end_date,abstract,funds,evaluator_id,accountable_id,program_id,executive_id,organization_id,evaluation_id) VALUES ("73675","project680", "2022-12-19", "2025-9-28", "At into like later. Out economy might actually determine.", "246702", "46915", "78302", "41086", "28416", "42862", "32731");
INSERT INTO project (project_id,title,start_date,end_date,abstract,funds,evaluator_id,accountable_id,program_id,executive_id,organization_id,evaluation_id) VALUES ("31123","project976", "2020-9-15", "2022-6-13", "Final coach behavior later political base have.", "418395", "61550", "71319", "64965", "79494", "96697", "97118");
INSERT INTO project (project_id,title,start_date,end_date,abstract,funds,evaluator_id,accountable_id,program_id,executive_id,organization_id,evaluation_id) VALUES ("33302","project142", "2021-6-25", "2023-6-24", "Them claim help commercial decade.", "781601", "81155", "52861", "66283", "34011", "88850", "16052");
INSERT INTO project (project_id,title,start_date,end_date,abstract,funds,evaluator_id,accountable_id,program_id,executive_id,organization_id,evaluation_id) VALUES ("40879","project295", "2022-11-28", "2024-1-4", "On technology off choose. Build prevent ground eat ago door where.", "547353", "56547", "98111", "42348", "12765", "28588", "84809");
INSERT INTO project (project_id,title,start_date,end_date,abstract,funds,evaluator_id,accountable_id,program_id,executive_id,organization_id,evaluation_id) VALUES ("90211","project936", "2021-4-19", "2024-5-19", "Lay pattern cold well purpose prepare.", "101924", "86972", "74188", "64965", "38802", "42862", "63624");
INSERT INTO project (project_id,title,start_date,end_date,abstract,funds,evaluator_id,accountable_id,program_id,executive_id,organization_id,evaluation_id) VALUES ("45172","project163", "2022-10-9", "2025-4-7", "Tell knowledge discussion important second suddenly.", "515482", "63622", "90784", "18069", "34011", "73851", "60102");
INSERT INTO project (project_id,title,start_date,end_date,abstract,funds,evaluator_id,accountable_id,program_id,executive_id,organization_id,evaluation_id) VALUES ("56983","project130", "2020-10-22", "2022-11-8", "Mention floor cold woman.", "919156", "40124", "24058", "54635", "92873", "38767", "97456");
INSERT INTO project (project_id,title,start_date,end_date,abstract,funds,evaluator_id,accountable_id,program_id,executive_id,organization_id,evaluation_id) VALUES ("71454","project556", "2021-8-19", "2023-2-24", "I economic everyone particular speak. However prepare build bring bag break.", "620825", "16172", "46660", "55143", "78223", "42862", "11080");
INSERT INTO project (project_id,title,start_date,end_date,abstract,funds,evaluator_id,accountable_id,program_id,executive_id,organization_id,evaluation_id) VALUES ("26906","project960", "2021-5-17", "2024-11-18", "Police similar already much off.", "502628", "18415", "47981", "95315", "80827", "74841", "67378");
INSERT INTO project (project_id,title,start_date,end_date,abstract,funds,evaluator_id,accountable_id,program_id,executive_id,organization_id,evaluation_id) VALUES ("65551","project423", "2022-7-10", "2024-4-9", "Act glass her market drug together station mouth.", "310265", "28632", "16597", "34382", "78192", "76059", "32731");
INSERT INTO project (project_id,title,start_date,end_date,abstract,funds,evaluator_id,accountable_id,program_id,executive_id,organization_id,evaluation_id) VALUES ("70676","project243", "2021-12-21", "2024-10-28", "Product moment deal beyond history house. Man long itself and last authority.", "826828", "50131", "97512", "95315", "34774", "88850", "36287");
INSERT INTO project (project_id,title,start_date,end_date,abstract,funds,evaluator_id,accountable_id,program_id,executive_id,organization_id,evaluation_id) VALUES ("75382","project307", "2021-11-6", "2024-10-23", "Stage hundred soldier Democrat forget property method.", "778588", "91593", "56547", "55143", "88815", "32241", "92486");
INSERT INTO project (project_id,title,start_date,end_date,abstract,funds,evaluator_id,accountable_id,program_id,executive_id,organization_id,evaluation_id) VALUES ("62320","project583", "2021-7-9", "2024-8-2", "Article home measure out.", "161580", "82380", "68809", "48861", "92124", "73851", "48423");
INSERT INTO project (project_id,title,start_date,end_date,abstract,funds,evaluator_id,accountable_id,program_id,executive_id,organization_id,evaluation_id) VALUES ("41025","project873", "2022-3-23", "2024-7-7", "New far build.", "884100", "93965", "48006", "66283", "92124", "63060", "73753");
INSERT INTO project (project_id,title,start_date,end_date,abstract,funds,evaluator_id,accountable_id,program_id,executive_id,organization_id,evaluation_id) VALUES ("74816","project913", "2022-7-21", "2025-4-20", "Five inside rather south. Seat develop evening suffer western evening.", "362737", "15339", "14806", "65496", "49627", "28588", "41960");
INSERT INTO project (project_id,title,start_date,end_date,abstract,funds,evaluator_id,accountable_id,program_id,executive_id,organization_id,evaluation_id) VALUES ("78085","project809", "2021-6-10", "2024-2-23", "Husband Congress next teacher break us evidence simply. Part one notice term gas rate minute.", "275247", "16599", "65931", "95315", "44686", "82902", "99288");
INSERT INTO project (project_id,title,start_date,end_date,abstract,funds,evaluator_id,accountable_id,program_id,executive_id,organization_id,evaluation_id) VALUES ("54327","project265", "2022-9-3", "2024-1-12", "Start society sing.", "108021", "30308", "54558", "55683", "31682", "14713", "22709");
INSERT INTO project (project_id,title,start_date,end_date,abstract,funds,evaluator_id,accountable_id,program_id,executive_id,organization_id,evaluation_id) VALUES ("13643","project603", "2020-2-4", "2023-1-25", "Try none force serve enjoy. Allow rich morning majority threat firm.", "977284", "14092", "65840", "52147", "23222", "34023", "83358");
INSERT INTO project (project_id,title,start_date,end_date,abstract,funds,evaluator_id,accountable_id,program_id,executive_id,organization_id,evaluation_id) VALUES ("95695","project135", "2020-4-27", "2022-9-15", "One little wear model.", "517672", "22121", "73393", "95315", "37349", "76059", "64752");
INSERT INTO project (project_id,title,start_date,end_date,abstract,funds,evaluator_id,accountable_id,program_id,executive_id,organization_id,evaluation_id) VALUES ("32554","project638", "2020-10-7", "2022-4-28", "Safe member read hair only have sit impact. Mission ground medical.", "255692", "31926", "16456", "41249", "71399", "58217", "31369");
INSERT INTO project (project_id,title,start_date,end_date,abstract,funds,evaluator_id,accountable_id,program_id,executive_id,organization_id,evaluation_id) VALUES ("37006","project169", "2020-8-1", "2022-7-28", "Leader owner through program.", "292292", "63240", "67684", "60547", "80827", "34040", "60102");
INSERT INTO project (project_id,title,start_date,end_date,abstract,funds,evaluator_id,accountable_id,program_id,executive_id,organization_id,evaluation_id) VALUES ("73593","project796", "2020-10-22", "2023-11-26", "Far doctor arrive and. Speak quite admit skill seat artist economic trouble.", "250575", "43418", "30166", "29803", "26071", "19858", "31673");
INSERT INTO project (project_id,title,start_date,end_date,abstract,funds,evaluator_id,accountable_id,program_id,executive_id,organization_id,evaluation_id) VALUES ("20013","project334", "2021-10-15", "2024-4-2", "Stop well job road new everybody key. Check pressure small skin smile nice security.", "418618", "93965", "54740", "41086", "41584", "66632", "97887");
INSERT INTO project (project_id,title,start_date,end_date,abstract,funds,evaluator_id,accountable_id,program_id,executive_id,organization_id,evaluation_id) VALUES ("33234","project607", "2021-8-26", "2024-7-9", "Exactly show beyond threat anything. Traditional similar that loss.", "906709", "26157", "54894", "28921", "10525", "47349", "71379");
INSERT INTO project (project_id,title,start_date,end_date,abstract,funds,evaluator_id,accountable_id,program_id,executive_id,organization_id,evaluation_id) VALUES ("59854","project503", "2020-6-22", "2023-9-23", "White reality spring interest home senior skin. American camera head late traditional collection base.", "672879", "24862", "89515", "45592", "56599", "58217", "55647");
INSERT INTO project (project_id,title,start_date,end_date,abstract,funds,evaluator_id,accountable_id,program_id,executive_id,organization_id,evaluation_id) VALUES ("39281","project870", "2020-7-24", "2023-5-13", "Subject standard drug buy purpose fly anyone.", "669259", "89515", "26529", "69428", "55695", "74841", "63624");
INSERT INTO project (project_id,title,start_date,end_date,abstract,funds,evaluator_id,accountable_id,program_id,executive_id,organization_id,evaluation_id) VALUES ("61631","project371", "2020-2-5", "2022-12-12", "Travel evidence interesting beyond identify do.", "819969", "40124", "56345", "84485", "71399", "73851", "92931");
INSERT INTO project (project_id,title,start_date,end_date,abstract,funds,evaluator_id,accountable_id,program_id,executive_id,organization_id,evaluation_id) VALUES ("85831","project996", "2021-9-1", "2023-1-19", "Particularly by unit.", "876230", "82529", "96575", "54635", "29976", "19858", "82934");
INSERT INTO project (project_id,title,start_date,end_date,abstract,funds,evaluator_id,accountable_id,program_id,executive_id,organization_id,evaluation_id) VALUES ("68779","project294", "2021-8-1", "2024-12-19", "South candidate buy.", "152709", "65840", "22922", "42348", "32869", "66632", "97680");
INSERT INTO project (project_id,title,start_date,end_date,abstract,funds,evaluator_id,accountable_id,program_id,executive_id,organization_id,evaluation_id) VALUES ("49847","project311", "2021-5-27", "2024-7-21", "I that age purpose work.", "837229", "63903", "52861", "41014", "48528", "74841", "27014");
INSERT INTO project (project_id,title,start_date,end_date,abstract,funds,evaluator_id,accountable_id,program_id,executive_id,organization_id,evaluation_id) VALUES ("73634","project147", "2022-8-26", "2024-11-24", "Method law soon. Role region food piece walk bar citizen.", "442524", "90238", "57074", "42348", "60242", "11783", "32057");
INSERT INTO project (project_id,title,start_date,end_date,abstract,funds,evaluator_id,accountable_id,program_id,executive_id,organization_id,evaluation_id) VALUES ("90306","project364", "2020-10-4", "2022-9-14", "Head even power myself hear four treatment.", "427834", "89515", "82784", "41014", "41584", "63060", "77696");
INSERT INTO project (project_id,title,start_date,end_date,abstract,funds,evaluator_id,accountable_id,program_id,executive_id,organization_id,evaluation_id) VALUES ("70248","project747", "2020-5-23", "2022-3-26", "Point population enter can manage science require.", "618210", "57302", "97934", "14052", "23222", "19858", "25073");
INSERT INTO project (project_id,title,start_date,end_date,abstract,funds,evaluator_id,accountable_id,program_id,executive_id,organization_id,evaluation_id) VALUES ("42072","project159", "2021-4-27", "2024-4-4", "Feel believe catch live. Test fall side lay who.", "487282", "13769", "63622", "78681", "10868", "19858", "94757");
INSERT INTO project (project_id,title,start_date,end_date,abstract,funds,evaluator_id,accountable_id,program_id,executive_id,organization_id,evaluation_id) VALUES ("42647","project653", "2021-2-8", "2024-6-15", "Matter serious if church. Though enter same it project democratic.", "723331", "97307", "26868", "48861", "26071", "82902", "55647");
INSERT INTO project (project_id,title,start_date,end_date,abstract,funds,evaluator_id,accountable_id,program_id,executive_id,organization_id,evaluation_id) VALUES ("63091","project453", "2022-10-16", "2025-12-24", "Cup mother fall avoid assume. Move discover want specific key design.", "319562", "43492", "33698", "48861", "23507", "34023", "99288");
INSERT INTO project (project_id,title,start_date,end_date,abstract,funds,evaluator_id,accountable_id,program_id,executive_id,organization_id,evaluation_id) VALUES ("76661","project784", "2021-2-11", "2023-2-25", "Third sister determine other stage. System boy cost quality.", "555077", "26529", "25772", "90918", "56599", "76059", "37736");
INSERT INTO project (project_id,title,start_date,end_date,abstract,funds,evaluator_id,accountable_id,program_id,executive_id,organization_id,evaluation_id) VALUES ("64557","project219", "2020-4-10", "2022-2-15", "On camera return hour subject stand stage.", "171944", "13245", "46839", "52147", "90132", "67534", "46690");
INSERT INTO project (project_id,title,start_date,end_date,abstract,funds,evaluator_id,accountable_id,program_id,executive_id,organization_id,evaluation_id) VALUES ("95745","project229", "2022-10-7", "2024-12-23", "Animal indicate power sport wonder budget including.", "245741", "25828", "26770", "52147", "62636", "19858", "31673");
INSERT INTO project (project_id,title,start_date,end_date,abstract,funds,evaluator_id,accountable_id,program_id,executive_id,organization_id,evaluation_id) VALUES ("39993","project387", "2022-6-2", "2025-9-1", "Near work alone. Add property talk.", "673945", "20763", "47464", "93733", "18963", "87940", "84809");
INSERT INTO project (project_id,title,start_date,end_date,abstract,funds,evaluator_id,accountable_id,program_id,executive_id,organization_id,evaluation_id) VALUES ("52499","project491", "2020-8-11", "2023-8-7", "North big population generation.", "845211", "65165", "47464", "24042", "44285", "68654", "77696");
INSERT INTO project (project_id,title,start_date,end_date,abstract,funds,evaluator_id,accountable_id,program_id,executive_id,organization_id,evaluation_id) VALUES ("98072","project110", "2021-6-9", "2024-10-2", "Who hotel property generation oil attack. This listen court not plant.", "586403", "40124", "47182", "42348", "49627", "76059", "46690");
INSERT INTO project (project_id,title,start_date,end_date,abstract,funds,evaluator_id,accountable_id,program_id,executive_id,organization_id,evaluation_id) VALUES ("26086","project734", "2021-9-6", "2023-7-8", "Reflect check foot forget customer defense. Product large us.", "649168", "52753", "54093", "93733", "34774", "76059", "98000");
INSERT INTO project (project_id,title,start_date,end_date,abstract,funds,evaluator_id,accountable_id,program_id,executive_id,organization_id,evaluation_id) VALUES ("95451","project523", "2020-12-24", "2023-10-28", "Pull support appear current remember suffer all management.", "602871", "71478", "15339", "90918", "55695", "76059", "58818");
INSERT INTO project (project_id,title,start_date,end_date,abstract,funds,evaluator_id,accountable_id,program_id,executive_id,organization_id,evaluation_id) VALUES ("65170","project412", "2021-5-5", "2024-2-26", "Exactly order material down check sell step fire. Truth team ball.", "824191", "97412", "74439", "42348", "93894", "63060", "99288");
INSERT INTO project (project_id,title,start_date,end_date,abstract,funds,evaluator_id,accountable_id,program_id,executive_id,organization_id,evaluation_id) VALUES ("14976","project837", "2022-3-3", "2025-1-15", "Might long international west necessary manage page cost. Bag I report research party.", "840723", "91593", "16583", "64965", "23222", "14713", "66520");
INSERT INTO project (project_id,title,start_date,end_date,abstract,funds,evaluator_id,accountable_id,program_id,executive_id,organization_id,evaluation_id) VALUES ("61483","project882", "2022-8-14", "2025-2-8", "Within lose ball hour carry force most impact. Outside manage he he word begin.", "955478", "72626", "94786", "53853", "71399", "76059", "32057");
INSERT INTO project (project_id,title,start_date,end_date,abstract,funds,evaluator_id,accountable_id,program_id,executive_id,organization_id,evaluation_id) VALUES ("32200","project905", "2020-5-19", "2022-9-10", "Material others effect cut view money.", "108372", "47182", "86494", "45294", "64433", "47349", "85827");
INSERT INTO project (project_id,title,start_date,end_date,abstract,funds,evaluator_id,accountable_id,program_id,executive_id,organization_id,evaluation_id) VALUES ("18544","project791", "2020-9-24", "2023-3-26", "Small read order describe plant head.", "690833", "94170", "65931", "41086", "46358", "19858", "49224");
INSERT INTO project (project_id,title,start_date,end_date,abstract,funds,evaluator_id,accountable_id,program_id,executive_id,organization_id,evaluation_id) VALUES ("31344","project100", "2020-7-6", "2023-9-6", "Ball standard animal charge. Affect imagine main huge something car study prepare.", "729986", "63903", "98111", "42348", "88833", "42862", "27014");
INSERT INTO project (project_id,title,start_date,end_date,abstract,funds,evaluator_id,accountable_id,program_id,executive_id,organization_id,evaluation_id) VALUES ("31287","project665", "2022-10-24", "2024-2-20", "Development respond letter fall indeed program realize.", "844994", "26868", "78252", "41249", "38802", "88850", "32731");

-- phone_number 
INSERT INTO phone_number (organization_id,phone) VALUES ("42862","6349521521");
INSERT INTO phone_number (organization_id,phone) VALUES ("34040","8527763568");
INSERT INTO phone_number (organization_id,phone) VALUES ("82902","9656599223");
INSERT INTO phone_number (organization_id,phone) VALUES ("60492","3006054315");
INSERT INTO phone_number (organization_id,phone) VALUES ("58217","9402361027");
INSERT INTO phone_number (organization_id,phone) VALUES ("73851","1135506883");
INSERT INTO phone_number (organization_id,phone) VALUES ("46743","5134623023");
INSERT INTO phone_number (organization_id,phone) VALUES ("44966","1680655612");
INSERT INTO phone_number (organization_id,phone) VALUES ("44966","6294916856");
INSERT INTO phone_number (organization_id,phone) VALUES ("76059","9945059570");
INSERT INTO phone_number (organization_id,phone) VALUES ("32241","8081523794");
INSERT INTO phone_number (organization_id,phone) VALUES ("67534","6004907638");
INSERT INTO phone_number (organization_id,phone) VALUES ("88850","8118184316");
INSERT INTO phone_number (organization_id,phone) VALUES ("42862","1067105164");
INSERT INTO phone_number (organization_id,phone) VALUES ("96697","1768728850");
INSERT INTO phone_number (organization_id,phone) VALUES ("19858","9148483225");
INSERT INTO phone_number (organization_id,phone) VALUES ("34023","3384897732");
INSERT INTO phone_number (organization_id,phone) VALUES ("11783","3949063298");
INSERT INTO phone_number (organization_id,phone) VALUES ("87940","7437661442");
INSERT INTO phone_number (organization_id,phone) VALUES ("28588","6036597169");
INSERT INTO phone_number (organization_id,phone) VALUES ("87940","7863455677");
INSERT INTO phone_number (organization_id,phone) VALUES ("34040","2674425386");
INSERT INTO phone_number (organization_id,phone) VALUES ("76059","7975487648");
INSERT INTO phone_number (organization_id,phone) VALUES ("88850","6097870090");
INSERT INTO phone_number (organization_id,phone) VALUES ("73851","8597926247");
INSERT INTO phone_number (organization_id,phone) VALUES ("34023","9242277863");
INSERT INTO phone_number (organization_id,phone) VALUES ("66798","8206698281");
INSERT INTO phone_number (organization_id,phone) VALUES ("67534","9705099737");
INSERT INTO phone_number (organization_id,phone) VALUES ("96697","5182621901");
INSERT INTO phone_number (organization_id,phone) VALUES ("76059","1337909278");

-- works_on_project 
INSERT INTO works_on_project (project_id,researcher_id) VALUES ("68301","11023");
INSERT INTO works_on_project (project_id,researcher_id) VALUES ("68301","89515");
INSERT INTO works_on_project (project_id,researcher_id) VALUES ("68301","59915");
INSERT INTO works_on_project (project_id,researcher_id) VALUES ("68301","53360");
INSERT INTO works_on_project (project_id,researcher_id) VALUES ("68301","88764");
INSERT INTO works_on_project (project_id,researcher_id) VALUES ("68301","72626");
INSERT INTO works_on_project (project_id,researcher_id) VALUES ("68301","65107");
INSERT INTO works_on_project (project_id,researcher_id) VALUES ("68301","72283");
INSERT INTO works_on_project (project_id,researcher_id) VALUES ("45245","15596");
INSERT INTO works_on_project (project_id,researcher_id) VALUES ("45245","40945");
INSERT INTO works_on_project (project_id,researcher_id) VALUES ("45245","52753");
INSERT INTO works_on_project (project_id,researcher_id) VALUES ("45245","47358");
INSERT INTO works_on_project (project_id,researcher_id) VALUES ("45245","29337");
INSERT INTO works_on_project (project_id,researcher_id) VALUES ("51781","40210");
INSERT INTO works_on_project (project_id,researcher_id) VALUES ("51781","11111");
INSERT INTO works_on_project (project_id,researcher_id) VALUES ("51781","90784");
INSERT INTO works_on_project (project_id,researcher_id) VALUES ("51781","90545");
INSERT INTO works_on_project (project_id,researcher_id) VALUES ("51781","94162");
INSERT INTO works_on_project (project_id,researcher_id) VALUES ("51781","73020");
INSERT INTO works_on_project (project_id,researcher_id) VALUES ("78805","59663");
INSERT INTO works_on_project (project_id,researcher_id) VALUES ("78805","65840");
INSERT INTO works_on_project (project_id,researcher_id) VALUES ("78805","58165");
INSERT INTO works_on_project (project_id,researcher_id) VALUES ("78805","13512");
INSERT INTO works_on_project (project_id,researcher_id) VALUES ("78805","47602");
INSERT INTO works_on_project (project_id,researcher_id) VALUES ("78805","62544");
INSERT INTO works_on_project (project_id,researcher_id) VALUES ("38826","14467");
INSERT INTO works_on_project (project_id,researcher_id) VALUES ("38826","57074");
INSERT INTO works_on_project (project_id,researcher_id) VALUES ("38826","40959");
INSERT INTO works_on_project (project_id,researcher_id) VALUES ("38826","89753");
INSERT INTO works_on_project (project_id,researcher_id) VALUES ("38826","48045");
INSERT INTO works_on_project (project_id,researcher_id) VALUES ("38826","30308");
INSERT INTO works_on_project (project_id,researcher_id) VALUES ("38826","26868");
INSERT INTO works_on_project (project_id,researcher_id) VALUES ("38826","43992");
INSERT INTO works_on_project (project_id,researcher_id) VALUES ("95151","68312");
INSERT INTO works_on_project (project_id,researcher_id) VALUES ("95151","91069");
INSERT INTO works_on_project (project_id,researcher_id) VALUES ("95151","50016");
INSERT INTO works_on_project (project_id,researcher_id) VALUES ("95151","97307");
INSERT INTO works_on_project (project_id,researcher_id) VALUES ("95151","14652");
INSERT INTO works_on_project (project_id,researcher_id) VALUES ("95151","28632");
INSERT INTO works_on_project (project_id,researcher_id) VALUES ("95151","63903");
INSERT INTO works_on_project (project_id,researcher_id) VALUES ("95151","78252");
INSERT INTO works_on_project (project_id,researcher_id) VALUES ("95151","52821");
INSERT INTO works_on_project (project_id,researcher_id) VALUES ("95151","75701");
INSERT INTO works_on_project (project_id,researcher_id) VALUES ("50407","94786");
INSERT INTO works_on_project (project_id,researcher_id) VALUES ("50407","29186");
INSERT INTO works_on_project (project_id,researcher_id) VALUES ("50407","15339");
INSERT INTO works_on_project (project_id,researcher_id) VALUES ("50407","80950");

INSERT INTO works_on_project (project_id,researcher_id) VALUES ("50407","74188");
INSERT INTO works_on_project (project_id,researcher_id) VALUES ("50407","47182");
INSERT INTO works_on_project (project_id,researcher_id) VALUES ("50407","36576");
INSERT INTO works_on_project (project_id,researcher_id) VALUES ("50407","31926");
INSERT INTO works_on_project (project_id,researcher_id) VALUES ("50407","43418");
INSERT INTO works_on_project (project_id,researcher_id) VALUES ("50407","23260");
INSERT INTO works_on_project (project_id,researcher_id) VALUES ("70611","14467");
INSERT INTO works_on_project (project_id,researcher_id) VALUES ("70611","57074");
INSERT INTO works_on_project (project_id,researcher_id) VALUES ("70611","40959");
INSERT INTO works_on_project (project_id,researcher_id) VALUES ("70611","89753");
INSERT INTO works_on_project (project_id,researcher_id) VALUES ("70611","48045");
INSERT INTO works_on_project (project_id,researcher_id) VALUES ("70611","30308");
INSERT INTO works_on_project (project_id,researcher_id) VALUES ("70611","26868");
INSERT INTO works_on_project (project_id,researcher_id) VALUES ("70611","43992");
INSERT INTO works_on_project (project_id,researcher_id) VALUES ("53271","71478");
INSERT INTO works_on_project (project_id,researcher_id) VALUES ("53271","97733");
INSERT INTO works_on_project (project_id,researcher_id) VALUES ("53271","52058");
INSERT INTO works_on_project (project_id,researcher_id) VALUES ("53271","61550");
INSERT INTO works_on_project (project_id,researcher_id) VALUES ("53271","54558");
INSERT INTO works_on_project (project_id,researcher_id) VALUES ("53271","61352");
INSERT INTO works_on_project (project_id,researcher_id) VALUES ("53271","67684");
INSERT INTO works_on_project (project_id,researcher_id) VALUES ("53271","14002");
INSERT INTO works_on_project (project_id,researcher_id) VALUES ("95025","11023");
INSERT INTO works_on_project (project_id,researcher_id) VALUES ("95025","89515");
INSERT INTO works_on_project (project_id,researcher_id) VALUES ("95025","59915");
INSERT INTO works_on_project (project_id,researcher_id) VALUES ("95025","53360");
INSERT INTO works_on_project (project_id,researcher_id) VALUES ("95025","88764");
INSERT INTO works_on_project (project_id,researcher_id) VALUES ("95025","72626");
INSERT INTO works_on_project (project_id,researcher_id) VALUES ("95025","65107");
INSERT INTO works_on_project (project_id,researcher_id) VALUES ("95025","72283");
INSERT INTO works_on_project (project_id,researcher_id) VALUES ("66375","30775");
INSERT INTO works_on_project (project_id,researcher_id) VALUES ("66375","34965");
INSERT INTO works_on_project (project_id,researcher_id) VALUES ("66375","63683");
INSERT INTO works_on_project (project_id,researcher_id) VALUES ("66375","73393");
INSERT INTO works_on_project (project_id,researcher_id) VALUES ("66375","54468");
INSERT INTO works_on_project (project_id,researcher_id) VALUES ("66375","81155");
INSERT INTO works_on_project (project_id,researcher_id) VALUES ("66375","50866");
INSERT INTO works_on_project (project_id,researcher_id) VALUES ("66375","82380");
INSERT INTO works_on_project (project_id,researcher_id) VALUES ("17114","97934");
INSERT INTO works_on_project (project_id,researcher_id) VALUES ("17114","86494");
INSERT INTO works_on_project (project_id,researcher_id) VALUES ("17114","30130");
INSERT INTO works_on_project (project_id,researcher_id) VALUES ("17114","24048");
INSERT INTO works_on_project (project_id,researcher_id) VALUES ("17114","15257");
INSERT INTO works_on_project (project_id,researcher_id) VALUES ("17114","18345");
INSERT INTO works_on_project (project_id,researcher_id) VALUES ("17114","29059");
INSERT INTO works_on_project (project_id,researcher_id) VALUES ("17114","64993");
INSERT INTO works_on_project (project_id,researcher_id) VALUES ("55051","94786");
INSERT INTO works_on_project (project_id,researcher_id) VALUES ("55051","29186");
INSERT INTO works_on_project (project_id,researcher_id) VALUES ("55051","15339");
INSERT INTO works_on_project (project_id,researcher_id) VALUES ("55051","80950");
INSERT INTO works_on_project (project_id,researcher_id) VALUES ("55051","43969");
INSERT INTO works_on_project (project_id,researcher_id) VALUES ("55051","74188");
INSERT INTO works_on_project (project_id,researcher_id) VALUES ("55051","47182");
INSERT INTO works_on_project (project_id,researcher_id) VALUES ("55051","36576");
INSERT INTO works_on_project (project_id,researcher_id) VALUES ("55051","31926");
INSERT INTO works_on_project (project_id,researcher_id) VALUES ("55051","43418");
INSERT INTO works_on_project (project_id,researcher_id) VALUES ("55051","23260");
INSERT INTO works_on_project (project_id,researcher_id) VALUES ("73218","68312");
INSERT INTO works_on_project (project_id,researcher_id) VALUES ("73218","91069");
INSERT INTO works_on_project (project_id,researcher_id) VALUES ("73218","50016");
INSERT INTO works_on_project (project_id,researcher_id) VALUES ("73218","97307");
INSERT INTO works_on_project (project_id,researcher_id) VALUES ("73218","14652");
INSERT INTO works_on_project (project_id,researcher_id) VALUES ("73218","28632");
INSERT INTO works_on_project (project_id,researcher_id) VALUES ("73218","63903");
INSERT INTO works_on_project (project_id,researcher_id) VALUES ("73218","78252");
INSERT INTO works_on_project (project_id,researcher_id) VALUES ("73218","52821");
INSERT INTO works_on_project (project_id,researcher_id) VALUES ("73218","75701");
INSERT INTO works_on_project (project_id,researcher_id) VALUES ("95881","88771");
INSERT INTO works_on_project (project_id,researcher_id) VALUES ("95881","52861");
INSERT INTO works_on_project (project_id,researcher_id) VALUES ("95881","17066");
INSERT INTO works_on_project (project_id,researcher_id) VALUES ("95881","22590");
INSERT INTO works_on_project (project_id,researcher_id) VALUES ("95881","34826");
INSERT INTO works_on_project (project_id,researcher_id) VALUES ("95881","78302");
INSERT INTO works_on_project (project_id,researcher_id) VALUES ("95881","31800");
INSERT INTO works_on_project (project_id,researcher_id) VALUES ("95881","13245");
INSERT INTO works_on_project (project_id,researcher_id) VALUES ("95881","74033");
INSERT INTO works_on_project (project_id,researcher_id) VALUES ("95881","20763");
INSERT INTO works_on_project (project_id,researcher_id) VALUES ("95881","12423");
INSERT INTO works_on_project (project_id,researcher_id) VALUES ("95881","76666");
INSERT INTO works_on_project (project_id,researcher_id) VALUES ("65040","57302");
INSERT INTO works_on_project (project_id,researcher_id) VALUES ("65040","86299");
INSERT INTO works_on_project (project_id,researcher_id) VALUES ("65040","56345");
INSERT INTO works_on_project (project_id,researcher_id) VALUES ("65040","82529");
INSERT INTO works_on_project (project_id,researcher_id) VALUES ("65040","90238");
INSERT INTO works_on_project (project_id,researcher_id) VALUES ("65040","54894");
INSERT INTO works_on_project (project_id,researcher_id) VALUES ("65040","35074");
INSERT INTO works_on_project (project_id,researcher_id) VALUES ("65040","63622");
INSERT INTO works_on_project (project_id,researcher_id) VALUES ("28774","14467");
INSERT INTO works_on_project (project_id,researcher_id) VALUES ("28774","57074");
INSERT INTO works_on_project (project_id,researcher_id) VALUES ("28774","40959");
INSERT INTO works_on_project (project_id,researcher_id) VALUES ("28774","89753");
INSERT INTO works_on_project (project_id,researcher_id) VALUES ("28774","48045");
INSERT INTO works_on_project (project_id,researcher_id) VALUES ("28774","30308");
INSERT INTO works_on_project (project_id,researcher_id) VALUES ("28774","26868");
INSERT INTO works_on_project (project_id,researcher_id) VALUES ("28774","43992");
INSERT INTO works_on_project (project_id,researcher_id) VALUES ("97573","57302");
INSERT INTO works_on_project (project_id,researcher_id) VALUES ("97573","86299");
INSERT INTO works_on_project (project_id,researcher_id) VALUES ("97573","56345");
INSERT INTO works_on_project (project_id,researcher_id) VALUES ("97573","82529");
INSERT INTO works_on_project (project_id,researcher_id) VALUES ("97573","90238");
INSERT INTO works_on_project (project_id,researcher_id) VALUES ("97573","54894");
INSERT INTO works_on_project (project_id,researcher_id) VALUES ("97573","35074");
INSERT INTO works_on_project (project_id,researcher_id) VALUES ("97573","63622");
INSERT INTO works_on_project (project_id,researcher_id) VALUES ("63722","93965");
INSERT INTO works_on_project (project_id,researcher_id) VALUES ("63722","22835");
INSERT INTO works_on_project (project_id,researcher_id) VALUES ("63722","59791");
INSERT INTO works_on_project (project_id,researcher_id) VALUES ("63722","50131");
INSERT INTO works_on_project (project_id,researcher_id) VALUES ("63722","65165");
INSERT INTO works_on_project (project_id,researcher_id) VALUES ("63722","78229");
INSERT INTO works_on_project (project_id,researcher_id) VALUES ("63722","13769");
INSERT INTO works_on_project (project_id,researcher_id) VALUES ("84121","30166");
INSERT INTO works_on_project (project_id,researcher_id) VALUES ("84121","48024");
INSERT INTO works_on_project (project_id,researcher_id) VALUES ("83744","57302");
INSERT INTO works_on_project (project_id,researcher_id) VALUES ("83744","86299");
INSERT INTO works_on_project (project_id,researcher_id) VALUES ("83744","56345");
INSERT INTO works_on_project (project_id,researcher_id) VALUES ("83744","82529");
INSERT INTO works_on_project (project_id,researcher_id) VALUES ("83744","90238");
INSERT INTO works_on_project (project_id,researcher_id) VALUES ("83744","54894");
INSERT INTO works_on_project (project_id,researcher_id) VALUES ("83744","35074");
INSERT INTO works_on_project (project_id,researcher_id) VALUES ("83744","63622");
INSERT INTO works_on_project (project_id,researcher_id) VALUES ("54084","57302");
INSERT INTO works_on_project (project_id,researcher_id) VALUES ("54084","86299");
INSERT INTO works_on_project (project_id,researcher_id) VALUES ("54084","56345");
INSERT INTO works_on_project (project_id,researcher_id) VALUES ("54084","82529");
INSERT INTO works_on_project (project_id,researcher_id) VALUES ("54084","90238");
INSERT INTO works_on_project (project_id,researcher_id) VALUES ("54084","54894");
INSERT INTO works_on_project (project_id,researcher_id) VALUES ("54084","35074");
INSERT INTO works_on_project (project_id,researcher_id) VALUES ("54084","63622");
INSERT INTO works_on_project (project_id,researcher_id) VALUES ("33304","98111");
INSERT INTO works_on_project (project_id,researcher_id) VALUES ("33304","60413");
INSERT INTO works_on_project (project_id,researcher_id) VALUES ("33304","65931");
INSERT INTO works_on_project (project_id,researcher_id) VALUES ("33304","76670");
INSERT INTO works_on_project (project_id,researcher_id) VALUES ("33304","96575");
INSERT INTO works_on_project (project_id,researcher_id) VALUES ("33304","54686");
INSERT INTO works_on_project (project_id,researcher_id) VALUES ("49161","97934");
INSERT INTO works_on_project (project_id,researcher_id) VALUES ("49161","86494");
INSERT INTO works_on_project (project_id,researcher_id) VALUES ("49161","30130");
INSERT INTO works_on_project (project_id,researcher_id) VALUES ("49161","24048");
INSERT INTO works_on_project (project_id,researcher_id) VALUES ("49161","15257");
INSERT INTO works_on_project (project_id,researcher_id) VALUES ("49161","18345");
INSERT INTO works_on_project (project_id,researcher_id) VALUES ("49161","29059");
INSERT INTO works_on_project (project_id,researcher_id) VALUES ("49161","64993");
INSERT INTO works_on_project (project_id,researcher_id) VALUES ("66928","59200");
INSERT INTO works_on_project (project_id,researcher_id) VALUES ("66928","38688");
INSERT INTO works_on_project (project_id,researcher_id) VALUES ("66928","30759");
INSERT INTO works_on_project (project_id,researcher_id) VALUES ("66928","26770");
INSERT INTO works_on_project (project_id,researcher_id) VALUES ("66928","56834");
INSERT INTO works_on_project (project_id,researcher_id) VALUES ("66928","47617");
INSERT INTO works_on_project (project_id,researcher_id) VALUES ("66928","14797");
INSERT INTO works_on_project (project_id,researcher_id) VALUES ("66928","54093");
INSERT INTO works_on_project (project_id,researcher_id) VALUES ("82891","29530");
INSERT INTO works_on_project (project_id,researcher_id) VALUES ("82891","91593");
INSERT INTO works_on_project (project_id,researcher_id) VALUES ("82891","33698");
INSERT INTO works_on_project (project_id,researcher_id) VALUES ("82891","11223");
INSERT INTO works_on_project (project_id,researcher_id) VALUES ("82891","17311");
INSERT INTO works_on_project (project_id,researcher_id) VALUES ("33439","71319");
INSERT INTO works_on_project (project_id,researcher_id) VALUES ("33439","16456");
INSERT INTO works_on_project (project_id,researcher_id) VALUES ("33439","14092");
INSERT INTO works_on_project (project_id,researcher_id) VALUES ("33439","44554");
INSERT INTO works_on_project (project_id,researcher_id) VALUES ("33439","88673");
INSERT INTO works_on_project (project_id,researcher_id) VALUES ("43046","11023");
INSERT INTO works_on_project (project_id,researcher_id) VALUES ("43046","89515");
INSERT INTO works_on_project (project_id,researcher_id) VALUES ("43046","59915");
INSERT INTO works_on_project (project_id,researcher_id) VALUES ("43046","53360");
INSERT INTO works_on_project (project_id,researcher_id) VALUES ("43046","88764");
INSERT INTO works_on_project (project_id,researcher_id) VALUES ("43046","72626");
INSERT INTO works_on_project (project_id,researcher_id) VALUES ("43046","65107");
INSERT INTO works_on_project (project_id,researcher_id) VALUES ("43046","72283");
INSERT INTO works_on_project (project_id,researcher_id) VALUES ("28323","11023");
INSERT INTO works_on_project (project_id,researcher_id) VALUES ("28323","89515");
INSERT INTO works_on_project (project_id,researcher_id) VALUES ("28323","59915");
INSERT INTO works_on_project (project_id,researcher_id) VALUES ("28323","53360");
INSERT INTO works_on_project (project_id,researcher_id) VALUES ("28323","88764");
INSERT INTO works_on_project (project_id,researcher_id) VALUES ("28323","72626");
INSERT INTO works_on_project (project_id,researcher_id) VALUES ("28323","65107");
INSERT INTO works_on_project (project_id,researcher_id) VALUES ("28323","72283");
INSERT INTO works_on_project (project_id,researcher_id) VALUES ("19903","98905");
INSERT INTO works_on_project (project_id,researcher_id) VALUES ("19903","89654");
INSERT INTO works_on_project (project_id,researcher_id) VALUES ("19903","44372");
INSERT INTO works_on_project (project_id,researcher_id) VALUES ("19903","40201");
INSERT INTO works_on_project (project_id,researcher_id) VALUES ("83986","94170");
INSERT INTO works_on_project (project_id,researcher_id) VALUES ("83986","25772");
INSERT INTO works_on_project (project_id,researcher_id) VALUES ("83986","16599");
INSERT INTO works_on_project (project_id,researcher_id) VALUES ("83986","22121");
INSERT INTO works_on_project (project_id,researcher_id) VALUES ("83986","87942");
INSERT INTO works_on_project (project_id,researcher_id) VALUES ("83986","24070");
INSERT INTO works_on_project (project_id,researcher_id) VALUES ("83986","22918");
INSERT INTO works_on_project (project_id,researcher_id) VALUES ("83986","95394");
INSERT INTO works_on_project (project_id,researcher_id) VALUES ("83986","91389");
INSERT INTO works_on_project (project_id,researcher_id) VALUES ("83986","86972");
INSERT INTO works_on_project (project_id,researcher_id) VALUES ("60264","56547");
INSERT INTO works_on_project (project_id,researcher_id) VALUES ("60264","91500");
INSERT INTO works_on_project (project_id,researcher_id) VALUES ("60264","47981");
INSERT INTO works_on_project (project_id,researcher_id) VALUES ("60264","26157");
INSERT INTO works_on_project (project_id,researcher_id) VALUES ("39788","44926");
INSERT INTO works_on_project (project_id,researcher_id) VALUES ("39788","48074");
INSERT INTO works_on_project (project_id,researcher_id) VALUES ("39788","81771");
INSERT INTO works_on_project (project_id,researcher_id) VALUES ("39788","97412");
INSERT INTO works_on_project (project_id,researcher_id) VALUES ("39788","24058");
INSERT INTO works_on_project (project_id,researcher_id) VALUES ("39788","14825");
INSERT INTO works_on_project (project_id,researcher_id) VALUES ("69761","57302");
INSERT INTO works_on_project (project_id,researcher_id) VALUES ("69761","86299");
INSERT INTO works_on_project (project_id,researcher_id) VALUES ("69761","56345");
INSERT INTO works_on_project (project_id,researcher_id) VALUES ("69761","82529");
INSERT INTO works_on_project (project_id,researcher_id) VALUES ("69761","90238");
INSERT INTO works_on_project (project_id,researcher_id) VALUES ("69761","54894");
INSERT INTO works_on_project (project_id,researcher_id) VALUES ("69761","35074");
INSERT INTO works_on_project (project_id,researcher_id) VALUES ("69761","63622");
INSERT INTO works_on_project (project_id,researcher_id) VALUES ("83519","19878");
INSERT INTO works_on_project (project_id,researcher_id) VALUES ("83519","22922");
INSERT INTO works_on_project (project_id,researcher_id) VALUES ("83519","48006");
INSERT INTO works_on_project (project_id,researcher_id) VALUES ("83519","96551");
INSERT INTO works_on_project (project_id,researcher_id) VALUES ("83519","23736");
INSERT INTO works_on_project (project_id,researcher_id) VALUES ("83519","35401");
INSERT INTO works_on_project (project_id,researcher_id) VALUES ("83519","46839");
INSERT INTO works_on_project (project_id,researcher_id) VALUES ("92510","88771");
INSERT INTO works_on_project (project_id,researcher_id) VALUES ("92510","52861");
INSERT INTO works_on_project (project_id,researcher_id) VALUES ("92510","17066");
INSERT INTO works_on_project (project_id,researcher_id) VALUES ("92510","22590");
INSERT INTO works_on_project (project_id,researcher_id) VALUES ("92510","34826");
INSERT INTO works_on_project (project_id,researcher_id) VALUES ("92510","78302");
INSERT INTO works_on_project (project_id,researcher_id) VALUES ("92510","31800");
INSERT INTO works_on_project (project_id,researcher_id) VALUES ("92510","13245");
INSERT INTO works_on_project (project_id,researcher_id) VALUES ("92510","74033");
INSERT INTO works_on_project (project_id,researcher_id) VALUES ("92510","20763");
INSERT INTO works_on_project (project_id,researcher_id) VALUES ("92510","12423");
INSERT INTO works_on_project (project_id,researcher_id) VALUES ("92510","76666");
INSERT INTO works_on_project (project_id,researcher_id) VALUES ("89822","16172");
INSERT INTO works_on_project (project_id,researcher_id) VALUES ("89822","97512");
INSERT INTO works_on_project (project_id,researcher_id) VALUES ("89822","32851");
INSERT INTO works_on_project (project_id,researcher_id) VALUES ("89822","27749");
INSERT INTO works_on_project (project_id,researcher_id) VALUES ("64713","98905");
INSERT INTO works_on_project (project_id,researcher_id) VALUES ("64713","89654");
INSERT INTO works_on_project (project_id,researcher_id) VALUES ("64713","44372");
INSERT INTO works_on_project (project_id,researcher_id) VALUES ("64713","40201");
INSERT INTO works_on_project (project_id,researcher_id) VALUES ("40221","98905");
INSERT INTO works_on_project (project_id,researcher_id) VALUES ("40221","89654");
INSERT INTO works_on_project (project_id,researcher_id) VALUES ("40221","44372");
INSERT INTO works_on_project (project_id,researcher_id) VALUES ("40221","40201");
INSERT INTO works_on_project (project_id,researcher_id) VALUES ("52178","59663");
INSERT INTO works_on_project (project_id,researcher_id) VALUES ("52178","65840");
INSERT INTO works_on_project (project_id,researcher_id) VALUES ("52178","58165");
INSERT INTO works_on_project (project_id,researcher_id) VALUES ("52178","13512");
INSERT INTO works_on_project (project_id,researcher_id) VALUES ("52178","47602");
INSERT INTO works_on_project (project_id,researcher_id) VALUES ("52178","62544");
INSERT INTO works_on_project (project_id,researcher_id) VALUES ("46820","71319");
INSERT INTO works_on_project (project_id,researcher_id) VALUES ("46820","16456");
INSERT INTO works_on_project (project_id,researcher_id) VALUES ("46820","14092");
INSERT INTO works_on_project (project_id,researcher_id) VALUES ("46820","44554");
INSERT INTO works_on_project (project_id,researcher_id) VALUES ("46820","88673");
INSERT INTO works_on_project (project_id,researcher_id) VALUES ("23048","59200");
INSERT INTO works_on_project (project_id,researcher_id) VALUES ("23048","38688");
INSERT INTO works_on_project (project_id,researcher_id) VALUES ("23048","30759");
INSERT INTO works_on_project (project_id,researcher_id) VALUES ("23048","26770");
INSERT INTO works_on_project (project_id,researcher_id) VALUES ("23048","56834");
INSERT INTO works_on_project (project_id,researcher_id) VALUES ("23048","47617");
INSERT INTO works_on_project (project_id,researcher_id) VALUES ("23048","14797");
INSERT INTO works_on_project (project_id,researcher_id) VALUES ("23048","54093");
INSERT INTO works_on_project (project_id,researcher_id) VALUES ("15151","98905");
INSERT INTO works_on_project (project_id,researcher_id) VALUES ("15151","89654");
INSERT INTO works_on_project (project_id,researcher_id) VALUES ("15151","44372");
INSERT INTO works_on_project (project_id,researcher_id) VALUES ("15151","40201");
INSERT INTO works_on_project (project_id,researcher_id) VALUES ("67555","71319");
INSERT INTO works_on_project (project_id,researcher_id) VALUES ("67555","16456");
INSERT INTO works_on_project (project_id,researcher_id) VALUES ("67555","14092");
INSERT INTO works_on_project (project_id,researcher_id) VALUES ("67555","44554");
INSERT INTO works_on_project (project_id,researcher_id) VALUES ("67555","88673");
INSERT INTO works_on_project (project_id,researcher_id) VALUES ("75909","14467");
INSERT INTO works_on_project (project_id,researcher_id) VALUES ("75909","57074");
INSERT INTO works_on_project (project_id,researcher_id) VALUES ("75909","40959");
INSERT INTO works_on_project (project_id,researcher_id) VALUES ("75909","89753");
INSERT INTO works_on_project (project_id,researcher_id) VALUES ("75909","48045");
INSERT INTO works_on_project (project_id,researcher_id) VALUES ("75909","30308");
INSERT INTO works_on_project (project_id,researcher_id) VALUES ("75909","26868");
INSERT INTO works_on_project (project_id,researcher_id) VALUES ("75909","43992");
INSERT INTO works_on_project (project_id,researcher_id) VALUES ("19026","68312");
INSERT INTO works_on_project (project_id,researcher_id) VALUES ("19026","91069");
INSERT INTO works_on_project (project_id,researcher_id) VALUES ("19026","50016");
INSERT INTO works_on_project (project_id,researcher_id) VALUES ("19026","97307");
INSERT INTO works_on_project (project_id,researcher_id) VALUES ("19026","14652");
INSERT INTO works_on_project (project_id,researcher_id) VALUES ("19026","28632");
INSERT INTO works_on_project (project_id,researcher_id) VALUES ("19026","63903");
INSERT INTO works_on_project (project_id,researcher_id) VALUES ("19026","78252");
INSERT INTO works_on_project (project_id,researcher_id) VALUES ("19026","52821");
INSERT INTO works_on_project (project_id,researcher_id) VALUES ("19026","75701");
INSERT INTO works_on_project (project_id,researcher_id) VALUES ("17939","59200");
INSERT INTO works_on_project (project_id,researcher_id) VALUES ("17939","38688");
INSERT INTO works_on_project (project_id,researcher_id) VALUES ("17939","30759");
INSERT INTO works_on_project (project_id,researcher_id) VALUES ("17939","26770");
INSERT INTO works_on_project (project_id,researcher_id) VALUES ("17939","56834");
INSERT INTO works_on_project (project_id,researcher_id) VALUES ("17939","47617");
INSERT INTO works_on_project (project_id,researcher_id) VALUES ("17939","14797");
INSERT INTO works_on_project (project_id,researcher_id) VALUES ("17939","54093");
INSERT INTO works_on_project (project_id,researcher_id) VALUES ("29173","15596");
INSERT INTO works_on_project (project_id,researcher_id) VALUES ("29173","40945");
INSERT INTO works_on_project (project_id,researcher_id) VALUES ("29173","52753");
INSERT INTO works_on_project (project_id,researcher_id) VALUES ("29173","47358");
INSERT INTO works_on_project (project_id,researcher_id) VALUES ("29173","29337");
INSERT INTO works_on_project (project_id,researcher_id) VALUES ("50511","40210");
INSERT INTO works_on_project (project_id,researcher_id) VALUES ("50511","11111");
INSERT INTO works_on_project (project_id,researcher_id) VALUES ("50511","90784");
INSERT INTO works_on_project (project_id,researcher_id) VALUES ("50511","90545");
INSERT INTO works_on_project (project_id,researcher_id) VALUES ("50511","94162");
INSERT INTO works_on_project (project_id,researcher_id) VALUES ("50511","73020");
INSERT INTO works_on_project (project_id,researcher_id) VALUES ("73675","94786");
INSERT INTO works_on_project (project_id,researcher_id) VALUES ("73675","29186");
INSERT INTO works_on_project (project_id,researcher_id) VALUES ("73675","15339");
INSERT INTO works_on_project (project_id,researcher_id) VALUES ("73675","80950");
INSERT INTO works_on_project (project_id,researcher_id) VALUES ("73675","43969");
INSERT INTO works_on_project (project_id,researcher_id) VALUES ("73675","74188");
INSERT INTO works_on_project (project_id,researcher_id) VALUES ("73675","47182");
INSERT INTO works_on_project (project_id,researcher_id) VALUES ("73675","36576");
INSERT INTO works_on_project (project_id,researcher_id) VALUES ("73675","31926");
INSERT INTO works_on_project (project_id,researcher_id) VALUES ("73675","43418");
INSERT INTO works_on_project (project_id,researcher_id) VALUES ("73675","23260");
INSERT INTO works_on_project (project_id,researcher_id) VALUES ("31123","59200");
INSERT INTO works_on_project (project_id,researcher_id) VALUES ("31123","38688");
INSERT INTO works_on_project (project_id,researcher_id) VALUES ("31123","30759");
INSERT INTO works_on_project (project_id,researcher_id) VALUES ("31123","26770");
INSERT INTO works_on_project (project_id,researcher_id) VALUES ("31123","56834");
INSERT INTO works_on_project (project_id,researcher_id) VALUES ("31123","47617");
INSERT INTO works_on_project (project_id,researcher_id) VALUES ("31123","14797");
INSERT INTO works_on_project (project_id,researcher_id) VALUES ("31123","54093");
INSERT INTO works_on_project (project_id,researcher_id) VALUES ("33302","18415");
INSERT INTO works_on_project (project_id,researcher_id) VALUES ("33302","12507");
INSERT INTO works_on_project (project_id,researcher_id) VALUES ("33302","29207");
INSERT INTO works_on_project (project_id,researcher_id) VALUES ("33302","74439");
INSERT INTO works_on_project (project_id,researcher_id) VALUES ("33302","89091");
INSERT INTO works_on_project (project_id,researcher_id) VALUES ("40879","14467");
INSERT INTO works_on_project (project_id,researcher_id) VALUES ("40879","57074");
INSERT INTO works_on_project (project_id,researcher_id) VALUES ("40879","40959");
INSERT INTO works_on_project (project_id,researcher_id) VALUES ("40879","89753");
INSERT INTO works_on_project (project_id,researcher_id) VALUES ("40879","48045");
INSERT INTO works_on_project (project_id,researcher_id) VALUES ("40879","30308");
INSERT INTO works_on_project (project_id,researcher_id) VALUES ("40879","26868");
INSERT INTO works_on_project (project_id,researcher_id) VALUES ("40879","43992");
INSERT INTO works_on_project (project_id,researcher_id) VALUES ("90211","94786");
INSERT INTO works_on_project (project_id,researcher_id) VALUES ("90211","29186");
INSERT INTO works_on_project (project_id,researcher_id) VALUES ("90211","15339");
INSERT INTO works_on_project (project_id,researcher_id) VALUES ("90211","80950");
INSERT INTO works_on_project (project_id,researcher_id) VALUES ("90211","43969");
INSERT INTO works_on_project (project_id,researcher_id) VALUES ("90211","74188");
INSERT INTO works_on_project (project_id,researcher_id) VALUES ("90211","47182");
INSERT INTO works_on_project (project_id,researcher_id) VALUES ("90211","36576");
INSERT INTO works_on_project (project_id,researcher_id) VALUES ("90211","31926");
INSERT INTO works_on_project (project_id,researcher_id) VALUES ("90211","43418");
INSERT INTO works_on_project (project_id,researcher_id) VALUES ("90211","23260");
INSERT INTO works_on_project (project_id,researcher_id) VALUES ("45172","71319");
INSERT INTO works_on_project (project_id,researcher_id) VALUES ("45172","16456");
INSERT INTO works_on_project (project_id,researcher_id) VALUES ("45172","14092");
INSERT INTO works_on_project (project_id,researcher_id) VALUES ("45172","44554");
INSERT INTO works_on_project (project_id,researcher_id) VALUES ("45172","88673");
INSERT INTO works_on_project (project_id,researcher_id) VALUES ("56983","30775");
INSERT INTO works_on_project (project_id,researcher_id) VALUES ("56983","34965");
INSERT INTO works_on_project (project_id,researcher_id) VALUES ("56983","63683");
INSERT INTO works_on_project (project_id,researcher_id) VALUES ("56983","73393");
INSERT INTO works_on_project (project_id,researcher_id) VALUES ("56983","54468");
INSERT INTO works_on_project (project_id,researcher_id) VALUES ("56983","81155");
INSERT INTO works_on_project (project_id,researcher_id) VALUES ("56983","50866");
INSERT INTO works_on_project (project_id,researcher_id) VALUES ("56983","82380");
INSERT INTO works_on_project (project_id,researcher_id) VALUES ("71454","94786");
INSERT INTO works_on_project (project_id,researcher_id) VALUES ("71454","29186");
INSERT INTO works_on_project (project_id,researcher_id) VALUES ("71454","15339");
INSERT INTO works_on_project (project_id,researcher_id) VALUES ("71454","80950");
INSERT INTO works_on_project (project_id,researcher_id) VALUES ("71454","43969");
INSERT INTO works_on_project (project_id,researcher_id) VALUES ("71454","74188");
INSERT INTO works_on_project (project_id,researcher_id) VALUES ("71454","47182");
INSERT INTO works_on_project (project_id,researcher_id) VALUES ("71454","36576");
INSERT INTO works_on_project (project_id,researcher_id) VALUES ("71454","31926");
INSERT INTO works_on_project (project_id,researcher_id) VALUES ("71454","43418");
INSERT INTO works_on_project (project_id,researcher_id) VALUES ("71454","23260");
INSERT INTO works_on_project (project_id,researcher_id) VALUES ("26906","97934");
INSERT INTO works_on_project (project_id,researcher_id) VALUES ("26906","86494");
INSERT INTO works_on_project (project_id,researcher_id) VALUES ("26906","30130");
INSERT INTO works_on_project (project_id,researcher_id) VALUES ("26906","24048");
INSERT INTO works_on_project (project_id,researcher_id) VALUES ("26906","15257");
INSERT INTO works_on_project (project_id,researcher_id) VALUES ("26906","18345");
INSERT INTO works_on_project (project_id,researcher_id) VALUES ("26906","29059");
INSERT INTO works_on_project (project_id,researcher_id) VALUES ("26906","64993");
INSERT INTO works_on_project (project_id,researcher_id) VALUES ("65551","29530");
INSERT INTO works_on_project (project_id,researcher_id) VALUES ("65551","91593");
INSERT INTO works_on_project (project_id,researcher_id) VALUES ("65551","33698");
INSERT INTO works_on_project (project_id,researcher_id) VALUES ("65551","11223");
INSERT INTO works_on_project (project_id,researcher_id) VALUES ("65551","17311");
INSERT INTO works_on_project (project_id,researcher_id) VALUES ("70676","18415");
INSERT INTO works_on_project (project_id,researcher_id) VALUES ("70676","12507");
INSERT INTO works_on_project (project_id,researcher_id) VALUES ("70676","29207");
INSERT INTO works_on_project (project_id,researcher_id) VALUES ("70676","74439");
INSERT INTO works_on_project (project_id,researcher_id) VALUES ("70676","89091");
INSERT INTO works_on_project (project_id,researcher_id) VALUES ("75382","88342");
INSERT INTO works_on_project (project_id,researcher_id) VALUES ("75382","44731");
INSERT INTO works_on_project (project_id,researcher_id) VALUES ("75382","46915");
INSERT INTO works_on_project (project_id,researcher_id) VALUES ("75382","66460");
INSERT INTO works_on_project (project_id,researcher_id) VALUES ("75382","10384");
INSERT INTO works_on_project (project_id,researcher_id) VALUES ("75382","54740");
INSERT INTO works_on_project (project_id,researcher_id) VALUES ("62320","71319");
INSERT INTO works_on_project (project_id,researcher_id) VALUES ("62320","16456");
INSERT INTO works_on_project (project_id,researcher_id) VALUES ("62320","14092");
INSERT INTO works_on_project (project_id,researcher_id) VALUES ("62320","44554");
INSERT INTO works_on_project (project_id,researcher_id) VALUES ("62320","88673");
INSERT INTO works_on_project (project_id,researcher_id) VALUES ("41025","94170");
INSERT INTO works_on_project (project_id,researcher_id) VALUES ("41025","25772");
INSERT INTO works_on_project (project_id,researcher_id) VALUES ("41025","16599");
INSERT INTO works_on_project (project_id,researcher_id) VALUES ("41025","22121");
INSERT INTO works_on_project (project_id,researcher_id) VALUES ("41025","87942");
INSERT INTO works_on_project (project_id,researcher_id) VALUES ("41025","24070");
INSERT INTO works_on_project (project_id,researcher_id) VALUES ("41025","22918");
INSERT INTO works_on_project (project_id,researcher_id) VALUES ("41025","95394");
INSERT INTO works_on_project (project_id,researcher_id) VALUES ("41025","91389");
INSERT INTO works_on_project (project_id,researcher_id) VALUES ("41025","86972");
INSERT INTO works_on_project (project_id,researcher_id) VALUES ("74816","14467");
INSERT INTO works_on_project (project_id,researcher_id) VALUES ("74816","57074");
INSERT INTO works_on_project (project_id,researcher_id) VALUES ("74816","40959");
INSERT INTO works_on_project (project_id,researcher_id) VALUES ("74816","89753");
INSERT INTO works_on_project (project_id,researcher_id) VALUES ("74816","48045");
INSERT INTO works_on_project (project_id,researcher_id) VALUES ("74816","30308");
INSERT INTO works_on_project (project_id,researcher_id) VALUES ("74816","26868");
INSERT INTO works_on_project (project_id,researcher_id) VALUES ("74816","43992");
INSERT INTO works_on_project (project_id,researcher_id) VALUES ("78085","31139");
INSERT INTO works_on_project (project_id,researcher_id) VALUES ("78085","14806");
INSERT INTO works_on_project (project_id,researcher_id) VALUES ("78085","43492");
INSERT INTO works_on_project (project_id,researcher_id) VALUES ("78085","58895");
INSERT INTO works_on_project (project_id,researcher_id) VALUES ("78085","88713");
INSERT INTO works_on_project (project_id,researcher_id) VALUES ("78085","67096");
INSERT INTO works_on_project (project_id,researcher_id) VALUES ("78085","54162");
INSERT INTO works_on_project (project_id,researcher_id) VALUES ("78085","25828");
INSERT INTO works_on_project (project_id,researcher_id) VALUES ("54327","56547");
INSERT INTO works_on_project (project_id,researcher_id) VALUES ("54327","91500");
INSERT INTO works_on_project (project_id,researcher_id) VALUES ("54327","47981");
INSERT INTO works_on_project (project_id,researcher_id) VALUES ("54327","26157");
INSERT INTO works_on_project (project_id,researcher_id) VALUES ("13643","93965");
INSERT INTO works_on_project (project_id,researcher_id) VALUES ("13643","22835");
INSERT INTO works_on_project (project_id,researcher_id) VALUES ("13643","59791");
INSERT INTO works_on_project (project_id,researcher_id) VALUES ("13643","50131");
INSERT INTO works_on_project (project_id,researcher_id) VALUES ("13643","65165");
INSERT INTO works_on_project (project_id,researcher_id) VALUES ("13643","78229");
INSERT INTO works_on_project (project_id,researcher_id) VALUES ("13643","13769");
INSERT INTO works_on_project (project_id,researcher_id) VALUES ("95695","29530");
INSERT INTO works_on_project (project_id,researcher_id) VALUES ("95695","91593");
INSERT INTO works_on_project (project_id,researcher_id) VALUES ("95695","33698");
INSERT INTO works_on_project (project_id,researcher_id) VALUES ("95695","11223");
INSERT INTO works_on_project (project_id,researcher_id) VALUES ("95695","17311");
INSERT INTO works_on_project (project_id,researcher_id) VALUES ("32554","98905");
INSERT INTO works_on_project (project_id,researcher_id) VALUES ("32554","89654");
INSERT INTO works_on_project (project_id,researcher_id) VALUES ("32554","44372");
INSERT INTO works_on_project (project_id,researcher_id) VALUES ("32554","40201");
INSERT INTO works_on_project (project_id,researcher_id) VALUES ("37006","47464");

INSERT INTO works_on_project (project_id,researcher_id) VALUES ("37006","24862");
INSERT INTO works_on_project (project_id,researcher_id) VALUES ("37006","16597");
INSERT INTO works_on_project (project_id,researcher_id) VALUES ("37006","58987");
INSERT INTO works_on_project (project_id,researcher_id) VALUES ("37006","16583");
INSERT INTO works_on_project (project_id,researcher_id) VALUES ("73593","59663");
INSERT INTO works_on_project (project_id,researcher_id) VALUES ("73593","65840");
INSERT INTO works_on_project (project_id,researcher_id) VALUES ("73593","58165");
INSERT INTO works_on_project (project_id,researcher_id) VALUES ("73593","13512");
INSERT INTO works_on_project (project_id,researcher_id) VALUES ("73593","47602");
INSERT INTO works_on_project (project_id,researcher_id) VALUES ("73593","62544");
INSERT INTO works_on_project (project_id,researcher_id) VALUES ("20013","68312");
INSERT INTO works_on_project (project_id,researcher_id) VALUES ("20013","91069");
INSERT INTO works_on_project (project_id,researcher_id) VALUES ("20013","50016");
INSERT INTO works_on_project (project_id,researcher_id) VALUES ("20013","97307");
INSERT INTO works_on_project (project_id,researcher_id) VALUES ("20013","14652");
INSERT INTO works_on_project (project_id,researcher_id) VALUES ("20013","28632");
INSERT INTO works_on_project (project_id,researcher_id) VALUES ("20013","63903");
INSERT INTO works_on_project (project_id,researcher_id) VALUES ("20013","78252");
INSERT INTO works_on_project (project_id,researcher_id) VALUES ("20013","52821");
INSERT INTO works_on_project (project_id,researcher_id) VALUES ("20013","75701");
INSERT INTO works_on_project (project_id,researcher_id) VALUES ("33234","88771");
INSERT INTO works_on_project (project_id,researcher_id) VALUES ("33234","52861");
INSERT INTO works_on_project (project_id,researcher_id) VALUES ("33234","17066");
INSERT INTO works_on_project (project_id,researcher_id) VALUES ("33234","22590");
INSERT INTO works_on_project (project_id,researcher_id) VALUES ("33234","34826");
INSERT INTO works_on_project (project_id,researcher_id) VALUES ("33234","78302");
INSERT INTO works_on_project (project_id,researcher_id) VALUES ("33234","31800");
INSERT INTO works_on_project (project_id,researcher_id) VALUES ("33234","13245");
INSERT INTO works_on_project (project_id,researcher_id) VALUES ("33234","74033");
INSERT INTO works_on_project (project_id,researcher_id) VALUES ("33234","20763");
INSERT INTO works_on_project (project_id,researcher_id) VALUES ("33234","12423");
INSERT INTO works_on_project (project_id,researcher_id) VALUES ("33234","76666");
INSERT INTO works_on_project (project_id,researcher_id) VALUES ("59854","98905");
INSERT INTO works_on_project (project_id,researcher_id) VALUES ("59854","89654");
INSERT INTO works_on_project (project_id,researcher_id) VALUES ("59854","44372");
INSERT INTO works_on_project (project_id,researcher_id) VALUES ("59854","40201");
INSERT INTO works_on_project (project_id,researcher_id) VALUES ("39281","97934");
INSERT INTO works_on_project (project_id,researcher_id) VALUES ("39281","86494");
INSERT INTO works_on_project (project_id,researcher_id) VALUES ("39281","30130");
INSERT INTO works_on_project (project_id,researcher_id) VALUES ("39281","24048");
INSERT INTO works_on_project (project_id,researcher_id) VALUES ("39281","15257");
INSERT INTO works_on_project (project_id,researcher_id) VALUES ("39281","18345");
INSERT INTO works_on_project (project_id,researcher_id) VALUES ("39281","29059");
INSERT INTO works_on_project (project_id,researcher_id) VALUES ("39281","64993");
INSERT INTO works_on_project (project_id,researcher_id) VALUES ("61631","71319");
INSERT INTO works_on_project (project_id,researcher_id) VALUES ("61631","16456");
INSERT INTO works_on_project (project_id,researcher_id) VALUES ("61631","14092");
INSERT INTO works_on_project (project_id,researcher_id) VALUES ("61631","44554");
INSERT INTO works_on_project (project_id,researcher_id) VALUES ("61631","88673");
INSERT INTO works_on_project (project_id,researcher_id) VALUES ("85831","59663");
INSERT INTO works_on_project (project_id,researcher_id) VALUES ("85831","65840");
INSERT INTO works_on_project (project_id,researcher_id) VALUES ("85831","58165");
INSERT INTO works_on_project (project_id,researcher_id) VALUES ("85831","13512");
INSERT INTO works_on_project (project_id,researcher_id) VALUES ("85831","47602");
INSERT INTO works_on_project (project_id,researcher_id) VALUES ("85831","62544");
INSERT INTO works_on_project (project_id,researcher_id) VALUES ("68779","68312");
INSERT INTO works_on_project (project_id,researcher_id) VALUES ("68779","91069");
INSERT INTO works_on_project (project_id,researcher_id) VALUES ("68779","50016");
INSERT INTO works_on_project (project_id,researcher_id) VALUES ("68779","97307");
INSERT INTO works_on_project (project_id,researcher_id) VALUES ("68779","14652");
INSERT INTO works_on_project (project_id,researcher_id) VALUES ("68779","28632");
INSERT INTO works_on_project (project_id,researcher_id) VALUES ("68779","63903");
INSERT INTO works_on_project (project_id,researcher_id) VALUES ("68779","78252");
INSERT INTO works_on_project (project_id,researcher_id) VALUES ("68779","52821");
INSERT INTO works_on_project (project_id,researcher_id) VALUES ("68779","75701");
INSERT INTO works_on_project (project_id,researcher_id) VALUES ("49847","97934");
INSERT INTO works_on_project (project_id,researcher_id) VALUES ("49847","86494");
INSERT INTO works_on_project (project_id,researcher_id) VALUES ("49847","30130");
INSERT INTO works_on_project (project_id,researcher_id) VALUES ("49847","24048");
INSERT INTO works_on_project (project_id,researcher_id) VALUES ("49847","15257");
INSERT INTO works_on_project (project_id,researcher_id) VALUES ("49847","18345");
INSERT INTO works_on_project (project_id,researcher_id) VALUES ("49847","29059");
INSERT INTO works_on_project (project_id,researcher_id) VALUES ("49847","64993");
INSERT INTO works_on_project (project_id,researcher_id) VALUES ("73634","16172");
INSERT INTO works_on_project (project_id,researcher_id) VALUES ("73634","97512");
INSERT INTO works_on_project (project_id,researcher_id) VALUES ("73634","32851");
INSERT INTO works_on_project (project_id,researcher_id) VALUES ("73634","27749");
INSERT INTO works_on_project (project_id,researcher_id) VALUES ("90306","94170");
INSERT INTO works_on_project (project_id,researcher_id) VALUES ("90306","25772");
INSERT INTO works_on_project (project_id,researcher_id) VALUES ("90306","16599");
INSERT INTO works_on_project (project_id,researcher_id) VALUES ("90306","22121");
INSERT INTO works_on_project (project_id,researcher_id) VALUES ("90306","87942");
INSERT INTO works_on_project (project_id,researcher_id) VALUES ("90306","24070");
INSERT INTO works_on_project (project_id,researcher_id) VALUES ("90306","22918");
INSERT INTO works_on_project (project_id,researcher_id) VALUES ("90306","95394");
INSERT INTO works_on_project (project_id,researcher_id) VALUES ("90306","91389");
INSERT INTO works_on_project (project_id,researcher_id) VALUES ("90306","86972");
INSERT INTO works_on_project (project_id,researcher_id) VALUES ("70248","59663");
INSERT INTO works_on_project (project_id,researcher_id) VALUES ("70248","65840");
INSERT INTO works_on_project (project_id,researcher_id) VALUES ("70248","58165");
INSERT INTO works_on_project (project_id,researcher_id) VALUES ("70248","13512");
INSERT INTO works_on_project (project_id,researcher_id) VALUES ("70248","47602");
INSERT INTO works_on_project (project_id,researcher_id) VALUES ("70248","62544");
INSERT INTO works_on_project (project_id,researcher_id) VALUES ("42072","59663");
INSERT INTO works_on_project (project_id,researcher_id) VALUES ("42072","65840");
INSERT INTO works_on_project (project_id,researcher_id) VALUES ("42072","58165");
INSERT INTO works_on_project (project_id,researcher_id) VALUES ("42072","13512");
INSERT INTO works_on_project (project_id,researcher_id) VALUES ("42072","47602");
INSERT INTO works_on_project (project_id,researcher_id) VALUES ("42072","62544");
INSERT INTO works_on_project (project_id,researcher_id) VALUES ("42647","31139");
INSERT INTO works_on_project (project_id,researcher_id) VALUES ("42647","14806");
INSERT INTO works_on_project (project_id,researcher_id) VALUES ("42647","43492");
INSERT INTO works_on_project (project_id,researcher_id) VALUES ("42647","58895");
INSERT INTO works_on_project (project_id,researcher_id) VALUES ("42647","88713");
INSERT INTO works_on_project (project_id,researcher_id) VALUES ("42647","67096");
INSERT INTO works_on_project (project_id,researcher_id) VALUES ("42647","54162");
INSERT INTO works_on_project (project_id,researcher_id) VALUES ("42647","25828");
INSERT INTO works_on_project (project_id,researcher_id) VALUES ("63091","93965");
INSERT INTO works_on_project (project_id,researcher_id) VALUES ("63091","22835");
INSERT INTO works_on_project (project_id,researcher_id) VALUES ("63091","59791");
INSERT INTO works_on_project (project_id,researcher_id) VALUES ("63091","50131");
INSERT INTO works_on_project (project_id,researcher_id) VALUES ("63091","65165");
INSERT INTO works_on_project (project_id,researcher_id) VALUES ("63091","78229");
INSERT INTO works_on_project (project_id,researcher_id) VALUES ("63091","13769");
INSERT INTO works_on_project (project_id,researcher_id) VALUES ("76661","29530");
INSERT INTO works_on_project (project_id,researcher_id) VALUES ("76661","91593");
INSERT INTO works_on_project (project_id,researcher_id) VALUES ("76661","33698");
INSERT INTO works_on_project (project_id,researcher_id) VALUES ("76661","11223");
INSERT INTO works_on_project (project_id,researcher_id) VALUES ("76661","17311");
INSERT INTO works_on_project (project_id,researcher_id) VALUES ("64557","71050");
INSERT INTO works_on_project (project_id,researcher_id) VALUES ("64557","73124");
INSERT INTO works_on_project (project_id,researcher_id) VALUES ("64557","40124");
INSERT INTO works_on_project (project_id,researcher_id) VALUES ("64557","82784");
INSERT INTO works_on_project (project_id,researcher_id) VALUES ("64557","68809");
INSERT INTO works_on_project (project_id,researcher_id) VALUES ("64557","26529");
INSERT INTO works_on_project (project_id,researcher_id) VALUES ("64557","77810");
INSERT INTO works_on_project (project_id,researcher_id) VALUES ("64557","46660");
INSERT INTO works_on_project (project_id,researcher_id) VALUES ("95745","59663");
INSERT INTO works_on_project (project_id,researcher_id) VALUES ("95745","65840");
INSERT INTO works_on_project (project_id,researcher_id) VALUES ("95745","58165");
INSERT INTO works_on_project (project_id,researcher_id) VALUES ("95745","13512");
INSERT INTO works_on_project (project_id,researcher_id) VALUES ("95745","47602");
INSERT INTO works_on_project (project_id,researcher_id) VALUES ("95745","62544");
INSERT INTO works_on_project (project_id,researcher_id) VALUES ("39993","98111");
INSERT INTO works_on_project (project_id,researcher_id) VALUES ("39993","60413");
INSERT INTO works_on_project (project_id,researcher_id) VALUES ("39993","65931");
INSERT INTO works_on_project (project_id,researcher_id) VALUES ("39993","76670");
INSERT INTO works_on_project (project_id,researcher_id) VALUES ("39993","96575");
INSERT INTO works_on_project (project_id,researcher_id) VALUES ("39993","54686");
INSERT INTO works_on_project (project_id,researcher_id) VALUES ("52499","30166");
INSERT INTO works_on_project (project_id,researcher_id) VALUES ("52499","48024");
INSERT INTO works_on_project (project_id,researcher_id) VALUES ("98072","29530");
INSERT INTO works_on_project (project_id,researcher_id) VALUES ("98072","91593");
INSERT INTO works_on_project (project_id,researcher_id) VALUES ("98072","33698");
INSERT INTO works_on_project (project_id,researcher_id) VALUES ("98072","11223");
INSERT INTO works_on_project (project_id,researcher_id) VALUES ("98072","17311");
INSERT INTO works_on_project (project_id,researcher_id) VALUES ("26086","29530");
INSERT INTO works_on_project (project_id,researcher_id) VALUES ("26086","91593");
INSERT INTO works_on_project (project_id,researcher_id) VALUES ("26086","33698");
INSERT INTO works_on_project (project_id,researcher_id) VALUES ("26086","11223");
INSERT INTO works_on_project (project_id,researcher_id) VALUES ("26086","17311");
INSERT INTO works_on_project (project_id,researcher_id) VALUES ("95451","29530");
INSERT INTO works_on_project (project_id,researcher_id) VALUES ("95451","91593");
INSERT INTO works_on_project (project_id,researcher_id) VALUES ("95451","33698");
INSERT INTO works_on_project (project_id,researcher_id) VALUES ("95451","11223");
INSERT INTO works_on_project (project_id,researcher_id) VALUES ("95451","17311");
INSERT INTO works_on_project (project_id,researcher_id) VALUES ("65170","94170");
INSERT INTO works_on_project (project_id,researcher_id) VALUES ("65170","25772");
INSERT INTO works_on_project (project_id,researcher_id) VALUES ("65170","16599");
INSERT INTO works_on_project (project_id,researcher_id) VALUES ("65170","22121");
INSERT INTO works_on_project (project_id,researcher_id) VALUES ("65170","87942");
INSERT INTO works_on_project (project_id,researcher_id) VALUES ("65170","24070");
INSERT INTO works_on_project (project_id,researcher_id) VALUES ("65170","22918");
INSERT INTO works_on_project (project_id,researcher_id) VALUES ("65170","95394");
INSERT INTO works_on_project (project_id,researcher_id) VALUES ("65170","91389");
INSERT INTO works_on_project (project_id,researcher_id) VALUES ("65170","86972");
INSERT INTO works_on_project (project_id,researcher_id) VALUES ("14976","56547");
INSERT INTO works_on_project (project_id,researcher_id) VALUES ("14976","91500");
INSERT INTO works_on_project (project_id,researcher_id) VALUES ("14976","47981");
INSERT INTO works_on_project (project_id,researcher_id) VALUES ("14976","26157");
INSERT INTO works_on_project (project_id,researcher_id) VALUES ("61483","29530");
INSERT INTO works_on_project (project_id,researcher_id) VALUES ("61483","91593");
INSERT INTO works_on_project (project_id,researcher_id) VALUES ("61483","33698");
INSERT INTO works_on_project (project_id,researcher_id) VALUES ("61483","11223");
INSERT INTO works_on_project (project_id,researcher_id) VALUES ("61483","17311");
INSERT INTO works_on_project (project_id,researcher_id) VALUES ("32200","88771");
INSERT INTO works_on_project (project_id,researcher_id) VALUES ("32200","52861");
INSERT INTO works_on_project (project_id,researcher_id) VALUES ("32200","17066");
INSERT INTO works_on_project (project_id,researcher_id) VALUES ("32200","22590");
INSERT INTO works_on_project (project_id,researcher_id) VALUES ("32200","34826");
INSERT INTO works_on_project (project_id,researcher_id) VALUES ("32200","78302");
INSERT INTO works_on_project (project_id,researcher_id) VALUES ("32200","31800");
INSERT INTO works_on_project (project_id,researcher_id) VALUES ("32200","13245");
INSERT INTO works_on_project (project_id,researcher_id) VALUES ("32200","74033");
INSERT INTO works_on_project (project_id,researcher_id) VALUES ("32200","20763");
INSERT INTO works_on_project (project_id,researcher_id) VALUES ("32200","12423");
INSERT INTO works_on_project (project_id,researcher_id) VALUES ("32200","76666");
INSERT INTO works_on_project (project_id,researcher_id) VALUES ("18544","59663");
INSERT INTO works_on_project (project_id,researcher_id) VALUES ("18544","65840");
INSERT INTO works_on_project (project_id,researcher_id) VALUES ("18544","58165");
INSERT INTO works_on_project (project_id,researcher_id) VALUES ("18544","13512");
INSERT INTO works_on_project (project_id,researcher_id) VALUES ("18544","47602");
INSERT INTO works_on_project (project_id,researcher_id) VALUES ("18544","62544");
INSERT INTO works_on_project (project_id,researcher_id) VALUES ("31344","94786");
INSERT INTO works_on_project (project_id,researcher_id) VALUES ("31344","29186");
INSERT INTO works_on_project (project_id,researcher_id) VALUES ("31344","15339");
INSERT INTO works_on_project (project_id,researcher_id) VALUES ("31344","80950");
INSERT INTO works_on_project (project_id,researcher_id) VALUES ("31344","43969");
INSERT INTO works_on_project (project_id,researcher_id) VALUES ("31344","74188");
INSERT INTO works_on_project (project_id,researcher_id) VALUES ("31344","47182");
INSERT INTO works_on_project (project_id,researcher_id) VALUES ("31344","36576");
INSERT INTO works_on_project (project_id,researcher_id) VALUES ("31344","31926");
INSERT INTO works_on_project (project_id,researcher_id) VALUES ("31344","43418");
INSERT INTO works_on_project (project_id,researcher_id) VALUES ("31344","23260");
INSERT INTO works_on_project (project_id,researcher_id) VALUES ("31287","18415");
INSERT INTO works_on_project (project_id,researcher_id) VALUES ("31287","12507");
INSERT INTO works_on_project (project_id,researcher_id) VALUES ("31287","29207");
INSERT INTO works_on_project (project_id,researcher_id) VALUES ("31287","74439");
INSERT INTO works_on_project (project_id,researcher_id) VALUES ("31287","89091");

-- scientific_field_project 
INSERT INTO scientific_field_project (scfield_id,project_id) VALUES ("46481","68301");
INSERT INTO scientific_field_project (scfield_id,project_id) VALUES ("57753","68301");
INSERT INTO scientific_field_project (scfield_id,project_id) VALUES ("46481","45245");
INSERT INTO scientific_field_project (scfield_id,project_id) VALUES ("78674","51781");
INSERT INTO scientific_field_project (scfield_id,project_id) VALUES ("46481","78805");
INSERT INTO scientific_field_project (scfield_id,project_id) VALUES ("48307","78805");
INSERT INTO scientific_field_project (scfield_id,project_id) VALUES ("30526","78805");
INSERT INTO scientific_field_project (scfield_id,project_id) VALUES ("69177","78805");
INSERT INTO scientific_field_project (scfield_id,project_id) VALUES ("94785","38826");
INSERT INTO scientific_field_project (scfield_id,project_id) VALUES ("46481","38826");
INSERT INTO scientific_field_project (scfield_id,project_id) VALUES ("78674","38826");
INSERT INTO scientific_field_project (scfield_id,project_id) VALUES ("25898","38826");
INSERT INTO scientific_field_project (scfield_id,project_id) VALUES ("11383","95151");
INSERT INTO scientific_field_project (scfield_id,project_id) VALUES ("94785","95151");
INSERT INTO scientific_field_project (scfield_id,project_id) VALUES ("11383","50407");
INSERT INTO scientific_field_project (scfield_id,project_id) VALUES ("30526","50407");
INSERT INTO scientific_field_project (scfield_id,project_id) VALUES ("69177","50407");
INSERT INTO scientific_field_project (scfield_id,project_id) VALUES ("48307","50407");
INSERT INTO scientific_field_project (scfield_id,project_id) VALUES ("48307","70611");
INSERT INTO scientific_field_project (scfield_id,project_id) VALUES ("11383","70611");
INSERT INTO scientific_field_project (scfield_id,project_id) VALUES ("11383","53271");
INSERT INTO scientific_field_project (scfield_id,project_id) VALUES ("69177","53271");
INSERT INTO scientific_field_project (scfield_id,project_id) VALUES ("94785","95025");
INSERT INTO scientific_field_project (scfield_id,project_id) VALUES ("25898","95025");
INSERT INTO scientific_field_project (scfield_id,project_id) VALUES ("90274","66375");
INSERT INTO scientific_field_project (scfield_id,project_id) VALUES ("69177","17114");
INSERT INTO scientific_field_project (scfield_id,project_id) VALUES ("25898","17114");
INSERT INTO scientific_field_project (scfield_id,project_id) VALUES ("90274","55051");
INSERT INTO scientific_field_project (scfield_id,project_id) VALUES ("11383","55051");
INSERT INTO scientific_field_project (scfield_id,project_id) VALUES ("57753","55051");
INSERT INTO scientific_field_project (scfield_id,project_id) VALUES ("94785","73218");
INSERT INTO scientific_field_project (scfield_id,project_id) VALUES ("11383","73218");
INSERT INTO scientific_field_project (scfield_id,project_id) VALUES ("78674","73218");
INSERT INTO scientific_field_project (scfield_id,project_id) VALUES ("57753","95881");
INSERT INTO scientific_field_project (scfield_id,project_id) VALUES ("46481","95881");
INSERT INTO scientific_field_project (scfield_id,project_id) VALUES ("78674","65040");
INSERT INTO scientific_field_project (scfield_id,project_id) VALUES ("25898","65040");
INSERT INTO scientific_field_project (scfield_id,project_id) VALUES ("46481","28774");
INSERT INTO scientific_field_project (scfield_id,project_id) VALUES ("57753","28774");
INSERT INTO scientific_field_project (scfield_id,project_id) VALUES ("30526","28774");
INSERT INTO scientific_field_project (scfield_id,project_id) VALUES ("25898","28774");
INSERT INTO scientific_field_project (scfield_id,project_id) VALUES ("48307","97573");
INSERT INTO scientific_field_project (scfield_id,project_id) VALUES ("11383","63722");
INSERT INTO scientific_field_project (scfield_id,project_id) VALUES ("25898","84121");
INSERT INTO scientific_field_project (scfield_id,project_id) VALUES ("11383","84121");
INSERT INTO scientific_field_project (scfield_id,project_id) VALUES ("25898","83744");
INSERT INTO scientific_field_project (scfield_id,project_id) VALUES ("11383","83744");
INSERT INTO scientific_field_project (scfield_id,project_id) VALUES ("30526","54084");
INSERT INTO scientific_field_project (scfield_id,project_id) VALUES ("25898","54084");
INSERT INTO scientific_field_project (scfield_id,project_id) VALUES ("94785","54084");
INSERT INTO scientific_field_project (scfield_id,project_id) VALUES ("46481","33304");
INSERT INTO scientific_field_project (scfield_id,project_id) VALUES ("94785","33304");
INSERT INTO scientific_field_project (scfield_id,project_id) VALUES ("57753","49161");
INSERT INTO scientific_field_project (scfield_id,project_id) VALUES ("78674","49161");
INSERT INTO scientific_field_project (scfield_id,project_id) VALUES ("69177","66928");
INSERT INTO scientific_field_project (scfield_id,project_id) VALUES ("30526","66928");
INSERT INTO scientific_field_project (scfield_id,project_id) VALUES ("46481","66928");
INSERT INTO scientific_field_project (scfield_id,project_id) VALUES ("25898","82891");
INSERT INTO scientific_field_project (scfield_id,project_id) VALUES ("11383","82891");
INSERT INTO scientific_field_project (scfield_id,project_id) VALUES ("90274","82891");
INSERT INTO scientific_field_project (scfield_id,project_id) VALUES ("46481","33439");
INSERT INTO scientific_field_project (scfield_id,project_id) VALUES ("90274","33439");
INSERT INTO scientific_field_project (scfield_id,project_id) VALUES ("48307","33439");
INSERT INTO scientific_field_project (scfield_id,project_id) VALUES ("48307","43046");
INSERT INTO scientific_field_project (scfield_id,project_id) VALUES ("25898","43046");
INSERT INTO scientific_field_project (scfield_id,project_id) VALUES ("48307","28323");
INSERT INTO scientific_field_project (scfield_id,project_id) VALUES ("57753","28323");
INSERT INTO scientific_field_project (scfield_id,project_id) VALUES ("94785","28323");
INSERT INTO scientific_field_project (scfield_id,project_id) VALUES ("90274","19903");
INSERT INTO scientific_field_project (scfield_id,project_id) VALUES ("25898","83986");
INSERT INTO scientific_field_project (scfield_id,project_id) VALUES ("30526","83986");
INSERT INTO scientific_field_project (scfield_id,project_id) VALUES ("90274","83986");
INSERT INTO scientific_field_project (scfield_id,project_id) VALUES ("90274","60264");
INSERT INTO scientific_field_project (scfield_id,project_id) VALUES ("48307","60264");
INSERT INTO scientific_field_project (scfield_id,project_id) VALUES ("11383","60264");
INSERT INTO scientific_field_project (scfield_id,project_id) VALUES ("78674","39788");
INSERT INTO scientific_field_project (scfield_id,project_id) VALUES ("30526","39788");
INSERT INTO scientific_field_project (scfield_id,project_id) VALUES ("11383","39788");
INSERT INTO scientific_field_project (scfield_id,project_id) VALUES ("30526","69761");
INSERT INTO scientific_field_project (scfield_id,project_id) VALUES ("90274","69761");
INSERT INTO scientific_field_project (scfield_id,project_id) VALUES ("78674","69761");
INSERT INTO scientific_field_project (scfield_id,project_id) VALUES ("30526","83519");
INSERT INTO scientific_field_project (scfield_id,project_id) VALUES ("46481","83519");
INSERT INTO scientific_field_project (scfield_id,project_id) VALUES ("90274","92510");
INSERT INTO scientific_field_project (scfield_id,project_id) VALUES ("48307","89822");
INSERT INTO scientific_field_project (scfield_id,project_id) VALUES ("30526","89822");
INSERT INTO scientific_field_project (scfield_id,project_id) VALUES ("11383","64713");
INSERT INTO scientific_field_project (scfield_id,project_id) VALUES ("48307","64713");
INSERT INTO scientific_field_project (scfield_id,project_id) VALUES ("57753","64713");
INSERT INTO scientific_field_project (scfield_id,project_id) VALUES ("46481","64713");
INSERT INTO scientific_field_project (scfield_id,project_id) VALUES ("69177","40221");
INSERT INTO scientific_field_project (scfield_id,project_id) VALUES ("57753","52178");
INSERT INTO scientific_field_project (scfield_id,project_id) VALUES ("90274","52178");
INSERT INTO scientific_field_project (scfield_id,project_id) VALUES ("48307","52178");
INSERT INTO scientific_field_project (scfield_id,project_id) VALUES ("25898","52178");
INSERT INTO scientific_field_project (scfield_id,project_id) VALUES ("69177","46820");
INSERT INTO scientific_field_project (scfield_id,project_id) VALUES ("48307","46820");
INSERT INTO scientific_field_project (scfield_id,project_id) VALUES ("11383","46820");
INSERT INTO scientific_field_project (scfield_id,project_id) VALUES ("57753","46820");
INSERT INTO scientific_field_project (scfield_id,project_id) VALUES ("30526","23048");
INSERT INTO scientific_field_project (scfield_id,project_id) VALUES ("46481","23048");
INSERT INTO scientific_field_project (scfield_id,project_id) VALUES ("48307","15151");
INSERT INTO scientific_field_project (scfield_id,project_id) VALUES ("78674","15151");
INSERT INTO scientific_field_project (scfield_id,project_id) VALUES ("48307","67555");
INSERT INTO scientific_field_project (scfield_id,project_id) VALUES ("30526","75909");
INSERT INTO scientific_field_project (scfield_id,project_id) VALUES ("46481","75909");
INSERT INTO scientific_field_project (scfield_id,project_id) VALUES ("11383","75909");
INSERT INTO scientific_field_project (scfield_id,project_id) VALUES ("78674","75909");
INSERT INTO scientific_field_project (scfield_id,project_id) VALUES ("25898","19026");
INSERT INTO scientific_field_project (scfield_id,project_id) VALUES ("30526","19026");
INSERT INTO scientific_field_project (scfield_id,project_id) VALUES ("48307","17939");
INSERT INTO scientific_field_project (scfield_id,project_id) VALUES ("11383","17939");
INSERT INTO scientific_field_project (scfield_id,project_id) VALUES ("30526","29173");
INSERT INTO scientific_field_project (scfield_id,project_id) VALUES ("69177","50511");
INSERT INTO scientific_field_project (scfield_id,project_id) VALUES ("46481","50511");
INSERT INTO scientific_field_project (scfield_id,project_id) VALUES ("30526","73675");
INSERT INTO scientific_field_project (scfield_id,project_id) VALUES ("25898","73675");
INSERT INTO scientific_field_project (scfield_id,project_id) VALUES ("46481","73675");
INSERT INTO scientific_field_project (scfield_id,project_id) VALUES ("90274","73675");
INSERT INTO scientific_field_project (scfield_id,project_id) VALUES ("94785","31123");
INSERT INTO scientific_field_project (scfield_id,project_id) VALUES ("69177","31123");
INSERT INTO scientific_field_project (scfield_id,project_id) VALUES ("30526","31123");
INSERT INTO scientific_field_project (scfield_id,project_id) VALUES ("25898","33302");
INSERT INTO scientific_field_project (scfield_id,project_id) VALUES ("94785","33302");
INSERT INTO scientific_field_project (scfield_id,project_id) VALUES ("57753","33302");
INSERT INTO scientific_field_project (scfield_id,project_id) VALUES ("69177","40879");
INSERT INTO scientific_field_project (scfield_id,project_id) VALUES ("30526","40879");
INSERT INTO scientific_field_project (scfield_id,project_id) VALUES ("90274","40879");
INSERT INTO scientific_field_project (scfield_id,project_id) VALUES ("46481","40879");
INSERT INTO scientific_field_project (scfield_id,project_id) VALUES ("11383","90211");
INSERT INTO scientific_field_project (scfield_id,project_id) VALUES ("57753","90211");
INSERT INTO scientific_field_project (scfield_id,project_id) VALUES ("90274","90211");
INSERT INTO scientific_field_project (scfield_id,project_id) VALUES ("94785","45172");
INSERT INTO scientific_field_project (scfield_id,project_id) VALUES ("46481","45172");
INSERT INTO scientific_field_project (scfield_id,project_id) VALUES ("94785","56983");
INSERT INTO scientific_field_project (scfield_id,project_id) VALUES ("78674","56983");
INSERT INTO scientific_field_project (scfield_id,project_id) VALUES ("46481","71454");
INSERT INTO scientific_field_project (scfield_id,project_id) VALUES ("90274","71454");
INSERT INTO scientific_field_project (scfield_id,project_id) VALUES ("78674","26906");
INSERT INTO scientific_field_project (scfield_id,project_id) VALUES ("69177","26906");
INSERT INTO scientific_field_project (scfield_id,project_id) VALUES ("48307","26906");
INSERT INTO scientific_field_project (scfield_id,project_id) VALUES ("11383","26906");
INSERT INTO scientific_field_project (scfield_id,project_id) VALUES ("30526","65551");
INSERT INTO scientific_field_project (scfield_id,project_id) VALUES ("94785","65551");
INSERT INTO scientific_field_project (scfield_id,project_id) VALUES ("11383","65551");
INSERT INTO scientific_field_project (scfield_id,project_id) VALUES ("57753","65551");
INSERT INTO scientific_field_project (scfield_id,project_id) VALUES ("90274","70676");
INSERT INTO scientific_field_project (scfield_id,project_id) VALUES ("30526","70676");
INSERT INTO scientific_field_project (scfield_id,project_id) VALUES ("94785","70676");
INSERT INTO scientific_field_project (scfield_id,project_id) VALUES ("78674","70676");
INSERT INTO scientific_field_project (scfield_id,project_id) VALUES ("48307","75382");
INSERT INTO scientific_field_project (scfield_id,project_id) VALUES ("11383","75382");
INSERT INTO scientific_field_project (scfield_id,project_id) VALUES ("46481","75382");
INSERT INTO scientific_field_project (scfield_id,project_id) VALUES ("94785","75382");
INSERT INTO scientific_field_project (scfield_id,project_id) VALUES ("25898","62320");
INSERT INTO scientific_field_project (scfield_id,project_id) VALUES ("90274","62320");
INSERT INTO scientific_field_project (scfield_id,project_id) VALUES ("78674","62320");
INSERT INTO scientific_field_project (scfield_id,project_id) VALUES ("69177","41025");
INSERT INTO scientific_field_project (scfield_id,project_id) VALUES ("90274","41025");
INSERT INTO scientific_field_project (scfield_id,project_id) VALUES ("57753","41025");
INSERT INTO scientific_field_project (scfield_id,project_id) VALUES ("30526","74816");
INSERT INTO scientific_field_project (scfield_id,project_id) VALUES ("78674","74816");
INSERT INTO scientific_field_project (scfield_id,project_id) VALUES ("94785","74816");
INSERT INTO scientific_field_project (scfield_id,project_id) VALUES ("25898","78085");
INSERT INTO scientific_field_project (scfield_id,project_id) VALUES ("48307","78085");
INSERT INTO scientific_field_project (scfield_id,project_id) VALUES ("78674","78085");
INSERT INTO scientific_field_project (scfield_id,project_id) VALUES ("69177","78085");
INSERT INTO scientific_field_project (scfield_id,project_id) VALUES ("94785","54327");
INSERT INTO scientific_field_project (scfield_id,project_id) VALUES ("30526","54327");
INSERT INTO scientific_field_project (scfield_id,project_id) VALUES ("25898","13643");
INSERT INTO scientific_field_project (scfield_id,project_id) VALUES ("57753","13643");
INSERT INTO scientific_field_project (scfield_id,project_id) VALUES ("94785","13643");
INSERT INTO scientific_field_project (scfield_id,project_id) VALUES ("94785","95695");
INSERT INTO scientific_field_project (scfield_id,project_id) VALUES ("69177","32554");
INSERT INTO scientific_field_project (scfield_id,project_id) VALUES ("30526","32554");
INSERT INTO scientific_field_project (scfield_id,project_id) VALUES ("46481","32554");
INSERT INTO scientific_field_project (scfield_id,project_id) VALUES ("69177","37006");
INSERT INTO scientific_field_project (scfield_id,project_id) VALUES ("69177","73593");
INSERT INTO scientific_field_project (scfield_id,project_id) VALUES ("25898","20013");
INSERT INTO scientific_field_project (scfield_id,project_id) VALUES ("30526","20013");
INSERT INTO scientific_field_project (scfield_id,project_id) VALUES ("57753","20013");
INSERT INTO scientific_field_project (scfield_id,project_id) VALUES ("90274","33234");
INSERT INTO scientific_field_project (scfield_id,project_id) VALUES ("94785","33234");
INSERT INTO scientific_field_project (scfield_id,project_id) VALUES ("46481","33234");
INSERT INTO scientific_field_project (scfield_id,project_id) VALUES ("25898","33234");
INSERT INTO scientific_field_project (scfield_id,project_id) VALUES ("46481","59854");
INSERT INTO scientific_field_project (scfield_id,project_id) VALUES ("94785","59854");
INSERT INTO scientific_field_project (scfield_id,project_id) VALUES ("25898","39281");
INSERT INTO scientific_field_project (scfield_id,project_id) VALUES ("94785","39281");
INSERT INTO scientific_field_project (scfield_id,project_id) VALUES ("46481","39281");
INSERT INTO scientific_field_project (scfield_id,project_id) VALUES ("90274","39281");
INSERT INTO scientific_field_project (scfield_id,project_id) VALUES ("57753","61631");
INSERT INTO scientific_field_project (scfield_id,project_id) VALUES ("94785","85831");
INSERT INTO scientific_field_project (scfield_id,project_id) VALUES ("90274","85831");
INSERT INTO scientific_field_project (scfield_id,project_id) VALUES ("94785","68779");
INSERT INTO scientific_field_project (scfield_id,project_id) VALUES ("48307","49847");
INSERT INTO scientific_field_project (scfield_id,project_id) VALUES ("46481","49847");
INSERT INTO scientific_field_project (scfield_id,project_id) VALUES ("94785","49847");
INSERT INTO scientific_field_project (scfield_id,project_id) VALUES ("11383","73634");
INSERT INTO scientific_field_project (scfield_id,project_id) VALUES ("94785","73634");
INSERT INTO scientific_field_project (scfield_id,project_id) VALUES ("78674","90306");
INSERT INTO scientific_field_project (scfield_id,project_id) VALUES ("69177","90306");
INSERT INTO scientific_field_project (scfield_id,project_id) VALUES ("90274","90306");
INSERT INTO scientific_field_project (scfield_id,project_id) VALUES ("94785","70248");
INSERT INTO scientific_field_project (scfield_id,project_id) VALUES ("46481","42072");
INSERT INTO scientific_field_project (scfield_id,project_id) VALUES ("94785","42072");
INSERT INTO scientific_field_project (scfield_id,project_id) VALUES ("57753","42647");
INSERT INTO scientific_field_project (scfield_id,project_id) VALUES ("69177","42647");
INSERT INTO scientific_field_project (scfield_id,project_id) VALUES ("69177","63091");
INSERT INTO scientific_field_project (scfield_id,project_id) VALUES ("94785","63091");
INSERT INTO scientific_field_project (scfield_id,project_id) VALUES ("57753","63091");
INSERT INTO scientific_field_project (scfield_id,project_id) VALUES ("78674","76661");
INSERT INTO scientific_field_project (scfield_id,project_id) VALUES ("48307","76661");
INSERT INTO scientific_field_project (scfield_id,project_id) VALUES ("30526","76661");
INSERT INTO scientific_field_project (scfield_id,project_id) VALUES ("90274","76661");
INSERT INTO scientific_field_project (scfield_id,project_id) VALUES ("48307","64557");
INSERT INTO scientific_field_project (scfield_id,project_id) VALUES ("78674","64557");
INSERT INTO scientific_field_project (scfield_id,project_id) VALUES ("46481","64557");
INSERT INTO scientific_field_project (scfield_id,project_id) VALUES ("90274","64557");
INSERT INTO scientific_field_project (scfield_id,project_id) VALUES ("69177","95745");
INSERT INTO scientific_field_project (scfield_id,project_id) VALUES ("78674","39993");
INSERT INTO scientific_field_project (scfield_id,project_id) VALUES ("46481","39993");
INSERT INTO scientific_field_project (scfield_id,project_id) VALUES ("69177","39993");
INSERT INTO scientific_field_project (scfield_id,project_id) VALUES ("11383","52499");
INSERT INTO scientific_field_project (scfield_id,project_id) VALUES ("69177","52499");
INSERT INTO scientific_field_project (scfield_id,project_id) VALUES ("78674","52499");
INSERT INTO scientific_field_project (scfield_id,project_id) VALUES ("57753","52499");
INSERT INTO scientific_field_project (scfield_id,project_id) VALUES ("94785","98072");
INSERT INTO scientific_field_project (scfield_id,project_id) VALUES ("78674","98072");
INSERT INTO scientific_field_project (scfield_id,project_id) VALUES ("57753","98072");
INSERT INTO scientific_field_project (scfield_id,project_id) VALUES ("90274","98072");
INSERT INTO scientific_field_project (scfield_id,project_id) VALUES ("25898","26086");
INSERT INTO scientific_field_project (scfield_id,project_id) VALUES ("46481","26086");
INSERT INTO scientific_field_project (scfield_id,project_id) VALUES ("94785","26086");
INSERT INTO scientific_field_project (scfield_id,project_id) VALUES ("48307","95451");
INSERT INTO scientific_field_project (scfield_id,project_id) VALUES ("94785","95451");
INSERT INTO scientific_field_project (scfield_id,project_id) VALUES ("57753","95451");
INSERT INTO scientific_field_project (scfield_id,project_id) VALUES ("25898","95451");
INSERT INTO scientific_field_project (scfield_id,project_id) VALUES ("69177","65170");
INSERT INTO scientific_field_project (scfield_id,project_id) VALUES ("11383","65170");
INSERT INTO scientific_field_project (scfield_id,project_id) VALUES ("30526","65170");
INSERT INTO scientific_field_project (scfield_id,project_id) VALUES ("90274","65170");
INSERT INTO scientific_field_project (scfield_id,project_id) VALUES ("57753","14976");
INSERT INTO scientific_field_project (scfield_id,project_id) VALUES ("25898","14976");
INSERT INTO scientific_field_project (scfield_id,project_id) VALUES ("90274","14976");
INSERT INTO scientific_field_project (scfield_id,project_id) VALUES ("11383","14976");
INSERT INTO scientific_field_project (scfield_id,project_id) VALUES ("46481","61483");
INSERT INTO scientific_field_project (scfield_id,project_id) VALUES ("48307","61483");
INSERT INTO scientific_field_project (scfield_id,project_id) VALUES ("30526","61483");
INSERT INTO scientific_field_project (scfield_id,project_id) VALUES ("30526","32200");
INSERT INTO scientific_field_project (scfield_id,project_id) VALUES ("48307","32200");
INSERT INTO scientific_field_project (scfield_id,project_id) VALUES ("94785","32200");
INSERT INTO scientific_field_project (scfield_id,project_id) VALUES ("69177","18544");
INSERT INTO scientific_field_project (scfield_id,project_id) VALUES ("46481","18544");
INSERT INTO scientific_field_project (scfield_id,project_id) VALUES ("94785","31344");
INSERT INTO scientific_field_project (scfield_id,project_id) VALUES ("78674","31287");

