-- organization 
INSERT INTO organization (organization_id,name_org,abbreviation,city,street,postal_code,org_type,funds_company,budget_uni_ministry,budget_rc1,budget_rc2) VALUES ("56216", "Research Center736", "RC736", "Thessaloniki", "Eleftheriou Venizelou69", "51153", "Research Center", "0", "0", "16041054", "49211260");
INSERT INTO organization (organization_id,name_org,abbreviation,city,street,postal_code,org_type,funds_company,budget_uni_ministry,budget_rc1,budget_rc2) VALUES ("65202", "Company972", "C972", "Chalkida", "Androutsou24", "89937", "Company", "73507855", "0", "0", "0");
INSERT INTO organization (organization_id,name_org,abbreviation,city,street,postal_code,org_type,funds_company,budget_uni_ministry,budget_rc1,budget_rc2) VALUES ("53467", "Company682", "C682", "Rhode Island", "Evripidou123", "83514", "Company", "78685379", "0", "0", "0");
INSERT INTO organization (organization_id,name_org,abbreviation,city,street,postal_code,org_type,funds_company,budget_uni_ministry,budget_rc1,budget_rc2) VALUES ("25565", "Company260", "C260", "Rhode Island", "Evripidou66", "49186", "Company", "81506316", "0", "0", "0");
INSERT INTO organization (organization_id,name_org,abbreviation,city,street,postal_code,org_type,funds_company,budget_uni_ministry,budget_rc1,budget_rc2) VALUES ("81999", "University940", "UN940", "Rhode Island", "Ippokratous17", "52937", "University", "0", "96302660", "0", "0");
INSERT INTO organization (organization_id,name_org,abbreviation,city,street,postal_code,org_type,funds_company,budget_uni_ministry,budget_rc1,budget_rc2) VALUES ("39660", "Research Center347", "RC347", "Trikala", "Ippokratous61", "29299", "Research Center", "0", "0", "34301966", "85843999");
INSERT INTO organization (organization_id,name_org,abbreviation,city,street,postal_code,org_type,funds_company,budget_uni_ministry,budget_rc1,budget_rc2) VALUES ("91802", "Research Center880", "RC880", "Trikala", "Kantonia113", "24592", "Research Center", "0", "0", "190965", "36054603");
INSERT INTO organization (organization_id,name_org,abbreviation,city,street,postal_code,org_type,funds_company,budget_uni_ministry,budget_rc1,budget_rc2) VALUES ("66017", "University235", "UN235", "Chania", "Eleftheriou Venizelou72", "95622", "University", "0", "48946836", "0", "0");
INSERT INTO organization (organization_id,name_org,abbreviation,city,street,postal_code,org_type,funds_company,budget_uni_ministry,budget_rc1,budget_rc2) VALUES ("97019", "Research Center980", "RC980", "Larisa", "Eleftheriou Venizelou24", "26699", "Research Center", "0", "0", "43082143", "29987425");
INSERT INTO organization (organization_id,name_org,abbreviation,city,street,postal_code,org_type,funds_company,budget_uni_ministry,budget_rc1,budget_rc2) VALUES ("27822", "Company721", "C721", "Rhode Island", "Samothrakis71", "88531", "Company", "6634613", "0", "0", "0");
INSERT INTO organization (organization_id,name_org,abbreviation,city,street,postal_code,org_type,funds_company,budget_uni_ministry,budget_rc1,budget_rc2) VALUES ("25059", "Research Center730", "RC730", "Chania", "Eleftheriou Venizelou92", "81534", "Research Center", "0", "0", "93210729", "43376890");
INSERT INTO organization (organization_id,name_org,abbreviation,city,street,postal_code,org_type,funds_company,budget_uni_ministry,budget_rc1,budget_rc2) VALUES ("16708", "Research Center799", "RC799", "Chalkida", "Evripidou51", "27674", "Research Center", "0", "0", "85768690", "74927622");
INSERT INTO organization (organization_id,name_org,abbreviation,city,street,postal_code,org_type,funds_company,budget_uni_ministry,budget_rc1,budget_rc2) VALUES ("17809", "University181", "UN181", "Trikala", "Mpotsari13", "32366", "University", "0", "35911189", "0", "0");
INSERT INTO organization (organization_id,name_org,abbreviation,city,street,postal_code,org_type,funds_company,budget_uni_ministry,budget_rc1,budget_rc2) VALUES ("53199", "University788", "UN788", "Athens", "Eleftheriou Venizelou74", "46388", "University", "0", "50906692", "0", "0");
INSERT INTO organization (organization_id,name_org,abbreviation,city,street,postal_code,org_type,funds_company,budget_uni_ministry,budget_rc1,budget_rc2) VALUES ("94099", "Company914", "C914", "Chalkida", "Ippokratous29", "63635", "Company", "15087309", "0", "0", "0");
INSERT INTO organization (organization_id,name_org,abbreviation,city,street,postal_code,org_type,funds_company,budget_uni_ministry,budget_rc1,budget_rc2) VALUES ("58141", "Company906", "C906", "Thessaloniki", "Agathiou147", "33559", "Company", "21947554", "0", "0", "0");
INSERT INTO organization (organization_id,name_org,abbreviation,city,street,postal_code,org_type,funds_company,budget_uni_ministry,budget_rc1,budget_rc2) VALUES ("56375", "Research Center971", "RC971", "Chania", "Nikopoleos124", "23911", "Research Center", "0", "0", "1808848", "72034080");
INSERT INTO organization (organization_id,name_org,abbreviation,city,street,postal_code,org_type,funds_company,budget_uni_ministry,budget_rc1,budget_rc2) VALUES ("75367", "Research Center162", "RC162", "Larisa", "Androutsou3", "60104", "Research Center", "0", "0", "53473689", "19663284");
INSERT INTO organization (organization_id,name_org,abbreviation,city,street,postal_code,org_type,funds_company,budget_uni_ministry,budget_rc1,budget_rc2) VALUES ("68777", "Company193", "C193", "Larisa", "Mpotsari23", "25582", "Company", "71495893", "0", "0", "0");
INSERT INTO organization (organization_id,name_org,abbreviation,city,street,postal_code,org_type,funds_company,budget_uni_ministry,budget_rc1,budget_rc2) VALUES ("24636", "University748", "UN748", "Heraklion", "Samothrakis87", "42194", "University", "0", "13521118", "0", "0");
INSERT INTO organization (organization_id,name_org,abbreviation,city,street,postal_code,org_type,funds_company,budget_uni_ministry,budget_rc1,budget_rc2) VALUES ("46711", "Company737", "C737", "Thessaloniki", "Evripidou15", "32641", "Company", "72460660", "0", "0", "0");
INSERT INTO organization (organization_id,name_org,abbreviation,city,street,postal_code,org_type,funds_company,budget_uni_ministry,budget_rc1,budget_rc2) VALUES ("67569", "University753", "UN753", "Chalkida", "Eleftheriou Venizelou135", "72781", "University", "0", "65275483", "0", "0");
INSERT INTO organization (organization_id,name_org,abbreviation,city,street,postal_code,org_type,funds_company,budget_uni_ministry,budget_rc1,budget_rc2) VALUES ("14910", "Company765", "C765", "Heraklion", "Androutsou72", "90331", "Company", "51179890", "0", "0", "0");
INSERT INTO organization (organization_id,name_org,abbreviation,city,street,postal_code,org_type,funds_company,budget_uni_ministry,budget_rc1,budget_rc2) VALUES ("91985", "University111", "UN111", "Larisa", "Androutsou63", "63486", "University", "0", "21356161", "0", "0");
INSERT INTO organization (organization_id,name_org,abbreviation,city,street,postal_code,org_type,funds_company,budget_uni_ministry,budget_rc1,budget_rc2) VALUES ("88603", "Research Center911", "RC911", "Chalkida", "Kantonia107", "25446", "Research Center", "0", "0", "72077125", "39004254");
INSERT INTO organization (organization_id,name_org,abbreviation,city,street,postal_code,org_type,funds_company,budget_uni_ministry,budget_rc1,budget_rc2) VALUES ("98394", "Company460", "C460", "Chania", "Klepsydra139", "55531", "Company", "23979401", "0", "0", "0");
INSERT INTO organization (organization_id,name_org,abbreviation,city,street,postal_code,org_type,funds_company,budget_uni_ministry,budget_rc1,budget_rc2) VALUES ("50189", "Research Center134", "RC134", "Larisa", "Agathiou99", "24068", "Research Center", "0", "0", "40641185", "58293158");
INSERT INTO organization (organization_id,name_org,abbreviation,city,street,postal_code,org_type,funds_company,budget_uni_ministry,budget_rc1,budget_rc2) VALUES ("72082", "Company331", "C331", "Patra", "Ippokratous140", "67914", "Company", "24956338", "0", "0", "0");
INSERT INTO organization (organization_id,name_org,abbreviation,city,street,postal_code,org_type,funds_company,budget_uni_ministry,budget_rc1,budget_rc2) VALUES ("94447", "Company250", "C250", "Patra", "Samothrakis113", "10070", "Company", "72239074", "0", "0", "0");
INSERT INTO organization (organization_id,name_org,abbreviation,city,street,postal_code,org_type,funds_company,budget_uni_ministry,budget_rc1,budget_rc2) VALUES ("52833", "Research Center761", "RC761", "Patra", "Orionos35", "33509", "Research Center", "0", "0", "97336123", "52998375");

-- researcher 
INSERT INTO researcher (researcher_id,first_name,last_name,birthdate,gender,organization_id,datework) VALUES ("25532", "Tara", "Moss", "2000-7-19", "Male", "52833", "2017-6-24");
INSERT INTO researcher (researcher_id,first_name,last_name,birthdate,gender,organization_id,datework) VALUES ("81888", "Carol", "Merritt", "1981-3-5", "Male", "56216", "2012-12-12");
INSERT INTO researcher (researcher_id,first_name,last_name,birthdate,gender,organization_id,datework) VALUES ("59430", "Patrick", "Ward", "1968-3-2", "Female", "65202", "2014-3-13");
INSERT INTO researcher (researcher_id,first_name,last_name,birthdate,gender,organization_id,datework) VALUES ("61650", "Ryan", "Kelly", "1999-2-11", "Female", "53467", "2013-4-20");
INSERT INTO researcher (researcher_id,first_name,last_name,birthdate,gender,organization_id,datework) VALUES ("29630", "Tina", "King", "1990-7-5", "Male", "25565", "2022-4-16");
INSERT INTO researcher (researcher_id,first_name,last_name,birthdate,gender,organization_id,datework) VALUES ("97399", "Brian", "Bradley", "1956-3-23", "Male", "81999", "2014-3-19");
INSERT INTO researcher (researcher_id,first_name,last_name,birthdate,gender,organization_id,datework) VALUES ("74978", "Derrick", "Todd", "1986-10-23", "Female", "39660", "2022-8-3");
INSERT INTO researcher (researcher_id,first_name,last_name,birthdate,gender,organization_id,datework) VALUES ("84934", "Karen", "Davidson", "1952-3-12", "Non-Binary", "91802", "2021-11-13");
INSERT INTO researcher (researcher_id,first_name,last_name,birthdate,gender,organization_id,datework) VALUES ("87206", "Megan", "Mills", "1953-3-15", "Female", "66017", "2017-9-13");
INSERT INTO researcher (researcher_id,first_name,last_name,birthdate,gender,organization_id,datework) VALUES ("78375", "Selena", "Rodriguez", "1979-10-8", "Female", "97019", "2013-11-16");
INSERT INTO researcher (researcher_id,first_name,last_name,birthdate,gender,organization_id,datework) VALUES ("30556", "Gregory", "Decker", "1973-11-20", "Female", "27822", "2010-1-10");
INSERT INTO researcher (researcher_id,first_name,last_name,birthdate,gender,organization_id,datework) VALUES ("51740", "Sandra", "Jones", "1982-11-27", "Non-Binary", "25059", "2020-4-10");
INSERT INTO researcher (researcher_id,first_name,last_name,birthdate,gender,organization_id,datework) VALUES ("72701", "Curtis", "Chase", "1978-2-9", "Male", "16708", "2017-3-28");
INSERT INTO researcher (researcher_id,first_name,last_name,birthdate,gender,organization_id,datework) VALUES ("17612", "Janet", "Chavez", "1964-7-8", "Female", "17809", "2018-3-12");
INSERT INTO researcher (researcher_id,first_name,last_name,birthdate,gender,organization_id,datework) VALUES ("82512", "Travis", "Lewis", "1997-5-14", "Female", "53199", "2014-1-2");
INSERT INTO researcher (researcher_id,first_name,last_name,birthdate,gender,organization_id,datework) VALUES ("49120", "Brittany", "Lowe", "1970-11-6", "Female", "94099", "2017-12-20");
INSERT INTO researcher (researcher_id,first_name,last_name,birthdate,gender,organization_id,datework) VALUES ("68457", "Joseph", "Herrera", "1991-4-23", "Non-Binary", "58141", "2016-10-18");
INSERT INTO researcher (researcher_id,first_name,last_name,birthdate,gender,organization_id,datework) VALUES ("64800", "Vanessa", "Brown", "1988-3-24", "Male", "56375", "2019-1-4");
INSERT INTO researcher (researcher_id,first_name,last_name,birthdate,gender,organization_id,datework) VALUES ("70730", "Evelyn", "Mason", "1959-10-19", "Male", "75367", "2022-10-20");
INSERT INTO researcher (researcher_id,first_name,last_name,birthdate,gender,organization_id,datework) VALUES ("41231", "Cynthia", "Sanchez", "1970-8-14", "Male", "68777", "2022-1-3");
INSERT INTO researcher (researcher_id,first_name,last_name,birthdate,gender,organization_id,datework) VALUES ("86807", "Pamela", "Sullivan", "1972-12-9", "Non-Binary", "24636", "2014-4-20");
INSERT INTO researcher (researcher_id,first_name,last_name,birthdate,gender,organization_id,datework) VALUES ("55221", "Mark", "Jones", "1956-6-14", "Female", "46711", "2020-11-10");
INSERT INTO researcher (researcher_id,first_name,last_name,birthdate,gender,organization_id,datework) VALUES ("17300", "Mark", "Adams", "1973-7-11", "Male", "67569", "2019-1-12");
INSERT INTO researcher (researcher_id,first_name,last_name,birthdate,gender,organization_id,datework) VALUES ("59009", "Christina", "Black", "1991-1-27", "Male", "14910", "2021-2-27");
INSERT INTO researcher (researcher_id,first_name,last_name,birthdate,gender,organization_id,datework) VALUES ("86826", "Gloria", "Smith", "1992-4-5", "Male", "91985", "2017-9-4");
INSERT INTO researcher (researcher_id,first_name,last_name,birthdate,gender,organization_id,datework) VALUES ("17402", "Kelly", "Drake", "1986-1-20", "Female", "88603", "2011-7-24");
INSERT INTO researcher (researcher_id,first_name,last_name,birthdate,gender,organization_id,datework) VALUES ("55977", "Louis", "Lewis", "1953-11-4", "Female", "98394", "2011-5-27");
INSERT INTO researcher (researcher_id,first_name,last_name,birthdate,gender,organization_id,datework) VALUES ("68280", "Shawn", "Young", "1968-12-22", "Male", "50189", "2016-4-28");
INSERT INTO researcher (researcher_id,first_name,last_name,birthdate,gender,organization_id,datework) VALUES ("35265", "Nancy", "Rush", "1954-8-12", "Non-Binary", "72082", "2013-5-28");
INSERT INTO researcher (researcher_id,first_name,last_name,birthdate,gender,organization_id,datework) VALUES ("40353", "Tricia", "Thompson", "1972-12-5", "Male", "94447", "2013-5-7");
INSERT INTO researcher (researcher_id,first_name,last_name,birthdate,gender,organization_id,datework) VALUES ("83076", "Angela", "Johnson", "1967-3-11", "Female", "25565", "2021-12-24");
INSERT INTO researcher (researcher_id,first_name,last_name,birthdate,gender,organization_id,datework) VALUES ("31488", "Scott", "Hurst", "1965-1-14", "Non-Binary", "25565", "2017-10-25");
INSERT INTO researcher (researcher_id,first_name,last_name,birthdate,gender,organization_id,datework) VALUES ("50026", "Michael", "Lee", "1975-8-16", "Female", "97019", "2022-10-3");
INSERT INTO researcher (researcher_id,first_name,last_name,birthdate,gender,organization_id,datework) VALUES ("84804", "Marissa", "Alexander", "1968-3-3", "Male", "25565", "2010-12-23");
INSERT INTO researcher (researcher_id,first_name,last_name,birthdate,gender,organization_id,datework) VALUES ("19809", "Joseph", "Hogan", "1969-6-18", "Female", "53467", "2016-12-12");
INSERT INTO researcher (researcher_id,first_name,last_name,birthdate,gender,organization_id,datework) VALUES ("24125", "Amy", "Kaiser", "1956-8-7", "Female", "17809", "2012-4-11");
INSERT INTO researcher (researcher_id,first_name,last_name,birthdate,gender,organization_id,datework) VALUES ("14380", "Jennifer", "Boyd", "2000-12-13", "Male", "75367", "2022-9-17");
INSERT INTO researcher (researcher_id,first_name,last_name,birthdate,gender,organization_id,datework) VALUES ("56816", "Denise", "Leon", "1961-1-10", "Male", "46711", "2013-8-13");
INSERT INTO researcher (researcher_id,first_name,last_name,birthdate,gender,organization_id,datework) VALUES ("48737", "Danny", "Perez", "1950-8-6", "Non-Binary", "91985", "2010-3-28");
INSERT INTO researcher (researcher_id,first_name,last_name,birthdate,gender,organization_id,datework) VALUES ("36705", "Keith", "Scott", "1995-5-27", "Male", "65202", "2017-12-10");
INSERT INTO researcher (researcher_id,first_name,last_name,birthdate,gender,organization_id,datework) VALUES ("85179", "Paul", "Perez", "1998-5-9", "Non-Binary", "75367", "2016-12-10");
INSERT INTO researcher (researcher_id,first_name,last_name,birthdate,gender,organization_id,datework) VALUES ("73222", "Wanda", "Morales", "1998-7-16", "Male", "25565", "2019-8-24");
INSERT INTO researcher (researcher_id,first_name,last_name,birthdate,gender,organization_id,datework) VALUES ("44007", "Diane", "Leonard", "1951-7-19", "Non-Binary", "66017", "2017-11-5");
INSERT INTO researcher (researcher_id,first_name,last_name,birthdate,gender,organization_id,datework) VALUES ("41773", "Deborah", "Robles", "1998-7-14", "Female", "27822", "2012-8-3");
INSERT INTO researcher (researcher_id,first_name,last_name,birthdate,gender,organization_id,datework) VALUES ("15536", "Sabrina", "Patel", "1963-2-14", "Female", "72082", "2011-6-8");
INSERT INTO researcher (researcher_id,first_name,last_name,birthdate,gender,organization_id,datework) VALUES ("53912", "Donald", "Wilcox", "1999-11-10", "Female", "94447", "2021-6-11");
INSERT INTO researcher (researcher_id,first_name,last_name,birthdate,gender,organization_id,datework) VALUES ("57673", "Mark", "Thomas", "1997-1-2", "Non-Binary", "17809", "2013-1-22");
INSERT INTO researcher (researcher_id,first_name,last_name,birthdate,gender,organization_id,datework) VALUES ("26684", "Daniel", "Hernandez", "1990-7-1", "Female", "75367", "2019-3-4");
INSERT INTO researcher (researcher_id,first_name,last_name,birthdate,gender,organization_id,datework) VALUES ("93614", "Kenneth", "Mitchell", "1996-3-28", "Female", "58141", "2017-11-2");
INSERT INTO researcher (researcher_id,first_name,last_name,birthdate,gender,organization_id,datework) VALUES ("69965", "Candice", "Alexander", "1962-6-14", "Male", "16708", "2016-10-17");
INSERT INTO researcher (researcher_id,first_name,last_name,birthdate,gender,organization_id,datework) VALUES ("94181", "Jesse", "Hernandez", "1981-2-1", "Female", "81999", "2013-4-14");
INSERT INTO researcher (researcher_id,first_name,last_name,birthdate,gender,organization_id,datework) VALUES ("34971", "Samuel", "Reyes", "1955-6-1", "Non-Binary", "25565", "2011-1-21");
INSERT INTO researcher (researcher_id,first_name,last_name,birthdate,gender,organization_id,datework) VALUES ("25022", "Heidi", "Kaufman", "1955-5-3", "Non-Binary", "14910", "2016-4-24");
INSERT INTO researcher (researcher_id,first_name,last_name,birthdate,gender,organization_id,datework) VALUES ("48132", "Leslie", "Raymond", "1956-10-16", "Male", "27822", "2021-7-24");
INSERT INTO researcher (researcher_id,first_name,last_name,birthdate,gender,organization_id,datework) VALUES ("14828", "James", "Jackson", "1993-12-27", "Male", "67569", "2012-7-23");
INSERT INTO researcher (researcher_id,first_name,last_name,birthdate,gender,organization_id,datework) VALUES ("32163", "Nicholas", "Mitchell", "1993-11-22", "Non-Binary", "91985", "2022-2-18");
INSERT INTO researcher (researcher_id,first_name,last_name,birthdate,gender,organization_id,datework) VALUES ("98124", "John", "Reid", "1998-4-6", "Male", "66017", "2012-4-12");
INSERT INTO researcher (researcher_id,first_name,last_name,birthdate,gender,organization_id,datework) VALUES ("45816", "Stephen", "Holder", "1995-8-22", "Non-Binary", "72082", "2011-4-26");
INSERT INTO researcher (researcher_id,first_name,last_name,birthdate,gender,organization_id,datework) VALUES ("73801", "Charles", "Stuart", "1957-11-10", "Male", "58141", "2022-3-23");
INSERT INTO researcher (researcher_id,first_name,last_name,birthdate,gender,organization_id,datework) VALUES ("28507", "William", "Wood", "1991-7-24", "Female", "25565", "2017-1-27");
INSERT INTO researcher (researcher_id,first_name,last_name,birthdate,gender,organization_id,datework) VALUES ("45300", "David", "Kelly", "1967-5-11", "Female", "53199", "2016-3-13");
INSERT INTO researcher (researcher_id,first_name,last_name,birthdate,gender,organization_id,datework) VALUES ("74769", "Isabella", "Hayes", "1998-4-4", "Female", "75367", "2011-11-21");
INSERT INTO researcher (researcher_id,first_name,last_name,birthdate,gender,organization_id,datework) VALUES ("58484", "Richard", "Petty", "1977-10-3", "Female", "53467", "2018-8-28");
INSERT INTO researcher (researcher_id,first_name,last_name,birthdate,gender,organization_id,datework) VALUES ("47489", "Jessica", "Chambers", "1996-5-15", "Non-Binary", "88603", "2017-6-19");
INSERT INTO researcher (researcher_id,first_name,last_name,birthdate,gender,organization_id,datework) VALUES ("42882", "Edward", "Gray", "1975-3-19", "Male", "94447", "2014-2-27");
INSERT INTO researcher (researcher_id,first_name,last_name,birthdate,gender,organization_id,datework) VALUES ("13323", "Daniel", "Ellis", "1980-4-13", "Non-Binary", "94447", "2012-2-1");
INSERT INTO researcher (researcher_id,first_name,last_name,birthdate,gender,organization_id,datework) VALUES ("41418", "Joseph", "Cunningham", "1980-6-26", "Non-Binary", "91802", "2016-4-14");
INSERT INTO researcher (researcher_id,first_name,last_name,birthdate,gender,organization_id,datework) VALUES ("52082", "Christopher", "Wagner", "1984-10-2", "Female", "94099", "2018-1-15");
INSERT INTO researcher (researcher_id,first_name,last_name,birthdate,gender,organization_id,datework) VALUES ("27223", "Carlos", "Austin", "1957-3-28", "Female", "14910", "2017-6-19");
INSERT INTO researcher (researcher_id,first_name,last_name,birthdate,gender,organization_id,datework) VALUES ("23152", "Mark", "Shea", "1971-5-10", "Non-Binary", "50189", "2016-11-20");
INSERT INTO researcher (researcher_id,first_name,last_name,birthdate,gender,organization_id,datework) VALUES ("38599", "Jay", "Key", "1986-10-18", "Female", "72082", "2013-5-14");
INSERT INTO researcher (researcher_id,first_name,last_name,birthdate,gender,organization_id,datework) VALUES ("43340", "Matthew", "Lindsey", "1978-10-19", "Female", "46711", "2013-9-25");
INSERT INTO researcher (researcher_id,first_name,last_name,birthdate,gender,organization_id,datework) VALUES ("51861", "Ashley", "Golden", "1965-1-17", "Female", "66017", "2013-7-28");
INSERT INTO researcher (researcher_id,first_name,last_name,birthdate,gender,organization_id,datework) VALUES ("96760", "Amy", "Walker", "2000-4-7", "Non-Binary", "72082", "2020-10-8");
INSERT INTO researcher (researcher_id,first_name,last_name,birthdate,gender,organization_id,datework) VALUES ("94996", "Angela", "Leonard", "1956-12-20", "Male", "94099", "2022-3-16");
INSERT INTO researcher (researcher_id,first_name,last_name,birthdate,gender,organization_id,datework) VALUES ("97389", "Kaitlin", "Smith", "1953-11-14", "Female", "91802", "2019-11-18");
INSERT INTO researcher (researcher_id,first_name,last_name,birthdate,gender,organization_id,datework) VALUES ("73738", "Dustin", "Meyer", "1952-11-21", "Female", "46711", "2017-8-2");
INSERT INTO researcher (researcher_id,first_name,last_name,birthdate,gender,organization_id,datework) VALUES ("85174", "Christopher", "Kelley", "1991-4-26", "Male", "50189", "2021-4-4");
INSERT INTO researcher (researcher_id,first_name,last_name,birthdate,gender,organization_id,datework) VALUES ("55776", "Franklin", "Salinas", "1993-11-4", "Female", "88603", "2014-9-4");
INSERT INTO researcher (researcher_id,first_name,last_name,birthdate,gender,organization_id,datework) VALUES ("48354", "Justin", "Paul", "1956-3-11", "Male", "50189", "2012-11-11");
INSERT INTO researcher (researcher_id,first_name,last_name,birthdate,gender,organization_id,datework) VALUES ("14303", "Anna", "Hancock", "1996-12-19", "Female", "14910", "2019-3-2");
INSERT INTO researcher (researcher_id,first_name,last_name,birthdate,gender,organization_id,datework) VALUES ("37185", "Kelly", "Cross", "1966-7-27", "Female", "91985", "2015-10-18");
INSERT INTO researcher (researcher_id,first_name,last_name,birthdate,gender,organization_id,datework) VALUES ("52061", "William", "Hernandez", "1995-9-1", "Male", "88603", "2015-9-20");
INSERT INTO researcher (researcher_id,first_name,last_name,birthdate,gender,organization_id,datework) VALUES ("25711", "Grace", "Miranda", "1968-4-28", "Female", "39660", "2020-4-17");
INSERT INTO researcher (researcher_id,first_name,last_name,birthdate,gender,organization_id,datework) VALUES ("93359", "Mercedes", "Valentine", "1965-10-1", "Male", "97019", "2016-5-27");
INSERT INTO researcher (researcher_id,first_name,last_name,birthdate,gender,organization_id,datework) VALUES ("52411", "Cindy", "Brown", "1978-3-27", "Female", "46711", "2011-10-11");
INSERT INTO researcher (researcher_id,first_name,last_name,birthdate,gender,organization_id,datework) VALUES ("49671", "Stacy", "Bell", "1951-7-25", "Male", "25059", "2014-11-6");
INSERT INTO researcher (researcher_id,first_name,last_name,birthdate,gender,organization_id,datework) VALUES ("49625", "Debra", "Adams", "1988-10-6", "Male", "53199", "2020-11-26");
INSERT INTO researcher (researcher_id,first_name,last_name,birthdate,gender,organization_id,datework) VALUES ("12898", "Frank", "Brown", "1990-1-20", "Non-Binary", "46711", "2011-7-27");
INSERT INTO researcher (researcher_id,first_name,last_name,birthdate,gender,organization_id,datework) VALUES ("94128", "Joshua", "Fuller", "1956-4-12", "Female", "50189", "2015-9-12");
INSERT INTO researcher (researcher_id,first_name,last_name,birthdate,gender,organization_id,datework) VALUES ("48725", "Matthew", "Rodriguez", "1995-8-2", "Female", "25059", "2016-8-28");
INSERT INTO researcher (researcher_id,first_name,last_name,birthdate,gender,organization_id,datework) VALUES ("17483", "John", "Flowers", "1969-11-13", "Male", "17809", "2013-4-8");
INSERT INTO researcher (researcher_id,first_name,last_name,birthdate,gender,organization_id,datework) VALUES ("62295", "Jeff", "Pacheco", "1974-12-4", "Female", "66017", "2021-4-10");
INSERT INTO researcher (researcher_id,first_name,last_name,birthdate,gender,organization_id,datework) VALUES ("88266", "Adam", "Andrews", "1988-8-28", "Female", "25565", "2012-3-5");
INSERT INTO researcher (researcher_id,first_name,last_name,birthdate,gender,organization_id,datework) VALUES ("37402", "Samantha", "Dixon", "1985-2-3", "Male", "81999", "2021-8-6");
INSERT INTO researcher (researcher_id,first_name,last_name,birthdate,gender,organization_id,datework) VALUES ("94548", "Rhonda", "Robinson", "1961-1-9", "Non-Binary", "72082", "2013-8-22");
INSERT INTO researcher (researcher_id,first_name,last_name,birthdate,gender,organization_id,datework) VALUES ("10310", "Kathryn", "Cook", "1988-10-17", "Female", "24636", "2018-2-3");
INSERT INTO researcher (researcher_id,first_name,last_name,birthdate,gender,organization_id,datework) VALUES ("18538", "Danielle", "Smith", "1997-9-6", "Female", "53199", "2013-12-27");
INSERT INTO researcher (researcher_id,first_name,last_name,birthdate,gender,organization_id,datework) VALUES ("84249", "Beth", "Cook", "1978-3-12", "Male", "16708", "2020-3-16");
INSERT INTO researcher (researcher_id,first_name,last_name,birthdate,gender,organization_id,datework) VALUES ("88030", "Drew", "Carroll", "1977-4-16", "Female", "91985", "2021-4-6");
INSERT INTO researcher (researcher_id,first_name,last_name,birthdate,gender,organization_id,datework) VALUES ("27686", "Madison", "Pena", "1995-4-13", "Male", "25059", "2018-11-4");
INSERT INTO researcher (researcher_id,first_name,last_name,birthdate,gender,organization_id,datework) VALUES ("36489", "Gregory", "Moore", "1986-6-21", "Male", "17809", "2021-6-9");
INSERT INTO researcher (researcher_id,first_name,last_name,birthdate,gender,organization_id,datework) VALUES ("43297", "Carolyn", "Small", "1976-5-19", "Female", "56375", "2014-3-26");
INSERT INTO researcher (researcher_id,first_name,last_name,birthdate,gender,organization_id,datework) VALUES ("68961", "Katherine", "Smith", "1995-8-26", "Female", "56375", "2014-9-22");
INSERT INTO researcher (researcher_id,first_name,last_name,birthdate,gender,organization_id,datework) VALUES ("51655", "Julie", "Moore", "1974-10-17", "Non-Binary", "39660", "2012-1-17");
INSERT INTO researcher (researcher_id,first_name,last_name,birthdate,gender,organization_id,datework) VALUES ("89215", "Jenna", "Perry", "1976-1-14", "Non-Binary", "27822", "2014-9-14");
INSERT INTO researcher (researcher_id,first_name,last_name,birthdate,gender,organization_id,datework) VALUES ("34261", "James", "Wallace", "1955-3-28", "Female", "50189", "2016-7-5");
INSERT INTO researcher (researcher_id,first_name,last_name,birthdate,gender,organization_id,datework) VALUES ("16302", "Angela", "Miller", "1954-3-10", "Non-Binary", "65202", "2014-6-26");
INSERT INTO researcher (researcher_id,first_name,last_name,birthdate,gender,organization_id,datework) VALUES ("82749", "Jason", "Bailey", "1977-12-9", "Female", "14910", "2015-5-6");
INSERT INTO researcher (researcher_id,first_name,last_name,birthdate,gender,organization_id,datework) VALUES ("72553", "Kristine", "Richards", "1950-6-2", "Female", "53199", "2022-4-27");
INSERT INTO researcher (researcher_id,first_name,last_name,birthdate,gender,organization_id,datework) VALUES ("13453", "Benjamin", "Blankenship", "1962-8-28", "Non-Binary", "16708", "2014-8-16");
INSERT INTO researcher (researcher_id,first_name,last_name,birthdate,gender,organization_id,datework) VALUES ("60589", "Jason", "Adams", "1999-1-15", "Female", "75367", "2016-10-28");
INSERT INTO researcher (researcher_id,first_name,last_name,birthdate,gender,organization_id,datework) VALUES ("19693", "Michelle", "Rodriguez", "1966-10-17", "Male", "98394", "2020-10-11");
INSERT INTO researcher (researcher_id,first_name,last_name,birthdate,gender,organization_id,datework) VALUES ("10705", "Tony", "Sanders", "1980-3-3", "Non-Binary", "25059", "2010-11-16");
INSERT INTO researcher (researcher_id,first_name,last_name,birthdate,gender,organization_id,datework) VALUES ("89079", "Erin", "Cross", "1971-10-4", "Non-Binary", "17809", "2012-7-2");
INSERT INTO researcher (researcher_id,first_name,last_name,birthdate,gender,organization_id,datework) VALUES ("42116", "Dana", "Bishop", "1998-10-6", "Non-Binary", "39660", "2018-10-18");
INSERT INTO researcher (researcher_id,first_name,last_name,birthdate,gender,organization_id,datework) VALUES ("13449", "Brittany", "Spencer", "1985-11-25", "Male", "17809", "2016-7-13");
INSERT INTO researcher (researcher_id,first_name,last_name,birthdate,gender,organization_id,datework) VALUES ("90246", "Jason", "Miller", "1976-5-13", "Non-Binary", "67569", "2018-6-9");
INSERT INTO researcher (researcher_id,first_name,last_name,birthdate,gender,organization_id,datework) VALUES ("89095", "Todd", "Armstrong", "1991-10-28", "Non-Binary", "97019", "2018-1-2");
INSERT INTO researcher (researcher_id,first_name,last_name,birthdate,gender,organization_id,datework) VALUES ("71985", "Vickie", "Mason", "1961-9-20", "Non-Binary", "88603", "2017-10-25");

-- program 
INSERT INTO program (program_id,name_pr,management) VALUES ("32415","program146","Debbie Blake");
INSERT INTO program (program_id,name_pr,management) VALUES ("56259","program957","Matthew Jones");
INSERT INTO program (program_id,name_pr,management) VALUES ("55553","program481","Mr. Benjamin Morrison");
INSERT INTO program (program_id,name_pr,management) VALUES ("19244","program644","Jerome Smith");
INSERT INTO program (program_id,name_pr,management) VALUES ("21741","program238","Mrs. Kathleen Walton");
INSERT INTO program (program_id,name_pr,management) VALUES ("90397","program604","Courtney Sullivan");
INSERT INTO program (program_id,name_pr,management) VALUES ("54790","program727","Teresa Smith");
INSERT INTO program (program_id,name_pr,management) VALUES ("63652","program350","David Hampton");
INSERT INTO program (program_id,name_pr,management) VALUES ("13132","program587","Hannah Gonzales");
INSERT INTO program (program_id,name_pr,management) VALUES ("97527","program921","Kimberly Knight");
INSERT INTO program (program_id,name_pr,management) VALUES ("62574","program980","Susan Jensen");
INSERT INTO program (program_id,name_pr,management) VALUES ("57978","program998","Denise Cervantes");
INSERT INTO program (program_id,name_pr,management) VALUES ("23499","program574","Paula Brown");
INSERT INTO program (program_id,name_pr,management) VALUES ("56521","program532","Vincent Mcdonald");
INSERT INTO program (program_id,name_pr,management) VALUES ("24096","program149","Linda Hill");
INSERT INTO program (program_id,name_pr,management) VALUES ("12546","program199","Jordan Weber");
INSERT INTO program (program_id,name_pr,management) VALUES ("52291","program655","Scott Walls");
INSERT INTO program (program_id,name_pr,management) VALUES ("47946","program324","Miranda Tate");
INSERT INTO program (program_id,name_pr,management) VALUES ("10177","program121","Christopher Hall");
INSERT INTO program (program_id,name_pr,management) VALUES ("62914","program545","Jenny Robinson");
INSERT INTO program (program_id,name_pr,management) VALUES ("74622","program714","Amanda Pierce");
INSERT INTO program (program_id,name_pr,management) VALUES ("87899","program582","Susan Alexander");
INSERT INTO program (program_id,name_pr,management) VALUES ("22177","program405","Brittany Mann");
INSERT INTO program (program_id,name_pr,management) VALUES ("70586","program566","Jessica Wallace");
INSERT INTO program (program_id,name_pr,management) VALUES ("99019","program466","Jesus Hardy");
INSERT INTO program (program_id,name_pr,management) VALUES ("57143","program802","Michael Welch");
INSERT INTO program (program_id,name_pr,management) VALUES ("74814","program322","Thomas Garcia");
INSERT INTO program (program_id,name_pr,management) VALUES ("22221","program422","Alec Walker");
INSERT INTO program (program_id,name_pr,management) VALUES ("39323","program589","Chad Boyd");
INSERT INTO program (program_id,name_pr,management) VALUES ("14335","program851","Jeffrey Bartlett");
INSERT INTO program (program_id,name_pr,management) VALUES ("91526","program175","Robert Irwin");
INSERT INTO program (program_id,name_pr,management) VALUES ("51042","program526","Jordan Lamb");
INSERT INTO program (program_id,name_pr,management) VALUES ("89586","program968","Joshua Alvarado");
INSERT INTO program (program_id,name_pr,management) VALUES ("58874","program482","Brent Wood");
INSERT INTO program (program_id,name_pr,management) VALUES ("60309","program765","Madison Peterson");
INSERT INTO program (program_id,name_pr,management) VALUES ("69669","program962","James Jennings");
INSERT INTO program (program_id,name_pr,management) VALUES ("30491","program773","Melissa Walker");
INSERT INTO program (program_id,name_pr,management) VALUES ("44856","program311","Nicole Perez");
INSERT INTO program (program_id,name_pr,management) VALUES ("53544","program684","Samantha Mendez");
INSERT INTO program (program_id,name_pr,management) VALUES ("57667","program598","William Rojas");

-- scientific_field 
INSERT INTO scientific_field (scfield_id,name_scfield) VALUES ("63580","Mathematics");
INSERT INTO scientific_field (scfield_id,name_scfield) VALUES ("34196","Computer Science");
INSERT INTO scientific_field (scfield_id,name_scfield) VALUES ("78362","Physics");
INSERT INTO scientific_field (scfield_id,name_scfield) VALUES ("96846","Biology");
INSERT INTO scientific_field (scfield_id,name_scfield) VALUES ("64487","Chemistry");
INSERT INTO scientific_field (scfield_id,name_scfield) VALUES ("19320","Geology");
INSERT INTO scientific_field (scfield_id,name_scfield) VALUES ("11696","Law");
INSERT INTO scientific_field (scfield_id,name_scfield) VALUES ("97439","Natural Sciences");
INSERT INTO scientific_field (scfield_id,name_scfield) VALUES ("75526","Economics");
INSERT INTO scientific_field (scfield_id,name_scfield) VALUES ("15810","Irrelevant");

-- evaluation 
INSERT INTO evaluation (evaluation_id,grade,date_eval) VALUES ("86179","10", "2014-6-4");
INSERT INTO evaluation (evaluation_id,grade,date_eval) VALUES ("49054","6", "2013-11-24");
INSERT INTO evaluation (evaluation_id,grade,date_eval) VALUES ("77540","10", "2013-8-3");
INSERT INTO evaluation (evaluation_id,grade,date_eval) VALUES ("56208","5", "2013-9-2");
INSERT INTO evaluation (evaluation_id,grade,date_eval) VALUES ("55690","6", "2013-4-17");
INSERT INTO evaluation (evaluation_id,grade,date_eval) VALUES ("14378","8", "2014-11-5");
INSERT INTO evaluation (evaluation_id,grade,date_eval) VALUES ("73161","9", "2014-6-2");
INSERT INTO evaluation (evaluation_id,grade,date_eval) VALUES ("66845","8", "2014-1-26");
INSERT INTO evaluation (evaluation_id,grade,date_eval) VALUES ("66494","8", "2013-2-17");
INSERT INTO evaluation (evaluation_id,grade,date_eval) VALUES ("20891","5", "2014-10-26");
INSERT INTO evaluation (evaluation_id,grade,date_eval) VALUES ("93937","6", "2014-10-14");
INSERT INTO evaluation (evaluation_id,grade,date_eval) VALUES ("42195","5", "2013-8-6");
INSERT INTO evaluation (evaluation_id,grade,date_eval) VALUES ("21298","5", "2014-11-17");
INSERT INTO evaluation (evaluation_id,grade,date_eval) VALUES ("31943","7", "2013-1-18");
INSERT INTO evaluation (evaluation_id,grade,date_eval) VALUES ("79525","6", "2014-8-25");
INSERT INTO evaluation (evaluation_id,grade,date_eval) VALUES ("15552","9", "2014-6-25");
INSERT INTO evaluation (evaluation_id,grade,date_eval) VALUES ("83328","7", "2014-3-19");
INSERT INTO evaluation (evaluation_id,grade,date_eval) VALUES ("53640","6", "2013-5-6");
INSERT INTO evaluation (evaluation_id,grade,date_eval) VALUES ("25780","8", "2014-10-1");
INSERT INTO evaluation (evaluation_id,grade,date_eval) VALUES ("20866","10", "2013-3-10");
INSERT INTO evaluation (evaluation_id,grade,date_eval) VALUES ("78871","5", "2014-10-7");
INSERT INTO evaluation (evaluation_id,grade,date_eval) VALUES ("22157","8", "2014-4-21");
INSERT INTO evaluation (evaluation_id,grade,date_eval) VALUES ("43660","9", "2013-4-26");
INSERT INTO evaluation (evaluation_id,grade,date_eval) VALUES ("35289","8", "2013-12-22");
INSERT INTO evaluation (evaluation_id,grade,date_eval) VALUES ("28680","6", "2014-2-2");
INSERT INTO evaluation (evaluation_id,grade,date_eval) VALUES ("20221","6", "2014-1-23");
INSERT INTO evaluation (evaluation_id,grade,date_eval) VALUES ("71662","9", "2014-6-5");
INSERT INTO evaluation (evaluation_id,grade,date_eval) VALUES ("49799","10", "2013-7-6");
INSERT INTO evaluation (evaluation_id,grade,date_eval) VALUES ("98877","6", "2014-5-13");
INSERT INTO evaluation (evaluation_id,grade,date_eval) VALUES ("78686","9", "2014-3-6");
INSERT INTO evaluation (evaluation_id,grade,date_eval) VALUES ("16580","8", "2013-6-26");
INSERT INTO evaluation (evaluation_id,grade,date_eval) VALUES ("69854","6", "2013-2-4");
INSERT INTO evaluation (evaluation_id,grade,date_eval) VALUES ("93104","9", "2013-11-18");
INSERT INTO evaluation (evaluation_id,grade,date_eval) VALUES ("18097","10", "2013-12-14");
INSERT INTO evaluation (evaluation_id,grade,date_eval) VALUES ("84402","9", "2014-4-8");
INSERT INTO evaluation (evaluation_id,grade,date_eval) VALUES ("84302","6", "2014-12-8");
INSERT INTO evaluation (evaluation_id,grade,date_eval) VALUES ("69053","9", "2013-10-27");
INSERT INTO evaluation (evaluation_id,grade,date_eval) VALUES ("97910","5", "2014-12-5");
INSERT INTO evaluation (evaluation_id,grade,date_eval) VALUES ("22889","5", "2014-2-4");
INSERT INTO evaluation (evaluation_id,grade,date_eval) VALUES ("35737","6", "2014-10-21");
INSERT INTO evaluation (evaluation_id,grade,date_eval) VALUES ("53227","8", "2014-9-18");
INSERT INTO evaluation (evaluation_id,grade,date_eval) VALUES ("62559","7", "2013-3-5");
INSERT INTO evaluation (evaluation_id,grade,date_eval) VALUES ("82913","7", "2014-1-10");
INSERT INTO evaluation (evaluation_id,grade,date_eval) VALUES ("72636","6", "2014-2-10");
INSERT INTO evaluation (evaluation_id,grade,date_eval) VALUES ("73461","7", "2013-12-8");
INSERT INTO evaluation (evaluation_id,grade,date_eval) VALUES ("69839","6", "2014-2-21");
INSERT INTO evaluation (evaluation_id,grade,date_eval) VALUES ("81435","10", "2014-3-14");
INSERT INTO evaluation (evaluation_id,grade,date_eval) VALUES ("69522","6", "2014-10-18");
INSERT INTO evaluation (evaluation_id,grade,date_eval) VALUES ("15430","9", "2013-9-21");
INSERT INTO evaluation (evaluation_id,grade,date_eval) VALUES ("73967","7", "2014-8-27");

-- executive 
INSERT INTO executive (executive_id,name_ex) VALUES ("10959","Janet Gill");
INSERT INTO executive (executive_id,name_ex) VALUES ("52657","Patricia Sullivan");
INSERT INTO executive (executive_id,name_ex) VALUES ("83867","Amy Spencer");
INSERT INTO executive (executive_id,name_ex) VALUES ("64647","Amy Smith");
INSERT INTO executive (executive_id,name_ex) VALUES ("15481","Joseph Gutierrez");
INSERT INTO executive (executive_id,name_ex) VALUES ("65197","Anna Fisher");
INSERT INTO executive (executive_id,name_ex) VALUES ("31174","Richard Davis");
INSERT INTO executive (executive_id,name_ex) VALUES ("84132","Heather Morales");
INSERT INTO executive (executive_id,name_ex) VALUES ("49424","Carl Bell");
INSERT INTO executive (executive_id,name_ex) VALUES ("66546","Heather Smith");
INSERT INTO executive (executive_id,name_ex) VALUES ("90512","Madeline Murphy");
INSERT INTO executive (executive_id,name_ex) VALUES ("36356","Sabrina Rios");
INSERT INTO executive (executive_id,name_ex) VALUES ("25159","Albert Baldwin");
INSERT INTO executive (executive_id,name_ex) VALUES ("57094","Dawn Chambers");
INSERT INTO executive (executive_id,name_ex) VALUES ("55905","Stephanie Smith");
INSERT INTO executive (executive_id,name_ex) VALUES ("42472","William Peterson DDS");
INSERT INTO executive (executive_id,name_ex) VALUES ("84968","Amanda Salazar");
INSERT INTO executive (executive_id,name_ex) VALUES ("28119","Sandra Drake");
INSERT INTO executive (executive_id,name_ex) VALUES ("24769","Kenneth Howard");
INSERT INTO executive (executive_id,name_ex) VALUES ("72449","William Compton");
INSERT INTO executive (executive_id,name_ex) VALUES ("25799","Michael Brown");
INSERT INTO executive (executive_id,name_ex) VALUES ("61050","Reginald Good");
INSERT INTO executive (executive_id,name_ex) VALUES ("27691","Christopher Mcgrath");
INSERT INTO executive (executive_id,name_ex) VALUES ("40265","Natalie Patterson");
INSERT INTO executive (executive_id,name_ex) VALUES ("86180","Anthony Ingram");
INSERT INTO executive (executive_id,name_ex) VALUES ("40540","Sarah Wilson");
INSERT INTO executive (executive_id,name_ex) VALUES ("23271","Michelle Donaldson");
INSERT INTO executive (executive_id,name_ex) VALUES ("81077","Erika Curtis");
INSERT INTO executive (executive_id,name_ex) VALUES ("68384","Peter Miller");
INSERT INTO executive (executive_id,name_ex) VALUES ("72238","Stephanie Griffith");
INSERT INTO executive (executive_id,name_ex) VALUES ("60276","Virginia Gardner");
INSERT INTO executive (executive_id,name_ex) VALUES ("94887","Joshua Pierce");
INSERT INTO executive (executive_id,name_ex) VALUES ("47393","Joseph Collier");
INSERT INTO executive (executive_id,name_ex) VALUES ("41148","Vicki Morgan");
INSERT INTO executive (executive_id,name_ex) VALUES ("26934","Kenneth Blankenship");
INSERT INTO executive (executive_id,name_ex) VALUES ("47080","Jacqueline Fernandez");
INSERT INTO executive (executive_id,name_ex) VALUES ("70079","Elizabeth Myers");
INSERT INTO executive (executive_id,name_ex) VALUES ("93596","James Shields");
INSERT INTO executive (executive_id,name_ex) VALUES ("46425","Roy Young");
INSERT INTO executive (executive_id,name_ex) VALUES ("11331","Ashley Snow");
INSERT INTO executive (executive_id,name_ex) VALUES ("56663","Jeffrey Dean");
INSERT INTO executive (executive_id,name_ex) VALUES ("36614","Ashley Brown");
INSERT INTO executive (executive_id,name_ex) VALUES ("50145","Brian Hoffman");
INSERT INTO executive (executive_id,name_ex) VALUES ("57534","Frank Johnson");
INSERT INTO executive (executive_id,name_ex) VALUES ("57695","David Castillo");
INSERT INTO executive (executive_id,name_ex) VALUES ("58847","Philip Stewart");
INSERT INTO executive (executive_id,name_ex) VALUES ("71984","Mr. Ryan Wheeler");
INSERT INTO executive (executive_id,name_ex) VALUES ("13724","Matthew Elliott");
INSERT INTO executive (executive_id,name_ex) VALUES ("42733","Diana Caldwell");
INSERT INTO executive (executive_id,name_ex) VALUES ("78646","Ian Hutchinson");

-- project 
INSERT INTO project (project_id,title,start_date,end_date,abstract,funds,evaluator_id,accountable_id,program_id,executive_id,organization_id,evaluation_id) VALUES ("45355","project404", "2021-12-28", "2024-7-27", "Bit cost but million deep production son cover.", "872032", "74978", "48132", "19244", "57534", "65202", "78871");
INSERT INTO project (project_id,title,start_date,end_date,abstract,funds,evaluator_id,accountable_id,program_id,executive_id,organization_id,evaluation_id) VALUES ("25264","project904", "2019-3-26", "2021-6-3", "Central investment hotel prevent marriage thank.", "169731", "56816", "48737", "14335", "23271", "46711", "16580");
INSERT INTO project (project_id,title,start_date,end_date,abstract,funds,evaluator_id,accountable_id,program_id,executive_id,organization_id,evaluation_id) VALUES ("48151","project775", "2022-12-6", "2024-11-22", "Development organization card clearly.", "925303", "69965", "41773", "54790", "94887", "58141", "22157");
INSERT INTO project (project_id,title,start_date,end_date,abstract,funds,evaluator_id,accountable_id,program_id,executive_id,organization_id,evaluation_id) VALUES ("66656","project275", "2016-6-10", "2019-10-4", "Chair industry material out program team these.", "250055", "61650", "13323", "74814", "25799", "52833", "20866");
INSERT INTO project (project_id,title,start_date,end_date,abstract,funds,evaluator_id,accountable_id,program_id,executive_id,organization_id,evaluation_id) VALUES ("39000","project981", "2021-7-25", "2024-4-25", "Professor beautiful agreement direction campaign.", "809683", "51861", "42116", "74814", "52657", "58141", "81435");
INSERT INTO project (project_id,title,start_date,end_date,abstract,funds,evaluator_id,accountable_id,program_id,executive_id,organization_id,evaluation_id) VALUES ("15556","project155", "2016-2-28", "2018-1-23", "Enjoy which policy around. Light travel type development.", "601922", "73738", "68457", "63652", "26934", "24636", "73967");
INSERT INTO project (project_id,title,start_date,end_date,abstract,funds,evaluator_id,accountable_id,program_id,executive_id,organization_id,evaluation_id) VALUES ("76399","project298", "2017-11-25", "2019-4-23", "Our beat car nor fire during. Light carry glass trouble.", "979556", "42116", "35265", "54790", "28119", "94447", "82913");
INSERT INTO project (project_id,title,start_date,end_date,abstract,funds,evaluator_id,accountable_id,program_id,executive_id,organization_id,evaluation_id) VALUES ("69649","project980", "2015-5-7", "2018-3-25", "Care field dream until those I.", "227321", "45816", "28507", "89586", "49424", "16708", "18097");
INSERT INTO project (project_id,title,start_date,end_date,abstract,funds,evaluator_id,accountable_id,program_id,executive_id,organization_id,evaluation_id) VALUES ("49790","project128", "2019-9-24", "2021-1-21", "Back stand study answer music. President although quite travel owner yet director.", "577397", "97389", "17402", "90397", "64647", "53467", "25780");
INSERT INTO project (project_id,title,start_date,end_date,abstract,funds,evaluator_id,accountable_id,program_id,executive_id,organization_id,evaluation_id) VALUES ("94785","project752", "2021-6-5", "2024-6-25", "Professor rock staff man. Know how still million goal less late.", "249243", "55221", "48737", "51042", "72238", "50189", "82913");
INSERT INTO project (project_id,title,start_date,end_date,abstract,funds,evaluator_id,accountable_id,program_id,executive_id,organization_id,evaluation_id) VALUES ("97401","project291", "2015-2-23", "2017-4-12", "Term deal various reality.", "845468", "68457", "93614", "24096", "70079", "52833", "66494");
INSERT INTO project (project_id,title,start_date,end_date,abstract,funds,evaluator_id,accountable_id,program_id,executive_id,organization_id,evaluation_id) VALUES ("43499","project277", "2017-2-19", "2019-8-25", "Detail help same response action than seat. Second build music wonder.", "494738", "43340", "51861", "56521", "57534", "75367", "81435");
INSERT INTO project (project_id,title,start_date,end_date,abstract,funds,evaluator_id,accountable_id,program_id,executive_id,organization_id,evaluation_id) VALUES ("39163","project602", "2015-4-7", "2017-5-16", "Little financial include compare. Thank detail future generation.", "720085", "14828", "87206", "69669", "47080", "88603", "84402");
INSERT INTO project (project_id,title,start_date,end_date,abstract,funds,evaluator_id,accountable_id,program_id,executive_id,organization_id,evaluation_id) VALUES ("23883","project774", "2019-9-13", "2021-2-9", "No fill interview.", "954808", "70730", "96760", "55553", "58847", "58141", "78686");
INSERT INTO project (project_id,title,start_date,end_date,abstract,funds,evaluator_id,accountable_id,program_id,executive_id,organization_id,evaluation_id) VALUES ("13267","project782", "2019-9-26", "2021-3-22", "Its wonder report image knowledge.", "639773", "27686", "17483", "39323", "36614", "39660", "69839");
INSERT INTO project (project_id,title,start_date,end_date,abstract,funds,evaluator_id,accountable_id,program_id,executive_id,organization_id,evaluation_id) VALUES ("38193","project224", "2022-10-27", "2024-1-17", "Parent administration force resource. Chair your be.", "722456", "74978", "29630", "21741", "10959", "91802", "78686");
INSERT INTO project (project_id,title,start_date,end_date,abstract,funds,evaluator_id,accountable_id,program_id,executive_id,organization_id,evaluation_id) VALUES ("11736","project739", "2016-5-19", "2019-8-8", "Response choose task likely.", "706934", "45300", "55776", "74622", "83867", "25565", "69522");
INSERT INTO project (project_id,title,start_date,end_date,abstract,funds,evaluator_id,accountable_id,program_id,executive_id,organization_id,evaluation_id) VALUES ("72572","project953", "2015-10-28", "2017-8-23", "Over box be bring happy.", "360458", "57673", "57673", "62914", "47080", "88603", "77540");
INSERT INTO project (project_id,title,start_date,end_date,abstract,funds,evaluator_id,accountable_id,program_id,executive_id,organization_id,evaluation_id) VALUES ("49968","project531", "2016-8-19", "2018-3-16", "Fall town assume evening keep across run.", "263940", "62295", "97389", "60309", "10959", "65202", "82913");
INSERT INTO project (project_id,title,start_date,end_date,abstract,funds,evaluator_id,accountable_id,program_id,executive_id,organization_id,evaluation_id) VALUES ("42605","project161", "2020-4-1", "2023-5-10", "Future reveal over bar food able beyond program. Low particularly guess appear young.", "891204", "85179", "51740", "39323", "25799", "81999", "86179");
INSERT INTO project (project_id,title,start_date,end_date,abstract,funds,evaluator_id,accountable_id,program_id,executive_id,organization_id,evaluation_id) VALUES ("18734","project788", "2018-9-27", "2020-12-2", "Authority west us six consider let. Guy light senior those public physical money.", "343301", "71985", "93359", "30491", "71984", "25565", "84402");
INSERT INTO project (project_id,title,start_date,end_date,abstract,funds,evaluator_id,accountable_id,program_id,executive_id,organization_id,evaluation_id) VALUES ("81641","project367", "2022-12-14", "2025-12-15", "Occur toward exactly across various. Since score huge almost cell.", "965591", "31488", "12898", "19244", "24769", "75367", "69522");
INSERT INTO project (project_id,title,start_date,end_date,abstract,funds,evaluator_id,accountable_id,program_id,executive_id,organization_id,evaluation_id) VALUES ("94696","project754", "2015-12-3", "2017-9-28", "Technology role new position not.", "709633", "13323", "62295", "56259", "61050", "52833", "49799");
INSERT INTO project (project_id,title,start_date,end_date,abstract,funds,evaluator_id,accountable_id,program_id,executive_id,organization_id,evaluation_id) VALUES ("85309","project577", "2022-6-4", "2024-7-25", "Claim group house. Huge manage perhaps simple local Democrat civil.", "501966", "84804", "40353", "12546", "70079", "97019", "15430");
INSERT INTO project (project_id,title,start_date,end_date,abstract,funds,evaluator_id,accountable_id,program_id,executive_id,organization_id,evaluation_id) VALUES ("13685","project883", "2020-7-17", "2022-6-8", "Upon last program personal you although there.", "435136", "25532", "87206", "10177", "60276", "14910", "93937");
INSERT INTO project (project_id,title,start_date,end_date,abstract,funds,evaluator_id,accountable_id,program_id,executive_id,organization_id,evaluation_id) VALUES ("14285","project374", "2022-4-23", "2025-9-6", "No life minute answer possible. Center tax better throw computer set.", "840733", "17402", "36705", "47946", "31174", "39660", "15430");
INSERT INTO project (project_id,title,start_date,end_date,abstract,funds,evaluator_id,accountable_id,program_id,executive_id,organization_id,evaluation_id) VALUES ("75736","project856", "2019-3-20", "2021-10-23", "Hit factor fight across performance maintain. Up local other economy.", "414694", "23152", "25532", "89586", "36614", "56375", "69053");
INSERT INTO project (project_id,title,start_date,end_date,abstract,funds,evaluator_id,accountable_id,program_id,executive_id,organization_id,evaluation_id) VALUES ("63606","project436", "2015-4-21", "2017-3-3", "Speak general shake per. Dinner fine second without range three voice.", "132481", "94548", "98124", "10177", "40265", "91802", "69522");
INSERT INTO project (project_id,title,start_date,end_date,abstract,funds,evaluator_id,accountable_id,program_id,executive_id,organization_id,evaluation_id) VALUES ("67831","project201", "2016-2-10", "2018-7-11", "Production occur special source stay important. Test blue writer affect practice break range task.", "308468", "52082", "24125", "22221", "49424", "67569", "69053");
INSERT INTO project (project_id,title,start_date,end_date,abstract,funds,evaluator_id,accountable_id,program_id,executive_id,organization_id,evaluation_id) VALUES ("67403","project152", "2022-8-4", "2025-6-5", "Thank leader grow late successful from.", "792038", "17300", "55977", "56521", "61050", "39660", "55690");
INSERT INTO project (project_id,title,start_date,end_date,abstract,funds,evaluator_id,accountable_id,program_id,executive_id,organization_id,evaluation_id) VALUES ("89708","project780", "2019-9-26", "2021-4-3", "Kind account opportunity hard law. Skin drug help be four while.", "341935", "78375", "29630", "57978", "58847", "39660", "20891");
INSERT INTO project (project_id,title,start_date,end_date,abstract,funds,evaluator_id,accountable_id,program_id,executive_id,organization_id,evaluation_id) VALUES ("58370","project554", "2019-2-16", "2022-1-4", "Left total spend city company power employee.", "629091", "35265", "18538", "30491", "58847", "98394", "84302");
INSERT INTO project (project_id,title,start_date,end_date,abstract,funds,evaluator_id,accountable_id,program_id,executive_id,organization_id,evaluation_id) VALUES ("30454","project176", "2018-12-4", "2021-8-23", "Exactly age quite realize later no send.", "228435", "12898", "52411", "90397", "81077", "88603", "35737");
INSERT INTO project (project_id,title,start_date,end_date,abstract,funds,evaluator_id,accountable_id,program_id,executive_id,organization_id,evaluation_id) VALUES ("50466","project746", "2022-11-16", "2024-12-23", "Partner news smile pattern draw.", "263912", "84804", "41231", "32415", "58847", "67569", "21298");
INSERT INTO project (project_id,title,start_date,end_date,abstract,funds,evaluator_id,accountable_id,program_id,executive_id,organization_id,evaluation_id) VALUES ("88959","project587", "2021-12-19", "2023-2-11", "Enjoy realize about hear address determine.", "998632", "49671", "89095", "51042", "31174", "94447", "20221");
INSERT INTO project (project_id,title,start_date,end_date,abstract,funds,evaluator_id,accountable_id,program_id,executive_id,organization_id,evaluation_id) VALUES ("50597","project265", "2015-3-23", "2018-2-5", "Blue catch future role long.", "845295", "51655", "10310", "19244", "60276", "56375", "69854");
INSERT INTO project (project_id,title,start_date,end_date,abstract,funds,evaluator_id,accountable_id,program_id,executive_id,organization_id,evaluation_id) VALUES ("13386","project632", "2017-11-26", "2019-8-6", "Large man prevent mention model cold local. Country authority quickly young site travel.", "973575", "42882", "90246", "12546", "36614", "67569", "98877");
INSERT INTO project (project_id,title,start_date,end_date,abstract,funds,evaluator_id,accountable_id,program_id,executive_id,organization_id,evaluation_id) VALUES ("96255","project204", "2017-10-4", "2019-7-24", "World individual story heavy only. Impact central school more south.", "958624", "87206", "85179", "97527", "72238", "53199", "53640");
INSERT INTO project (project_id,title,start_date,end_date,abstract,funds,evaluator_id,accountable_id,program_id,executive_id,organization_id,evaluation_id) VALUES ("37214","project285", "2016-10-7", "2018-2-13", "Effect later whom wall yet network.", "875124", "41773", "94996", "56259", "84968", "25059", "78871");
INSERT INTO project (project_id,title,start_date,end_date,abstract,funds,evaluator_id,accountable_id,program_id,executive_id,organization_id,evaluation_id) VALUES ("77561","project540", "2021-11-7", "2023-3-1", "You fire floor share better. Good black nothing.", "885047", "49671", "43297", "89586", "41148", "25059", "78871");
INSERT INTO project (project_id,title,start_date,end_date,abstract,funds,evaluator_id,accountable_id,program_id,executive_id,organization_id,evaluation_id) VALUES ("31775","project557", "2018-11-11", "2020-6-14", "Sit impact the design leg explain.", "370877", "86826", "84804", "44856", "68384", "27822", "20866");
INSERT INTO project (project_id,title,start_date,end_date,abstract,funds,evaluator_id,accountable_id,program_id,executive_id,organization_id,evaluation_id) VALUES ("39102","project646", "2021-7-6", "2024-11-18", "Fear thing in audience. Newspaper husband hard me floor most peace.", "564011", "34261", "48737", "51042", "42733", "53467", "31943");
INSERT INTO project (project_id,title,start_date,end_date,abstract,funds,evaluator_id,accountable_id,program_id,executive_id,organization_id,evaluation_id) VALUES ("64158","project834", "2020-3-8", "2023-4-9", "Week send artist character sure owner. Among ten available reason option picture experience energy.", "513068", "94996", "90246", "97527", "15481", "25059", "78686");
INSERT INTO project (project_id,title,start_date,end_date,abstract,funds,evaluator_id,accountable_id,program_id,executive_id,organization_id,evaluation_id) VALUES ("33871","project364", "2022-11-23", "2025-11-3", "Maintain window positive election raise.", "886425", "18538", "93614", "89586", "81077", "24636", "53640");
INSERT INTO project (project_id,title,start_date,end_date,abstract,funds,evaluator_id,accountable_id,program_id,executive_id,organization_id,evaluation_id) VALUES ("41055","project199", "2015-8-16", "2017-3-15", "Floor individual million ahead factor. Relate ago student ago apply.", "228501", "94996", "73738", "22221", "11331", "97019", "49054");
INSERT INTO project (project_id,title,start_date,end_date,abstract,funds,evaluator_id,accountable_id,program_id,executive_id,organization_id,evaluation_id) VALUES ("97784","project470", "2017-5-5", "2020-3-21", "Week control prevent.", "469258", "13453", "48725", "56521", "90512", "25565", "49799");
INSERT INTO project (project_id,title,start_date,end_date,abstract,funds,evaluator_id,accountable_id,program_id,executive_id,organization_id,evaluation_id) VALUES ("21787","project551", "2020-12-7", "2022-1-15", "These involve reality important operation kitchen.", "362665", "78375", "32163", "14335", "72238", "14910", "28680");
INSERT INTO project (project_id,title,start_date,end_date,abstract,funds,evaluator_id,accountable_id,program_id,executive_id,organization_id,evaluation_id) VALUES ("43850","project934", "2019-9-26", "2022-1-27", "Sell case sort perhaps whether letter clearly. Manager traditional less truth economy often law executive.", "779174", "73222", "72701", "57978", "64647", "98394", "66494");
INSERT INTO project (project_id,title,start_date,end_date,abstract,funds,evaluator_id,accountable_id,program_id,executive_id,organization_id,evaluation_id) VALUES ("53902","project140", "2016-4-19", "2019-1-19", "Real half my face. Central build face.", "338433", "93614", "89215", "44856", "36356", "16708", "22157");
INSERT INTO project (project_id,title,start_date,end_date,abstract,funds,evaluator_id,accountable_id,program_id,executive_id,organization_id,evaluation_id) VALUES ("32280","project625", "2016-9-25", "2019-4-26", "Travel responsibility hundred power summer rise camera participant.", "922199", "72701", "78375", "47946", "26934", "25565", "16580");

-- deliverable 
INSERT INTO deliverable (deliverable_id,project_id,title,abstract,deliverable_date) VALUES ("58274","97401","title404", "Eat black defense door budget authority.", "2016-1-4");
INSERT INTO deliverable (deliverable_id,project_id,title,abstract,deliverable_date) VALUES ("98177","30454","title904", "Lot point notice. Respond political its continue us allow top.", "2019-11-23");
INSERT INTO deliverable (deliverable_id,project_id,title,abstract,deliverable_date) VALUES ("88231","88959","title775", "Security organization air real standard today full.", "2022-11-27");
INSERT INTO deliverable (deliverable_id,project_id,title,abstract,deliverable_date) VALUES ("17615","58370","title275", "Page art human main say they near else. Action interesting share detail.", "2020-1-11");
INSERT INTO deliverable (deliverable_id,project_id,title,abstract,deliverable_date) VALUES ("42697","32280","title981", "Total director left information lose I deep around. Son federal art late capital.", "2017-8-1");
INSERT INTO deliverable (deliverable_id,project_id,title,abstract,deliverable_date) VALUES ("62946","66656","title155", "Different dream forward staff interview. Morning and ability recognize attention employee game.", "2017-5-12");
INSERT INTO deliverable (deliverable_id,project_id,title,abstract,deliverable_date) VALUES ("72440","50597","title298", "College increase hot sign lawyer.", "2016-2-1");
INSERT INTO deliverable (deliverable_id,project_id,title,abstract,deliverable_date) VALUES ("44388","38193","title980", "There manage walk anyone. Brother sister rock organization increase training defense fear.", "2023-9-10");
INSERT INTO deliverable (deliverable_id,project_id,title,abstract,deliverable_date) VALUES ("57827","49790","title128", "Law enjoy avoid participant become through.", "2020-8-25");
INSERT INTO deliverable (deliverable_id,project_id,title,abstract,deliverable_date) VALUES ("13441","50466","title752", "Once rise natural back rock throughout last. Land I edge high level.", "2023-10-10");

-- phone_number 
INSERT INTO phone_number (organization_id,phone) VALUES ("27822","9466624989");
INSERT INTO phone_number (organization_id,phone) VALUES ("24636","1586703355");
INSERT INTO phone_number (organization_id,phone) VALUES ("98394","8766501639");
INSERT INTO phone_number (organization_id,phone) VALUES ("65202","1034481840");
INSERT INTO phone_number (organization_id,phone) VALUES ("58141","7641582002");
INSERT INTO phone_number (organization_id,phone) VALUES ("46711","5503746594");
INSERT INTO phone_number (organization_id,phone) VALUES ("97019","5516240087");
INSERT INTO phone_number (organization_id,phone) VALUES ("25059","4934678218");
INSERT INTO phone_number (organization_id,phone) VALUES ("24636","5769525787");
INSERT INTO phone_number (organization_id,phone) VALUES ("97019","4769625514");
INSERT INTO phone_number (organization_id,phone) VALUES ("53467","1562990644");
INSERT INTO phone_number (organization_id,phone) VALUES ("56375","9680646188");
INSERT INTO phone_number (organization_id,phone) VALUES ("50189","5692559029");
INSERT INTO phone_number (organization_id,phone) VALUES ("56216","5683860296");
INSERT INTO phone_number (organization_id,phone) VALUES ("46711","3212927161");
INSERT INTO phone_number (organization_id,phone) VALUES ("66017","4275351065");
INSERT INTO phone_number (organization_id,phone) VALUES ("68777","2278837760");
INSERT INTO phone_number (organization_id,phone) VALUES ("14910","9177632917");
INSERT INTO phone_number (organization_id,phone) VALUES ("66017","8549836859");
INSERT INTO phone_number (organization_id,phone) VALUES ("75367","1601723463");
INSERT INTO phone_number (organization_id,phone) VALUES ("97019","7953708764");
INSERT INTO phone_number (organization_id,phone) VALUES ("25059","1977850658");
INSERT INTO phone_number (organization_id,phone) VALUES ("97019","6865489290");
INSERT INTO phone_number (organization_id,phone) VALUES ("52833","7211618780");
INSERT INTO phone_number (organization_id,phone) VALUES ("56216","2716572891");
INSERT INTO phone_number (organization_id,phone) VALUES ("91985","4569171990");
INSERT INTO phone_number (organization_id,phone) VALUES ("72082","9986279082");
INSERT INTO phone_number (organization_id,phone) VALUES ("56375","6833955553");
INSERT INTO phone_number (organization_id,phone) VALUES ("91985","5040321123");
INSERT INTO phone_number (organization_id,phone) VALUES ("65202","6875474977");

-- works_on_project 
INSERT INTO works_on_project (project_id,researcher_id) VALUES ("45355","59430");
INSERT INTO works_on_project (project_id,researcher_id) VALUES ("25264","55221");
INSERT INTO works_on_project (project_id,researcher_id) VALUES ("48151","93614");
INSERT INTO works_on_project (project_id,researcher_id) VALUES ("66656","25532");
INSERT INTO works_on_project (project_id,researcher_id) VALUES ("39000","73801");
INSERT INTO works_on_project (project_id,researcher_id) VALUES ("15556","10310");
INSERT INTO works_on_project (project_id,researcher_id) VALUES ("76399","40353");
INSERT INTO works_on_project (project_id,researcher_id) VALUES ("69649","13453");
INSERT INTO works_on_project (project_id,researcher_id) VALUES ("49790","61650");
INSERT INTO works_on_project (project_id,researcher_id) VALUES ("94785","94128");
INSERT INTO works_on_project (project_id,researcher_id) VALUES ("97401","25532");
INSERT INTO works_on_project (project_id,researcher_id) VALUES ("43499","26684");
INSERT INTO works_on_project (project_id,researcher_id) VALUES ("39163","17402");
INSERT INTO works_on_project (project_id,researcher_id) VALUES ("23883","68457");
INSERT INTO works_on_project (project_id,researcher_id) VALUES ("13267","74978");
INSERT INTO works_on_project (project_id,researcher_id) VALUES ("38193","97389");
INSERT INTO works_on_project (project_id,researcher_id) VALUES ("11736","73222");
INSERT INTO works_on_project (project_id,researcher_id) VALUES ("72572","71985");
INSERT INTO works_on_project (project_id,researcher_id) VALUES ("49968","36705");
INSERT INTO works_on_project (project_id,researcher_id) VALUES ("42605","94181");
INSERT INTO works_on_project (project_id,researcher_id) VALUES ("18734","84804");
INSERT INTO works_on_project (project_id,researcher_id) VALUES ("81641","85179");
INSERT INTO works_on_project (project_id,researcher_id) VALUES ("94696","25532");
INSERT INTO works_on_project (project_id,researcher_id) VALUES ("85309","78375");
INSERT INTO works_on_project (project_id,researcher_id) VALUES ("13685","59009");
INSERT INTO works_on_project (project_id,researcher_id) VALUES ("14285","25711");
INSERT INTO works_on_project (project_id,researcher_id) VALUES ("75736","43297");
INSERT INTO works_on_project (project_id,researcher_id) VALUES ("63606","84934");
INSERT INTO works_on_project (project_id,researcher_id) VALUES ("67831","17300");
INSERT INTO works_on_project (project_id,researcher_id) VALUES ("67403","51655");
INSERT INTO works_on_project (project_id,researcher_id) VALUES ("89708","42116");
INSERT INTO works_on_project (project_id,researcher_id) VALUES ("58370","55977");
INSERT INTO works_on_project (project_id,researcher_id) VALUES ("30454","17402");
INSERT INTO works_on_project (project_id,researcher_id) VALUES ("50466","17300");
INSERT INTO works_on_project (project_id,researcher_id) VALUES ("88959","53912");
INSERT INTO works_on_project (project_id,researcher_id) VALUES ("50597","64800");
INSERT INTO works_on_project (project_id,researcher_id) VALUES ("13386","14828");
INSERT INTO works_on_project (project_id,researcher_id) VALUES ("96255","18538");
INSERT INTO works_on_project (project_id,researcher_id) VALUES ("37214","27686");
INSERT INTO works_on_project (project_id,researcher_id) VALUES ("77561","27686");
INSERT INTO works_on_project (project_id,researcher_id) VALUES ("31775","41773");
INSERT INTO works_on_project (project_id,researcher_id) VALUES ("39102","61650");
INSERT INTO works_on_project (project_id,researcher_id) VALUES ("64158","49671");
INSERT INTO works_on_project (project_id,researcher_id) VALUES ("33871","86807");
INSERT INTO works_on_project (project_id,researcher_id) VALUES ("41055","89095");
INSERT INTO works_on_project (project_id,researcher_id) VALUES ("97784","31488");
INSERT INTO works_on_project (project_id,researcher_id) VALUES ("21787","82749");
INSERT INTO works_on_project (project_id,researcher_id) VALUES ("43850","19693");
INSERT INTO works_on_project (project_id,researcher_id) VALUES ("53902","69965");
INSERT INTO works_on_project (project_id,researcher_id) VALUES ("32280","88266");
INSERT INTO works_on_project (project_id,researcher_id) VALUES ("13267","51655");
INSERT INTO works_on_project (project_id,researcher_id) VALUES ("39000","93614");
INSERT INTO works_on_project (project_id,researcher_id) VALUES ("38193","41418");
INSERT INTO works_on_project (project_id,researcher_id) VALUES ("42605","94181");
INSERT INTO works_on_project (project_id,researcher_id) VALUES ("13386","14828");
INSERT INTO works_on_project (project_id,researcher_id) VALUES ("77561","49671");
INSERT INTO works_on_project (project_id,researcher_id) VALUES ("81641","14380");
INSERT INTO works_on_project (project_id,researcher_id) VALUES ("15556","10310");
INSERT INTO works_on_project (project_id,researcher_id) VALUES ("97401","25532");
INSERT INTO works_on_project (project_id,researcher_id) VALUES ("37214","27686");
INSERT INTO works_on_project (project_id,researcher_id) VALUES ("96255","45300");
INSERT INTO works_on_project (project_id,researcher_id) VALUES ("66656","25532");
INSERT INTO works_on_project (project_id,researcher_id) VALUES ("43499","85179");
INSERT INTO works_on_project (project_id,researcher_id) VALUES ("13685","25022");
INSERT INTO works_on_project (project_id,researcher_id) VALUES ("97784","34971");
INSERT INTO works_on_project (project_id,researcher_id) VALUES ("97401","25532");
INSERT INTO works_on_project (project_id,researcher_id) VALUES ("33871","86807");
INSERT INTO works_on_project (project_id,researcher_id) VALUES ("42605","97399");
INSERT INTO works_on_project (project_id,researcher_id) VALUES ("43499","26684");
INSERT INTO works_on_project (project_id,researcher_id) VALUES ("13267","42116");
INSERT INTO works_on_project (project_id,researcher_id) VALUES ("72572","17402");
INSERT INTO works_on_project (project_id,researcher_id) VALUES ("69649","84249");
INSERT INTO works_on_project (project_id,researcher_id) VALUES ("64158","27686");
INSERT INTO works_on_project (project_id,researcher_id) VALUES ("43850","19693");
INSERT INTO works_on_project (project_id,researcher_id) VALUES ("89708","42116");
INSERT INTO works_on_project (project_id,researcher_id) VALUES ("81641","74769");
INSERT INTO works_on_project (project_id,researcher_id) VALUES ("85309","93359");
INSERT INTO works_on_project (project_id,researcher_id) VALUES ("18734","28507");
INSERT INTO works_on_project (project_id,researcher_id) VALUES ("14285","74978");
INSERT INTO works_on_project (project_id,researcher_id) VALUES ("63606","97389");
INSERT INTO works_on_project (project_id,researcher_id) VALUES ("50466","17300");
INSERT INTO works_on_project (project_id,researcher_id) VALUES ("89708","25711");
INSERT INTO works_on_project (project_id,researcher_id) VALUES ("39000","68457");
INSERT INTO works_on_project (project_id,researcher_id) VALUES ("15556","86807");
INSERT INTO works_on_project (project_id,researcher_id) VALUES ("50597","64800");
INSERT INTO works_on_project (project_id,researcher_id) VALUES ("25264","56816");
INSERT INTO works_on_project (project_id,researcher_id) VALUES ("53902","84249");
INSERT INTO works_on_project (project_id,researcher_id) VALUES ("88959","13323");
INSERT INTO works_on_project (project_id,researcher_id) VALUES ("32280","31488");
INSERT INTO works_on_project (project_id,researcher_id) VALUES ("32280","34971");
INSERT INTO works_on_project (project_id,researcher_id) VALUES ("18734","84804");
INSERT INTO works_on_project (project_id,researcher_id) VALUES ("53902","72701");
INSERT INTO works_on_project (project_id,researcher_id) VALUES ("39000","93614");
INSERT INTO works_on_project (project_id,researcher_id) VALUES ("50597","64800");
INSERT INTO works_on_project (project_id,researcher_id) VALUES ("13267","74978");
INSERT INTO works_on_project (project_id,researcher_id) VALUES ("85309","93359");
INSERT INTO works_on_project (project_id,researcher_id) VALUES ("76399","42882");
INSERT INTO works_on_project (project_id,researcher_id) VALUES ("15556","10310");
INSERT INTO works_on_project (project_id,researcher_id) VALUES ("58370","55977");
INSERT INTO works_on_project (project_id,researcher_id) VALUES ("33871","10310");

-- scientific_field_project 
INSERT INTO scientific_field_project (scfield_id,project_id) VALUES ("75526","45355");
INSERT INTO scientific_field_project (scfield_id,project_id) VALUES ("15810","25264");
INSERT INTO scientific_field_project (scfield_id,project_id) VALUES ("64487","48151");
INSERT INTO scientific_field_project (scfield_id,project_id) VALUES ("75526","66656");
INSERT INTO scientific_field_project (scfield_id,project_id) VALUES ("19320","39000");
INSERT INTO scientific_field_project (scfield_id,project_id) VALUES ("96846","15556");
INSERT INTO scientific_field_project (scfield_id,project_id) VALUES ("78362","76399");
INSERT INTO scientific_field_project (scfield_id,project_id) VALUES ("64487","69649");
INSERT INTO scientific_field_project (scfield_id,project_id) VALUES ("34196","49790");
INSERT INTO scientific_field_project (scfield_id,project_id) VALUES ("15810","94785");
INSERT INTO scientific_field_project (scfield_id,project_id) VALUES ("63580","97401");
INSERT INTO scientific_field_project (scfield_id,project_id) VALUES ("11696","43499");
INSERT INTO scientific_field_project (scfield_id,project_id) VALUES ("97439","39163");
INSERT INTO scientific_field_project (scfield_id,project_id) VALUES ("96846","23883");
INSERT INTO scientific_field_project (scfield_id,project_id) VALUES ("78362","13267");
INSERT INTO scientific_field_project (scfield_id,project_id) VALUES ("11696","38193");
INSERT INTO scientific_field_project (scfield_id,project_id) VALUES ("34196","11736");
INSERT INTO scientific_field_project (scfield_id,project_id) VALUES ("15810","72572");
INSERT INTO scientific_field_project (scfield_id,project_id) VALUES ("64487","49968");
INSERT INTO scientific_field_project (scfield_id,project_id) VALUES ("97439","42605");
INSERT INTO scientific_field_project (scfield_id,project_id) VALUES ("15810","18734");
INSERT INTO scientific_field_project (scfield_id,project_id) VALUES ("96846","81641");
INSERT INTO scientific_field_project (scfield_id,project_id) VALUES ("97439","94696");
INSERT INTO scientific_field_project (scfield_id,project_id) VALUES ("96846","85309");
INSERT INTO scientific_field_project (scfield_id,project_id) VALUES ("11696","13685");
INSERT INTO scientific_field_project (scfield_id,project_id) VALUES ("96846","14285");
INSERT INTO scientific_field_project (scfield_id,project_id) VALUES ("96846","75736");
INSERT INTO scientific_field_project (scfield_id,project_id) VALUES ("96846","63606");
INSERT INTO scientific_field_project (scfield_id,project_id) VALUES ("11696","67831");
INSERT INTO scientific_field_project (scfield_id,project_id) VALUES ("63580","67403");
INSERT INTO scientific_field_project (scfield_id,project_id) VALUES ("34196","89708");
INSERT INTO scientific_field_project (scfield_id,project_id) VALUES ("96846","58370");
INSERT INTO scientific_field_project (scfield_id,project_id) VALUES ("96846","30454");
INSERT INTO scientific_field_project (scfield_id,project_id) VALUES ("75526","50466");
INSERT INTO scientific_field_project (scfield_id,project_id) VALUES ("63580","88959");
INSERT INTO scientific_field_project (scfield_id,project_id) VALUES ("15810","50597");
INSERT INTO scientific_field_project (scfield_id,project_id) VALUES ("97439","13386");
INSERT INTO scientific_field_project (scfield_id,project_id) VALUES ("19320","96255");
INSERT INTO scientific_field_project (scfield_id,project_id) VALUES ("64487","37214");
INSERT INTO scientific_field_project (scfield_id,project_id) VALUES ("64487","77561");
INSERT INTO scientific_field_project (scfield_id,project_id) VALUES ("75526","31775");
INSERT INTO scientific_field_project (scfield_id,project_id) VALUES ("97439","39102");
INSERT INTO scientific_field_project (scfield_id,project_id) VALUES ("75526","64158");
INSERT INTO scientific_field_project (scfield_id,project_id) VALUES ("78362","33871");
INSERT INTO scientific_field_project (scfield_id,project_id) VALUES ("11696","41055");
INSERT INTO scientific_field_project (scfield_id,project_id) VALUES ("63580","97784");
INSERT INTO scientific_field_project (scfield_id,project_id) VALUES ("19320","21787");
INSERT INTO scientific_field_project (scfield_id,project_id) VALUES ("19320","43850");
INSERT INTO scientific_field_project (scfield_id,project_id) VALUES ("63580","53902");
INSERT INTO scientific_field_project (scfield_id,project_id) VALUES ("78362","32280");
INSERT INTO scientific_field_project (scfield_id,project_id) VALUES ("78362","64158");
INSERT INTO scientific_field_project (scfield_id,project_id) VALUES ("64487","18734");
INSERT INTO scientific_field_project (scfield_id,project_id) VALUES ("11696","96255");
INSERT INTO scientific_field_project (scfield_id,project_id) VALUES ("96846","69649");
INSERT INTO scientific_field_project (scfield_id,project_id) VALUES ("96846","97401");
INSERT INTO scientific_field_project (scfield_id,project_id) VALUES ("34196","32280");
INSERT INTO scientific_field_project (scfield_id,project_id) VALUES ("19320","88959");
INSERT INTO scientific_field_project (scfield_id,project_id) VALUES ("15810","66656");
INSERT INTO scientific_field_project (scfield_id,project_id) VALUES ("19320","31775");
INSERT INTO scientific_field_project (scfield_id,project_id) VALUES ("11696","48151");

