-- organization 
INSERT INTO organization (organization_id,name_org,abbreviation,city,street,postal_code,org_type,funds_company,budget_uni_ministry,budget_rc1,budget_rc2) VALUES ("10568", "Company962", "C962", "Thessaloniki", "Androutsou141", "92030", "Company", "52934695", "0", "0", "0");
INSERT INTO organization (organization_id,name_org,abbreviation,city,street,postal_code,org_type,funds_company,budget_uni_ministry,budget_rc1,budget_rc2) VALUES ("57840", "Research Center834", "RC834", "Larisa", "Klepsydra51", "87688", "Research Center", "0", "0", "64896506", "58287752");
INSERT INTO organization (organization_id,name_org,abbreviation,city,street,postal_code,org_type,funds_company,budget_uni_ministry,budget_rc1,budget_rc2) VALUES ("67485", "Research Center681", "RC681", "Rhode Island", "Kifisou54", "43442", "Research Center", "0", "0", "5678828", "61864828");
INSERT INTO organization (organization_id,name_org,abbreviation,city,street,postal_code,org_type,funds_company,budget_uni_ministry,budget_rc1,budget_rc2) VALUES ("94426", "Company829", "C829", "Thessaloniki", "Eleftheriou Venizelou139", "55948", "Company", "46680296", "0", "0", "0");
INSERT INTO organization (organization_id,name_org,abbreviation,city,street,postal_code,org_type,funds_company,budget_uni_ministry,budget_rc1,budget_rc2) VALUES ("21307", "Research Center517", "RC517", "Rhode Island", "Nikopoleos75", "48165", "Research Center", "0", "0", "11367222", "6205544");
INSERT INTO organization (organization_id,name_org,abbreviation,city,street,postal_code,org_type,funds_company,budget_uni_ministry,budget_rc1,budget_rc2) VALUES ("55918", "Company830", "C830", "Patra", "Kifisou47", "26407", "Company", "80344142", "0", "0", "0");
INSERT INTO organization (organization_id,name_org,abbreviation,city,street,postal_code,org_type,funds_company,budget_uni_ministry,budget_rc1,budget_rc2) VALUES ("77197", "University695", "UN695", "Chalkida", "Orionos55", "20904", "University", "0", "76978810", "0", "0");
INSERT INTO organization (organization_id,name_org,abbreviation,city,street,postal_code,org_type,funds_company,budget_uni_ministry,budget_rc1,budget_rc2) VALUES ("60742", "University298", "UN298", "Trikala", "Nikopoleos95", "88131", "University", "0", "40985794", "0", "0");
INSERT INTO organization (organization_id,name_org,abbreviation,city,street,postal_code,org_type,funds_company,budget_uni_ministry,budget_rc1,budget_rc2) VALUES ("49947", "Research Center649", "RC649", "Larisa", "Ippokratous119", "45349", "Research Center", "0", "0", "70368031", "11526508");
INSERT INTO organization (organization_id,name_org,abbreviation,city,street,postal_code,org_type,funds_company,budget_uni_ministry,budget_rc1,budget_rc2) VALUES ("63249", "Company145", "C145", "Trikala", "Samothrakis98", "41120", "Company", "5962275", "0", "0", "0");
INSERT INTO organization (organization_id,name_org,abbreviation,city,street,postal_code,org_type,funds_company,budget_uni_ministry,budget_rc1,budget_rc2) VALUES ("14817", "Company174", "C174", "Rhode Island", "Eleftheriou Venizelou55", "42485", "Company", "73094169", "0", "0", "0");
INSERT INTO organization (organization_id,name_org,abbreviation,city,street,postal_code,org_type,funds_company,budget_uni_ministry,budget_rc1,budget_rc2) VALUES ("39670", "University473", "UN473", "Chania", "Agathiou6", "91258", "University", "0", "88381893", "0", "0");
INSERT INTO organization (organization_id,name_org,abbreviation,city,street,postal_code,org_type,funds_company,budget_uni_ministry,budget_rc1,budget_rc2) VALUES ("27810", "University315", "UN315", "Ioannina", "Nikopoleos76", "97138", "University", "0", "90356149", "0", "0");
INSERT INTO organization (organization_id,name_org,abbreviation,city,street,postal_code,org_type,funds_company,budget_uni_ministry,budget_rc1,budget_rc2) VALUES ("68932", "Research Center172", "RC172", "Larisa", "Eleftheriou Venizelou88", "73822", "Research Center", "0", "0", "54554804", "59462889");
INSERT INTO organization (organization_id,name_org,abbreviation,city,street,postal_code,org_type,funds_company,budget_uni_ministry,budget_rc1,budget_rc2) VALUES ("13032", "Company420", "C420", "Patra", "Kifisou15", "92558", "Company", "37025925", "0", "0", "0");
INSERT INTO organization (organization_id,name_org,abbreviation,city,street,postal_code,org_type,funds_company,budget_uni_ministry,budget_rc1,budget_rc2) VALUES ("93763", "Research Center395", "RC395", "Heraklion", "Mpotsari12", "13340", "Research Center", "0", "0", "70669619", "41652291");
INSERT INTO organization (organization_id,name_org,abbreviation,city,street,postal_code,org_type,funds_company,budget_uni_ministry,budget_rc1,budget_rc2) VALUES ("90319", "Research Center100", "RC100", "Heraklion", "Agathiou116", "54005", "Research Center", "0", "0", "23925608", "30034079");
INSERT INTO organization (organization_id,name_org,abbreviation,city,street,postal_code,org_type,funds_company,budget_uni_ministry,budget_rc1,budget_rc2) VALUES ("11507", "University845", "UN845", "Heraklion", "Klepsydra145", "66088", "University", "0", "19872373", "0", "0");
INSERT INTO organization (organization_id,name_org,abbreviation,city,street,postal_code,org_type,funds_company,budget_uni_ministry,budget_rc1,budget_rc2) VALUES ("35337", "Research Center191", "RC191", "Chania", "Klepsydra45", "88992", "Research Center", "0", "0", "50500315", "71589050");
INSERT INTO organization (organization_id,name_org,abbreviation,city,street,postal_code,org_type,funds_company,budget_uni_ministry,budget_rc1,budget_rc2) VALUES ("12330", "Research Center264", "RC264", "Larisa", "Kifisou74", "35519", "Research Center", "0", "0", "41248636", "99919736");
INSERT INTO organization (organization_id,name_org,abbreviation,city,street,postal_code,org_type,funds_company,budget_uni_ministry,budget_rc1,budget_rc2) VALUES ("84532", "Research Center876", "RC876", "Chania", "Samothrakis150", "87414", "Research Center", "0", "0", "41870172", "61697716");
INSERT INTO organization (organization_id,name_org,abbreviation,city,street,postal_code,org_type,funds_company,budget_uni_ministry,budget_rc1,budget_rc2) VALUES ("10721", "Company576", "C576", "Larisa", "Ippokratous97", "93284", "Company", "50809472", "0", "0", "0");
INSERT INTO organization (organization_id,name_org,abbreviation,city,street,postal_code,org_type,funds_company,budget_uni_ministry,budget_rc1,budget_rc2) VALUES ("36011", "Company564", "C564", "Larisa", "Evripidou15", "92049", "Company", "60423535", "0", "0", "0");
INSERT INTO organization (organization_id,name_org,abbreviation,city,street,postal_code,org_type,funds_company,budget_uni_ministry,budget_rc1,budget_rc2) VALUES ("45012", "University514", "UN514", "Larisa", "Kantonia109", "12926", "University", "0", "76565890", "0", "0");
INSERT INTO organization (organization_id,name_org,abbreviation,city,street,postal_code,org_type,funds_company,budget_uni_ministry,budget_rc1,budget_rc2) VALUES ("20216", "Research Center715", "RC715", "Athens", "Mpotsari29", "46345", "Research Center", "0", "0", "80635630", "29158582");
INSERT INTO organization (organization_id,name_org,abbreviation,city,street,postal_code,org_type,funds_company,budget_uni_ministry,budget_rc1,budget_rc2) VALUES ("63534", "Research Center658", "RC658", "Trikala", "Kifisou20", "26078", "Research Center", "0", "0", "63944511", "92318738");
INSERT INTO organization (organization_id,name_org,abbreviation,city,street,postal_code,org_type,funds_company,budget_uni_ministry,budget_rc1,budget_rc2) VALUES ("41295", "University940", "UN940", "Chalkida", "Evripidou1", "47919", "University", "0", "13396003", "0", "0");
INSERT INTO organization (organization_id,name_org,abbreviation,city,street,postal_code,org_type,funds_company,budget_uni_ministry,budget_rc1,budget_rc2) VALUES ("58451", "University526", "UN526", "Chania", "Kantonia78", "67473", "University", "0", "92675995", "0", "0");
INSERT INTO organization (organization_id,name_org,abbreviation,city,street,postal_code,org_type,funds_company,budget_uni_ministry,budget_rc1,budget_rc2) VALUES ("76500", "University938", "UN938", "Ioannina", "Eleftheriou Venizelou21", "79957", "University", "0", "92324488", "0", "0");
INSERT INTO organization (organization_id,name_org,abbreviation,city,street,postal_code,org_type,funds_company,budget_uni_ministry,budget_rc1,budget_rc2) VALUES ("46551", "University836", "UN836", "Ioannina", "Ippokratous6", "80068", "University", "0", "81743889", "0", "0");

-- researcher 
INSERT INTO researcher (researcher_id,first_name,last_name,birthdate,gender,organization_id,datework) VALUES ("98702", "Johnny", "Coleman", "1973-3-13", "Non-Binary", "46551", "2020-8-26");
INSERT INTO researcher (researcher_id,first_name,last_name,birthdate,gender,organization_id,datework) VALUES ("27017", "Thomas", "Collins", "1988-4-3", "Non-Binary", "10568", "2018-11-28");
INSERT INTO researcher (researcher_id,first_name,last_name,birthdate,gender,organization_id,datework) VALUES ("28877", "Jeremy", "Montgomery", "2000-2-8", "Male", "57840", "2013-7-20");
INSERT INTO researcher (researcher_id,first_name,last_name,birthdate,gender,organization_id,datework) VALUES ("58188", "Tyler", "Castillo", "1971-7-4", "Non-Binary", "67485", "2012-7-26");
INSERT INTO researcher (researcher_id,first_name,last_name,birthdate,gender,organization_id,datework) VALUES ("44324", "Christine", "Ellis", "1982-3-4", "Female", "94426", "2017-5-1");
INSERT INTO researcher (researcher_id,first_name,last_name,birthdate,gender,organization_id,datework) VALUES ("46022", "Parker", "Larson", "1989-4-28", "Female", "21307", "2020-11-20");
INSERT INTO researcher (researcher_id,first_name,last_name,birthdate,gender,organization_id,datework) VALUES ("62321", "Katherine", "Nelson", "1978-4-2", "Female", "55918", "2013-8-17");
INSERT INTO researcher (researcher_id,first_name,last_name,birthdate,gender,organization_id,datework) VALUES ("42650", "Kenneth", "Nielsen", "1977-11-27", "Non-Binary", "77197", "2016-11-16");
INSERT INTO researcher (researcher_id,first_name,last_name,birthdate,gender,organization_id,datework) VALUES ("93476", "Nicholas", "Stewart", "1998-6-6", "Non-Binary", "60742", "2021-7-20");
INSERT INTO researcher (researcher_id,first_name,last_name,birthdate,gender,organization_id,datework) VALUES ("28992", "Robert", "Taylor", "1966-7-18", "Female", "49947", "2016-12-25");
INSERT INTO researcher (researcher_id,first_name,last_name,birthdate,gender,organization_id,datework) VALUES ("79325", "Angela", "Miller", "2000-5-11", "Female", "63249", "2010-8-14");
INSERT INTO researcher (researcher_id,first_name,last_name,birthdate,gender,organization_id,datework) VALUES ("86971", "Pam", "Cohen", "1997-6-20", "Male", "14817", "2015-7-21");
INSERT INTO researcher (researcher_id,first_name,last_name,birthdate,gender,organization_id,datework) VALUES ("97521", "Steven", "Nunez", "1976-10-4", "Male", "39670", "2013-8-25");
INSERT INTO researcher (researcher_id,first_name,last_name,birthdate,gender,organization_id,datework) VALUES ("22834", "Sara", "Ayala", "1983-11-23", "Non-Binary", "27810", "2012-9-22");
INSERT INTO researcher (researcher_id,first_name,last_name,birthdate,gender,organization_id,datework) VALUES ("49736", "Jeremy", "Mason", "1995-7-10", "Female", "68932", "2013-12-23");
INSERT INTO researcher (researcher_id,first_name,last_name,birthdate,gender,organization_id,datework) VALUES ("57538", "Brooke", "Davis", "1979-7-6", "Male", "13032", "2014-2-15");
INSERT INTO researcher (researcher_id,first_name,last_name,birthdate,gender,organization_id,datework) VALUES ("40951", "Ronald", "Martinez", "1965-12-22", "Non-Binary", "93763", "2020-5-3");
INSERT INTO researcher (researcher_id,first_name,last_name,birthdate,gender,organization_id,datework) VALUES ("57911", "Crystal", "Aguilar", "1995-9-7", "Male", "90319", "2016-2-19");
INSERT INTO researcher (researcher_id,first_name,last_name,birthdate,gender,organization_id,datework) VALUES ("82459", "Mark", "Garcia", "1975-4-27", "Non-Binary", "11507", "2016-5-17");
INSERT INTO researcher (researcher_id,first_name,last_name,birthdate,gender,organization_id,datework) VALUES ("44713", "David", "Jackson", "1990-2-22", "Female", "35337", "2015-10-6");
INSERT INTO researcher (researcher_id,first_name,last_name,birthdate,gender,organization_id,datework) VALUES ("34629", "Jason", "Wolfe", "1971-9-23", "Non-Binary", "12330", "2021-8-10");
INSERT INTO researcher (researcher_id,first_name,last_name,birthdate,gender,organization_id,datework) VALUES ("40371", "Wesley", "Coleman", "1979-3-12", "Non-Binary", "84532", "2018-8-16");
INSERT INTO researcher (researcher_id,first_name,last_name,birthdate,gender,organization_id,datework) VALUES ("48575", "Stephanie", "Frazier", "1973-3-4", "Male", "10721", "2014-10-5");
INSERT INTO researcher (researcher_id,first_name,last_name,birthdate,gender,organization_id,datework) VALUES ("67640", "Alicia", "Taylor", "1989-9-8", "Male", "36011", "2010-12-28");
INSERT INTO researcher (researcher_id,first_name,last_name,birthdate,gender,organization_id,datework) VALUES ("95902", "Denise", "Davila", "1969-2-9", "Male", "45012", "2018-7-13");
INSERT INTO researcher (researcher_id,first_name,last_name,birthdate,gender,organization_id,datework) VALUES ("98446", "Michael", "Knight", "1978-7-15", "Male", "20216", "2022-6-14");
INSERT INTO researcher (researcher_id,first_name,last_name,birthdate,gender,organization_id,datework) VALUES ("92481", "Victor", "Taylor", "1974-10-26", "Female", "63534", "2015-2-4");
INSERT INTO researcher (researcher_id,first_name,last_name,birthdate,gender,organization_id,datework) VALUES ("85567", "Donald", "Stokes", "1993-6-16", "Male", "41295", "2014-8-3");
INSERT INTO researcher (researcher_id,first_name,last_name,birthdate,gender,organization_id,datework) VALUES ("24800", "Marissa", "Evans", "1984-8-15", "Male", "58451", "2019-3-11");
INSERT INTO researcher (researcher_id,first_name,last_name,birthdate,gender,organization_id,datework) VALUES ("29203", "Kristin", "Brown", "1966-12-19", "Female", "76500", "2020-3-12");
INSERT INTO researcher (researcher_id,first_name,last_name,birthdate,gender,organization_id,datework) VALUES ("49851", "Ann", "Martin", "1969-2-3", "Female", "60742", "2017-4-4");
INSERT INTO researcher (researcher_id,first_name,last_name,birthdate,gender,organization_id,datework) VALUES ("95100", "Andrew", "Contreras", "1995-1-1", "Male", "11507", "2016-5-28");
INSERT INTO researcher (researcher_id,first_name,last_name,birthdate,gender,organization_id,datework) VALUES ("97094", "Kathryn", "Simpson", "1974-11-5", "Male", "13032", "2017-8-21");
INSERT INTO researcher (researcher_id,first_name,last_name,birthdate,gender,organization_id,datework) VALUES ("61607", "Kenneth", "Jefferson", "1972-6-25", "Female", "13032", "2015-12-20");
INSERT INTO researcher (researcher_id,first_name,last_name,birthdate,gender,organization_id,datework) VALUES ("33572", "Joshua", "Flowers", "1995-4-28", "Non-Binary", "63534", "2018-2-26");
INSERT INTO researcher (researcher_id,first_name,last_name,birthdate,gender,organization_id,datework) VALUES ("51063", "Robin", "Campbell", "1987-8-2", "Non-Binary", "58451", "2022-1-8");
INSERT INTO researcher (researcher_id,first_name,last_name,birthdate,gender,organization_id,datework) VALUES ("92942", "Robert", "Stephenson", "1952-9-26", "Non-Binary", "10721", "2012-7-28");
INSERT INTO researcher (researcher_id,first_name,last_name,birthdate,gender,organization_id,datework) VALUES ("13557", "Brian", "Curtis", "1984-11-20", "Male", "27810", "2015-7-24");
INSERT INTO researcher (researcher_id,first_name,last_name,birthdate,gender,organization_id,datework) VALUES ("48640", "Daniel", "Barber", "1970-11-16", "Non-Binary", "67485", "2017-2-20");
INSERT INTO researcher (researcher_id,first_name,last_name,birthdate,gender,organization_id,datework) VALUES ("88615", "Linda", "Bush", "1987-7-5", "Male", "36011", "2013-11-14");
INSERT INTO researcher (researcher_id,first_name,last_name,birthdate,gender,organization_id,datework) VALUES ("34387", "Cassandra", "Fisher", "1964-10-20", "Female", "57840", "2013-10-19");
INSERT INTO researcher (researcher_id,first_name,last_name,birthdate,gender,organization_id,datework) VALUES ("46369", "Alan", "Mclaughlin", "1987-2-18", "Male", "27810", "2017-11-13");
INSERT INTO researcher (researcher_id,first_name,last_name,birthdate,gender,organization_id,datework) VALUES ("76145", "Charles", "Jenkins", "1980-8-1", "Non-Binary", "21307", "2015-7-27");
INSERT INTO researcher (researcher_id,first_name,last_name,birthdate,gender,organization_id,datework) VALUES ("44564", "Jeffrey", "Bailey", "1975-2-25", "Male", "46551", "2013-7-6");
INSERT INTO researcher (researcher_id,first_name,last_name,birthdate,gender,organization_id,datework) VALUES ("52558", "Samuel", "Hall", "1967-12-13", "Male", "57840", "2019-4-22");
INSERT INTO researcher (researcher_id,first_name,last_name,birthdate,gender,organization_id,datework) VALUES ("39240", "Rachel", "Rodriguez", "1958-12-11", "Female", "63534", "2013-11-10");
INSERT INTO researcher (researcher_id,first_name,last_name,birthdate,gender,organization_id,datework) VALUES ("95482", "Lori", "Ramos", "1950-6-10", "Male", "57840", "2019-1-10");
INSERT INTO researcher (researcher_id,first_name,last_name,birthdate,gender,organization_id,datework) VALUES ("50255", "Rachel", "Watts", "1971-8-10", "Male", "77197", "2022-11-10");
INSERT INTO researcher (researcher_id,first_name,last_name,birthdate,gender,organization_id,datework) VALUES ("79570", "Andre", "Cole", "1978-6-6", "Female", "14817", "2019-4-11");
INSERT INTO researcher (researcher_id,first_name,last_name,birthdate,gender,organization_id,datework) VALUES ("30705", "Teresa", "Riley", "1965-1-10", "Female", "76500", "2020-10-26");
INSERT INTO researcher (researcher_id,first_name,last_name,birthdate,gender,organization_id,datework) VALUES ("87123", "Krista", "Oneill", "1972-9-1", "Female", "14817", "2018-10-2");
INSERT INTO researcher (researcher_id,first_name,last_name,birthdate,gender,organization_id,datework) VALUES ("52752", "Rachel", "Roberts", "1954-4-3", "Non-Binary", "49947", "2022-11-24");
INSERT INTO researcher (researcher_id,first_name,last_name,birthdate,gender,organization_id,datework) VALUES ("78123", "Timothy", "Downs", "1988-6-19", "Female", "84532", "2013-11-13");
INSERT INTO researcher (researcher_id,first_name,last_name,birthdate,gender,organization_id,datework) VALUES ("42202", "Ricardo", "Silva", "1967-5-4", "Female", "58451", "2020-8-11");
INSERT INTO researcher (researcher_id,first_name,last_name,birthdate,gender,organization_id,datework) VALUES ("12078", "Lori", "Sanchez", "1968-10-6", "Male", "90319", "2011-1-2");
INSERT INTO researcher (researcher_id,first_name,last_name,birthdate,gender,organization_id,datework) VALUES ("16230", "Brianna", "Graves", "2000-11-5", "Female", "60742", "2011-8-5");
INSERT INTO researcher (researcher_id,first_name,last_name,birthdate,gender,organization_id,datework) VALUES ("87818", "Douglas", "Patterson", "1985-6-25", "Male", "63534", "2020-9-6");
INSERT INTO researcher (researcher_id,first_name,last_name,birthdate,gender,organization_id,datework) VALUES ("19425", "Luis", "Randolph", "1976-5-22", "Non-Binary", "93763", "2019-9-10");
INSERT INTO researcher (researcher_id,first_name,last_name,birthdate,gender,organization_id,datework) VALUES ("47980", "Rebecca", "Parker", "1996-10-20", "Non-Binary", "20216", "2013-5-21");
INSERT INTO researcher (researcher_id,first_name,last_name,birthdate,gender,organization_id,datework) VALUES ("73488", "Leslie", "Mcpherson", "1951-11-21", "Non-Binary", "94426", "2021-7-18");
INSERT INTO researcher (researcher_id,first_name,last_name,birthdate,gender,organization_id,datework) VALUES ("44129", "Mark", "Stone", "1970-4-14", "Male", "77197", "2014-6-23");
INSERT INTO researcher (researcher_id,first_name,last_name,birthdate,gender,organization_id,datework) VALUES ("48845", "Patricia", "Wood", "1951-3-4", "Male", "46551", "2019-8-22");
INSERT INTO researcher (researcher_id,first_name,last_name,birthdate,gender,organization_id,datework) VALUES ("46114", "Donald", "Young", "1997-7-17", "Non-Binary", "10721", "2014-4-15");
INSERT INTO researcher (researcher_id,first_name,last_name,birthdate,gender,organization_id,datework) VALUES ("71527", "Savannah", "Lee", "1977-7-8", "Female", "76500", "2019-10-11");
INSERT INTO researcher (researcher_id,first_name,last_name,birthdate,gender,organization_id,datework) VALUES ("63742", "Maria", "Hodges", "1974-8-9", "Non-Binary", "67485", "2013-1-27");
INSERT INTO researcher (researcher_id,first_name,last_name,birthdate,gender,organization_id,datework) VALUES ("81536", "Melissa", "Davis", "1952-8-26", "Male", "60742", "2016-4-2");
INSERT INTO researcher (researcher_id,first_name,last_name,birthdate,gender,organization_id,datework) VALUES ("15887", "Amanda", "Reid", "1999-8-23", "Female", "10721", "2010-1-25");
INSERT INTO researcher (researcher_id,first_name,last_name,birthdate,gender,organization_id,datework) VALUES ("41154", "Brian", "Carpenter", "1957-5-17", "Male", "77197", "2010-12-23");
INSERT INTO researcher (researcher_id,first_name,last_name,birthdate,gender,organization_id,datework) VALUES ("72566", "Shannon", "Austin", "1970-7-8", "Non-Binary", "68932", "2022-3-27");
INSERT INTO researcher (researcher_id,first_name,last_name,birthdate,gender,organization_id,datework) VALUES ("50761", "Jacob", "Collins", "1965-4-9", "Male", "60742", "2014-2-10");
INSERT INTO researcher (researcher_id,first_name,last_name,birthdate,gender,organization_id,datework) VALUES ("52086", "Sabrina", "Jackson", "1968-11-18", "Male", "57840", "2021-9-28");
INSERT INTO researcher (researcher_id,first_name,last_name,birthdate,gender,organization_id,datework) VALUES ("81694", "Rebecca", "Robinson", "1978-3-26", "Female", "36011", "2015-6-14");
INSERT INTO researcher (researcher_id,first_name,last_name,birthdate,gender,organization_id,datework) VALUES ("89271", "William", "Stephens", "1978-11-3", "Non-Binary", "21307", "2016-4-27");
INSERT INTO researcher (researcher_id,first_name,last_name,birthdate,gender,organization_id,datework) VALUES ("92070", "Kimberly", "Lee", "1951-5-5", "Non-Binary", "35337", "2012-11-10");
INSERT INTO researcher (researcher_id,first_name,last_name,birthdate,gender,organization_id,datework) VALUES ("75708", "Joshua", "Burnett", "2000-9-9", "Female", "84532", "2014-1-6");
INSERT INTO researcher (researcher_id,first_name,last_name,birthdate,gender,organization_id,datework) VALUES ("65928", "Daniel", "Greene", "1963-7-23", "Female", "14817", "2014-2-23");
INSERT INTO researcher (researcher_id,first_name,last_name,birthdate,gender,organization_id,datework) VALUES ("59818", "Kristen", "Avery", "1991-9-26", "Female", "10721", "2022-7-15");
INSERT INTO researcher (researcher_id,first_name,last_name,birthdate,gender,organization_id,datework) VALUES ("99403", "Andrew", "Obrien", "1990-6-26", "Male", "14817", "2010-5-17");
INSERT INTO researcher (researcher_id,first_name,last_name,birthdate,gender,organization_id,datework) VALUES ("99942", "Kathryn", "Ramos", "1975-12-27", "Non-Binary", "45012", "2018-8-16");
INSERT INTO researcher (researcher_id,first_name,last_name,birthdate,gender,organization_id,datework) VALUES ("89203", "Nicholas", "Miller", "1952-12-4", "Male", "35337", "2015-1-21");
INSERT INTO researcher (researcher_id,first_name,last_name,birthdate,gender,organization_id,datework) VALUES ("98610", "Alicia", "Black", "1983-12-5", "Non-Binary", "55918", "2018-2-13");
INSERT INTO researcher (researcher_id,first_name,last_name,birthdate,gender,organization_id,datework) VALUES ("59970", "Heather", "Pierce", "1991-9-22", "Non-Binary", "14817", "2015-12-2");
INSERT INTO researcher (researcher_id,first_name,last_name,birthdate,gender,organization_id,datework) VALUES ("68661", "Patricia", "Webb", "1994-10-19", "Non-Binary", "11507", "2011-10-20");
INSERT INTO researcher (researcher_id,first_name,last_name,birthdate,gender,organization_id,datework) VALUES ("92027", "Daniel", "Welch", "1975-8-25", "Male", "20216", "2016-9-18");
INSERT INTO researcher (researcher_id,first_name,last_name,birthdate,gender,organization_id,datework) VALUES ("35347", "Kathryn", "Fuller", "1964-1-17", "Non-Binary", "68932", "2018-5-9");
INSERT INTO researcher (researcher_id,first_name,last_name,birthdate,gender,organization_id,datework) VALUES ("79028", "Selena", "Reynolds", "1994-6-11", "Non-Binary", "77197", "2020-12-28");
INSERT INTO researcher (researcher_id,first_name,last_name,birthdate,gender,organization_id,datework) VALUES ("79601", "Samuel", "Villa", "1976-7-3", "Male", "90319", "2022-2-17");
INSERT INTO researcher (researcher_id,first_name,last_name,birthdate,gender,organization_id,datework) VALUES ("12741", "Michael", "White", "1950-6-20", "Non-Binary", "11507", "2016-6-8");
INSERT INTO researcher (researcher_id,first_name,last_name,birthdate,gender,organization_id,datework) VALUES ("71148", "Richard", "Harris", "1954-2-16", "Non-Binary", "13032", "2022-8-8");
INSERT INTO researcher (researcher_id,first_name,last_name,birthdate,gender,organization_id,datework) VALUES ("99417", "Scott", "Holland", "1978-5-28", "Male", "58451", "2018-3-9");
INSERT INTO researcher (researcher_id,first_name,last_name,birthdate,gender,organization_id,datework) VALUES ("49064", "Joel", "Pugh", "1965-12-19", "Female", "77197", "2020-12-26");
INSERT INTO researcher (researcher_id,first_name,last_name,birthdate,gender,organization_id,datework) VALUES ("13024", "Karen", "Palmer", "1974-7-1", "Male", "93763", "2017-3-23");
INSERT INTO researcher (researcher_id,first_name,last_name,birthdate,gender,organization_id,datework) VALUES ("48903", "Daisy", "Mcdaniel", "1992-12-1", "Female", "41295", "2011-1-25");
INSERT INTO researcher (researcher_id,first_name,last_name,birthdate,gender,organization_id,datework) VALUES ("81509", "Brittany", "Kim", "1997-7-16", "Male", "14817", "2011-1-2");
INSERT INTO researcher (researcher_id,first_name,last_name,birthdate,gender,organization_id,datework) VALUES ("24787", "William", "Jones", "1997-1-1", "Non-Binary", "41295", "2011-10-25");
INSERT INTO researcher (researcher_id,first_name,last_name,birthdate,gender,organization_id,datework) VALUES ("95420", "Dana", "Russo", "1996-2-7", "Female", "13032", "2017-6-19");
INSERT INTO researcher (researcher_id,first_name,last_name,birthdate,gender,organization_id,datework) VALUES ("18202", "James", "Campbell", "1978-6-11", "Male", "41295", "2010-6-8");
INSERT INTO researcher (researcher_id,first_name,last_name,birthdate,gender,organization_id,datework) VALUES ("42430", "Michelle", "Smith", "1972-7-28", "Non-Binary", "12330", "2021-1-23");
INSERT INTO researcher (researcher_id,first_name,last_name,birthdate,gender,organization_id,datework) VALUES ("97159", "Sue", "Meyers", "1992-10-27", "Male", "94426", "2014-8-17");
INSERT INTO researcher (researcher_id,first_name,last_name,birthdate,gender,organization_id,datework) VALUES ("37187", "Linda", "Bonilla", "1992-5-21", "Non-Binary", "39670", "2020-4-12");
INSERT INTO researcher (researcher_id,first_name,last_name,birthdate,gender,organization_id,datework) VALUES ("25973", "Dennis", "Collins", "1992-7-7", "Female", "94426", "2022-10-6");
INSERT INTO researcher (researcher_id,first_name,last_name,birthdate,gender,organization_id,datework) VALUES ("96158", "Cynthia", "Smith", "1960-2-20", "Male", "35337", "2015-10-6");
INSERT INTO researcher (researcher_id,first_name,last_name,birthdate,gender,organization_id,datework) VALUES ("36209", "Annette", "Todd", "1981-4-27", "Non-Binary", "84532", "2020-12-21");
INSERT INTO researcher (researcher_id,first_name,last_name,birthdate,gender,organization_id,datework) VALUES ("80699", "Nicholas", "Cook", "1964-2-13", "Female", "46551", "2021-5-18");
INSERT INTO researcher (researcher_id,first_name,last_name,birthdate,gender,organization_id,datework) VALUES ("55776", "Marc", "King", "1965-9-27", "Male", "49947", "2010-4-6");
INSERT INTO researcher (researcher_id,first_name,last_name,birthdate,gender,organization_id,datework) VALUES ("12437", "Ethan", "Reyes", "1999-11-9", "Male", "57840", "2022-7-12");
INSERT INTO researcher (researcher_id,first_name,last_name,birthdate,gender,organization_id,datework) VALUES ("74055", "Robyn", "Miller", "1990-3-16", "Female", "55918", "2011-12-13");
INSERT INTO researcher (researcher_id,first_name,last_name,birthdate,gender,organization_id,datework) VALUES ("98652", "Gregory", "Fuller", "1980-1-21", "Male", "46551", "2019-10-12");
INSERT INTO researcher (researcher_id,first_name,last_name,birthdate,gender,organization_id,datework) VALUES ("12054", "Elizabeth", "Armstrong", "1955-7-6", "Non-Binary", "21307", "2015-2-17");
INSERT INTO researcher (researcher_id,first_name,last_name,birthdate,gender,organization_id,datework) VALUES ("93265", "Charles", "Baker", "1962-2-18", "Non-Binary", "14817", "2017-8-14");
INSERT INTO researcher (researcher_id,first_name,last_name,birthdate,gender,organization_id,datework) VALUES ("56550", "Heather", "Jones", "1999-12-16", "Male", "12330", "2018-9-14");
INSERT INTO researcher (researcher_id,first_name,last_name,birthdate,gender,organization_id,datework) VALUES ("97817", "Connie", "Simmons", "1979-10-27", "Female", "63249", "2020-1-26");
INSERT INTO researcher (researcher_id,first_name,last_name,birthdate,gender,organization_id,datework) VALUES ("52063", "Kathleen", "Archer", "1963-1-27", "Non-Binary", "67485", "2018-9-10");
INSERT INTO researcher (researcher_id,first_name,last_name,birthdate,gender,organization_id,datework) VALUES ("72889", "Yvonne", "Atkinson", "1992-1-9", "Male", "36011", "2020-2-14");
INSERT INTO researcher (researcher_id,first_name,last_name,birthdate,gender,organization_id,datework) VALUES ("18232", "Jennifer", "Hood", "1993-7-28", "Male", "94426", "2017-12-14");
INSERT INTO researcher (researcher_id,first_name,last_name,birthdate,gender,organization_id,datework) VALUES ("79238", "Haley", "Stevens", "1983-12-3", "Male", "93763", "2017-5-18");
INSERT INTO researcher (researcher_id,first_name,last_name,birthdate,gender,organization_id,datework) VALUES ("25958", "Daniel", "Schneider", "1964-10-5", "Male", "60742", "2010-6-28");
INSERT INTO researcher (researcher_id,first_name,last_name,birthdate,gender,organization_id,datework) VALUES ("99663", "Richard", "Anderson", "1989-11-24", "Non-Binary", "77197", "2020-12-28");
INSERT INTO researcher (researcher_id,first_name,last_name,birthdate,gender,organization_id,datework) VALUES ("76924", "Kevin", "Jones", "1981-8-27", "Female", "36011", "2019-10-16");
INSERT INTO researcher (researcher_id,first_name,last_name,birthdate,gender,organization_id,datework) VALUES ("70427", "Elizabeth", "Torres", "1985-9-28", "Female", "68932", "2018-9-20");
INSERT INTO researcher (researcher_id,first_name,last_name,birthdate,gender,organization_id,datework) VALUES ("16463", "Gregory", "Wang", "1979-10-14", "Non-Binary", "55918", "2010-1-13");
INSERT INTO researcher (researcher_id,first_name,last_name,birthdate,gender,organization_id,datework) VALUES ("23635", "Julie", "Blair", "1977-4-12", "Non-Binary", "12330", "2011-11-13");
INSERT INTO researcher (researcher_id,first_name,last_name,birthdate,gender,organization_id,datework) VALUES ("74131", "Jacqueline", "Ingram", "1964-11-20", "Female", "67485", "2022-9-3");
INSERT INTO researcher (researcher_id,first_name,last_name,birthdate,gender,organization_id,datework) VALUES ("24699", "Mallory", "Wu", "1955-5-5", "Male", "77197", "2020-4-5");
INSERT INTO researcher (researcher_id,first_name,last_name,birthdate,gender,organization_id,datework) VALUES ("74585", "Tammy", "Moore", "1952-5-18", "Female", "21307", "2020-5-9");
INSERT INTO researcher (researcher_id,first_name,last_name,birthdate,gender,organization_id,datework) VALUES ("81060", "Nicole", "Morris", "1973-8-9", "Female", "94426", "2014-9-18");
INSERT INTO researcher (researcher_id,first_name,last_name,birthdate,gender,organization_id,datework) VALUES ("84556", "Brittany", "Carroll", "1974-4-6", "Male", "21307", "2020-3-13");
INSERT INTO researcher (researcher_id,first_name,last_name,birthdate,gender,organization_id,datework) VALUES ("48545", "Mary", "Shannon", "1959-8-5", "Male", "12330", "2022-8-12");
INSERT INTO researcher (researcher_id,first_name,last_name,birthdate,gender,organization_id,datework) VALUES ("26348", "Jocelyn", "Acevedo", "1991-7-6", "Female", "76500", "2014-10-9");
INSERT INTO researcher (researcher_id,first_name,last_name,birthdate,gender,organization_id,datework) VALUES ("85417", "Jacob", "Perez", "1976-3-28", "Male", "21307", "2019-7-13");
INSERT INTO researcher (researcher_id,first_name,last_name,birthdate,gender,organization_id,datework) VALUES ("41884", "Anna", "Schroeder", "1994-5-14", "Male", "14817", "2018-3-2");
INSERT INTO researcher (researcher_id,first_name,last_name,birthdate,gender,organization_id,datework) VALUES ("48536", "Sara", "Smith", "1956-8-11", "Male", "84532", "2012-9-2");
INSERT INTO researcher (researcher_id,first_name,last_name,birthdate,gender,organization_id,datework) VALUES ("48216", "Tanya", "Murphy", "1959-8-18", "Male", "84532", "2012-1-21");
INSERT INTO researcher (researcher_id,first_name,last_name,birthdate,gender,organization_id,datework) VALUES ("10292", "Kevin", "Fuller", "1977-3-19", "Male", "46551", "2012-6-12");
INSERT INTO researcher (researcher_id,first_name,last_name,birthdate,gender,organization_id,datework) VALUES ("33119", "Cody", "French", "1972-3-15", "Male", "12330", "2021-6-25");
INSERT INTO researcher (researcher_id,first_name,last_name,birthdate,gender,organization_id,datework) VALUES ("44862", "Robert", "Martinez", "1960-5-13", "Female", "21307", "2012-5-24");
INSERT INTO researcher (researcher_id,first_name,last_name,birthdate,gender,organization_id,datework) VALUES ("96075", "Christopher", "Myers", "1971-11-13", "Female", "84532", "2011-4-27");
INSERT INTO researcher (researcher_id,first_name,last_name,birthdate,gender,organization_id,datework) VALUES ("67319", "Donna", "Rodriguez", "1978-10-4", "Male", "11507", "2016-11-2");
INSERT INTO researcher (researcher_id,first_name,last_name,birthdate,gender,organization_id,datework) VALUES ("66196", "Cassandra", "Davis", "1964-8-22", "Male", "93763", "2020-12-9");
INSERT INTO researcher (researcher_id,first_name,last_name,birthdate,gender,organization_id,datework) VALUES ("24098", "David", "Horton", "1967-4-25", "Male", "63249", "2021-3-17");
INSERT INTO researcher (researcher_id,first_name,last_name,birthdate,gender,organization_id,datework) VALUES ("46431", "Andrew", "Newman", "1985-8-17", "Female", "45012", "2015-1-22");
INSERT INTO researcher (researcher_id,first_name,last_name,birthdate,gender,organization_id,datework) VALUES ("63260", "Jonathan", "Little", "1998-8-8", "Male", "45012", "2012-11-6");
INSERT INTO researcher (researcher_id,first_name,last_name,birthdate,gender,organization_id,datework) VALUES ("81175", "Heather", "Camacho", "1990-2-9", "Female", "39670", "2021-11-24");
INSERT INTO researcher (researcher_id,first_name,last_name,birthdate,gender,organization_id,datework) VALUES ("21745", "Crystal", "Lloyd", "1954-3-19", "Non-Binary", "46551", "2020-12-27");
INSERT INTO researcher (researcher_id,first_name,last_name,birthdate,gender,organization_id,datework) VALUES ("17149", "Devin", "Lowery", "1995-6-26", "Female", "21307", "2015-3-5");
INSERT INTO researcher (researcher_id,first_name,last_name,birthdate,gender,organization_id,datework) VALUES ("63269", "Gary", "Vazquez", "1994-12-14", "Male", "90319", "2020-11-22");
INSERT INTO researcher (researcher_id,first_name,last_name,birthdate,gender,organization_id,datework) VALUES ("88155", "Kimberly", "Johnson", "1969-7-6", "Female", "49947", "2015-2-5");
INSERT INTO researcher (researcher_id,first_name,last_name,birthdate,gender,organization_id,datework) VALUES ("94093", "Robert", "Welch", "1983-9-25", "Non-Binary", "90319", "2011-10-28");
INSERT INTO researcher (researcher_id,first_name,last_name,birthdate,gender,organization_id,datework) VALUES ("58590", "Brian", "Shannon", "1991-10-11", "Female", "84532", "2013-6-4");
INSERT INTO researcher (researcher_id,first_name,last_name,birthdate,gender,organization_id,datework) VALUES ("30284", "Jillian", "Kline", "1994-4-25", "Male", "36011", "2013-12-7");
INSERT INTO researcher (researcher_id,first_name,last_name,birthdate,gender,organization_id,datework) VALUES ("15207", "Melissa", "Roman", "1956-3-21", "Non-Binary", "14817", "2017-11-25");
INSERT INTO researcher (researcher_id,first_name,last_name,birthdate,gender,organization_id,datework) VALUES ("60978", "Janet", "Campbell", "1951-12-7", "Female", "49947", "2016-7-16");
INSERT INTO researcher (researcher_id,first_name,last_name,birthdate,gender,organization_id,datework) VALUES ("24132", "Kenneth", "Cortez", "1974-5-16", "Male", "45012", "2017-2-15");
INSERT INTO researcher (researcher_id,first_name,last_name,birthdate,gender,organization_id,datework) VALUES ("57689", "Amanda", "Davis", "1961-11-12", "Non-Binary", "14817", "2013-6-3");
INSERT INTO researcher (researcher_id,first_name,last_name,birthdate,gender,organization_id,datework) VALUES ("74906", "Arthur", "Guerrero", "1961-1-10", "Male", "14817", "2014-8-4");
INSERT INTO researcher (researcher_id,first_name,last_name,birthdate,gender,organization_id,datework) VALUES ("70125", "Tony", "Glenn", "1963-4-3", "Female", "77197", "2010-1-27");
INSERT INTO researcher (researcher_id,first_name,last_name,birthdate,gender,organization_id,datework) VALUES ("39489", "Cathy", "Morris", "1988-6-10", "Non-Binary", "77197", "2014-6-11");
INSERT INTO researcher (researcher_id,first_name,last_name,birthdate,gender,organization_id,datework) VALUES ("13267", "Michael", "Johnston", "1992-3-12", "Male", "35337", "2018-4-10");
INSERT INTO researcher (researcher_id,first_name,last_name,birthdate,gender,organization_id,datework) VALUES ("68693", "Chelsey", "Morris", "1992-7-1", "Non-Binary", "57840", "2012-2-20");
INSERT INTO researcher (researcher_id,first_name,last_name,birthdate,gender,organization_id,datework) VALUES ("63797", "David", "Smith", "1950-4-10", "Male", "35337", "2019-8-11");
INSERT INTO researcher (researcher_id,first_name,last_name,birthdate,gender,organization_id,datework) VALUES ("37465", "Thomas", "Watkins", "1993-1-6", "Male", "10721", "2014-10-2");
INSERT INTO researcher (researcher_id,first_name,last_name,birthdate,gender,organization_id,datework) VALUES ("17219", "Laura", "Williams", "1970-1-24", "Female", "36011", "2012-7-21");
INSERT INTO researcher (researcher_id,first_name,last_name,birthdate,gender,organization_id,datework) VALUES ("40091", "Melissa", "Jordan", "1996-5-22", "Female", "45012", "2010-5-7");
INSERT INTO researcher (researcher_id,first_name,last_name,birthdate,gender,organization_id,datework) VALUES ("96019", "Meghan", "Cardenas", "1978-3-18", "Non-Binary", "57840", "2021-2-23");
INSERT INTO researcher (researcher_id,first_name,last_name,birthdate,gender,organization_id,datework) VALUES ("29969", "Deborah", "Smith", "1990-7-28", "Male", "93763", "2017-1-10");
INSERT INTO researcher (researcher_id,first_name,last_name,birthdate,gender,organization_id,datework) VALUES ("83933", "Justin", "Smith", "1996-7-22", "Male", "36011", "2021-6-23");
INSERT INTO researcher (researcher_id,first_name,last_name,birthdate,gender,organization_id,datework) VALUES ("91529", "Sonya", "Lee", "1957-10-19", "Non-Binary", "93763", "2017-9-17");
INSERT INTO researcher (researcher_id,first_name,last_name,birthdate,gender,organization_id,datework) VALUES ("29635", "Jesse", "Leach", "1959-7-11", "Male", "41295", "2014-1-15");
INSERT INTO researcher (researcher_id,first_name,last_name,birthdate,gender,organization_id,datework) VALUES ("91710", "Catherine", "Wright", "1950-11-20", "Male", "20216", "2013-10-8");
INSERT INTO researcher (researcher_id,first_name,last_name,birthdate,gender,organization_id,datework) VALUES ("90949", "James", "Tyler", "1971-8-8", "Male", "76500", "2017-10-16");
INSERT INTO researcher (researcher_id,first_name,last_name,birthdate,gender,organization_id,datework) VALUES ("83120", "Sherry", "Blair", "1972-9-16", "Female", "35337", "2017-6-17");
INSERT INTO researcher (researcher_id,first_name,last_name,birthdate,gender,organization_id,datework) VALUES ("38555", "Antonio", "Sherman", "1973-2-22", "Male", "11507", "2011-2-6");
INSERT INTO researcher (researcher_id,first_name,last_name,birthdate,gender,organization_id,datework) VALUES ("37596", "Daniel", "Robinson", "1993-2-5", "Non-Binary", "60742", "2016-11-7");
INSERT INTO researcher (researcher_id,first_name,last_name,birthdate,gender,organization_id,datework) VALUES ("53692", "Jeremy", "Jenkins", "1973-8-13", "Female", "68932", "2020-11-17");
INSERT INTO researcher (researcher_id,first_name,last_name,birthdate,gender,organization_id,datework) VALUES ("17217", "Nichole", "Johnson", "1978-5-26", "Female", "55918", "2021-8-4");
INSERT INTO researcher (researcher_id,first_name,last_name,birthdate,gender,organization_id,datework) VALUES ("77542", "Morgan", "Simmons", "1990-12-23", "Male", "76500", "2012-6-21");
INSERT INTO researcher (researcher_id,first_name,last_name,birthdate,gender,organization_id,datework) VALUES ("96758", "Troy", "Holden", "1975-8-5", "Non-Binary", "90319", "2017-8-20");
INSERT INTO researcher (researcher_id,first_name,last_name,birthdate,gender,organization_id,datework) VALUES ("31052", "Sandra", "Butler", "1986-3-11", "Female", "27810", "2014-1-11");
INSERT INTO researcher (researcher_id,first_name,last_name,birthdate,gender,organization_id,datework) VALUES ("79597", "Cynthia", "Finley", "1964-5-13", "Non-Binary", "58451", "2021-8-21");
INSERT INTO researcher (researcher_id,first_name,last_name,birthdate,gender,organization_id,datework) VALUES ("81933", "Nicole", "Thomas", "1953-2-19", "Non-Binary", "57840", "2017-9-17");
INSERT INTO researcher (researcher_id,first_name,last_name,birthdate,gender,organization_id,datework) VALUES ("38637", "Sabrina", "Clark", "2000-5-2", "Male", "60742", "2016-8-18");
INSERT INTO researcher (researcher_id,first_name,last_name,birthdate,gender,organization_id,datework) VALUES ("62227", "Christopher", "Gray", "1954-8-15", "Female", "57840", "2012-10-3");
INSERT INTO researcher (researcher_id,first_name,last_name,birthdate,gender,organization_id,datework) VALUES ("18906", "Juan", "Murray", "1952-12-7", "Non-Binary", "57840", "2015-11-3");
INSERT INTO researcher (researcher_id,first_name,last_name,birthdate,gender,organization_id,datework) VALUES ("16895", "Chase", "Harrison", "1992-5-19", "Non-Binary", "13032", "2016-8-8");
INSERT INTO researcher (researcher_id,first_name,last_name,birthdate,gender,organization_id,datework) VALUES ("24437", "Hayley", "Robertson", "1982-8-9", "Female", "35337", "2016-7-27");
INSERT INTO researcher (researcher_id,first_name,last_name,birthdate,gender,organization_id,datework) VALUES ("49369", "Steven", "Barr", "1976-9-23", "Non-Binary", "77197", "2011-1-28");
INSERT INTO researcher (researcher_id,first_name,last_name,birthdate,gender,organization_id,datework) VALUES ("35787", "David", "Jackson", "1998-3-18", "Male", "27810", "2019-11-19");
INSERT INTO researcher (researcher_id,first_name,last_name,birthdate,gender,organization_id,datework) VALUES ("11865", "Darrell", "Brooks", "1990-3-4", "Non-Binary", "46551", "2016-10-11");
INSERT INTO researcher (researcher_id,first_name,last_name,birthdate,gender,organization_id,datework) VALUES ("67105", "Deborah", "Martinez", "1957-3-28", "Non-Binary", "21307", "2010-9-26");
INSERT INTO researcher (researcher_id,first_name,last_name,birthdate,gender,organization_id,datework) VALUES ("97402", "Shelly", "Dougherty", "1976-7-11", "Female", "10721", "2018-5-18");
INSERT INTO researcher (researcher_id,first_name,last_name,birthdate,gender,organization_id,datework) VALUES ("62213", "Donald", "Maynard", "1950-12-1", "Non-Binary", "35337", "2011-8-6");
INSERT INTO researcher (researcher_id,first_name,last_name,birthdate,gender,organization_id,datework) VALUES ("74831", "Adriana", "Simmons", "1953-4-10", "Female", "49947", "2018-9-18");
INSERT INTO researcher (researcher_id,first_name,last_name,birthdate,gender,organization_id,datework) VALUES ("20843", "Philip", "Jones", "1950-1-27", "Male", "10721", "2018-3-17");
INSERT INTO researcher (researcher_id,first_name,last_name,birthdate,gender,organization_id,datework) VALUES ("77889", "Diana", "White", "1998-9-17", "Male", "93763", "2015-5-10");
INSERT INTO researcher (researcher_id,first_name,last_name,birthdate,gender,organization_id,datework) VALUES ("52856", "William", "Mueller", "1968-1-21", "Female", "35337", "2012-3-6");
INSERT INTO researcher (researcher_id,first_name,last_name,birthdate,gender,organization_id,datework) VALUES ("64653", "Melinda", "White", "1950-8-20", "Non-Binary", "21307", "2013-3-3");
INSERT INTO researcher (researcher_id,first_name,last_name,birthdate,gender,organization_id,datework) VALUES ("85873", "Katherine", "Roberts", "1982-3-12", "Male", "94426", "2015-6-16");
INSERT INTO researcher (researcher_id,first_name,last_name,birthdate,gender,organization_id,datework) VALUES ("93268", "Corey", "Wright", "1999-4-27", "Non-Binary", "12330", "2018-5-7");
INSERT INTO researcher (researcher_id,first_name,last_name,birthdate,gender,organization_id,datework) VALUES ("38062", "Ashley", "Smith", "1983-8-27", "Male", "84532", "2013-7-21");
INSERT INTO researcher (researcher_id,first_name,last_name,birthdate,gender,organization_id,datework) VALUES ("49883", "Anthony", "Hernandez", "1990-7-4", "Non-Binary", "63534", "2010-5-2");

-- program 
INSERT INTO program (program_id,name_pr,management) VALUES ("12335","program744","Louis Stevenson");
INSERT INTO program (program_id,name_pr,management) VALUES ("80717","program539","Ricky Fernandez");
INSERT INTO program (program_id,name_pr,management) VALUES ("78105","program454","Stephanie Pittman");
INSERT INTO program (program_id,name_pr,management) VALUES ("82131","program597","Brenda Martin");
INSERT INTO program (program_id,name_pr,management) VALUES ("39469","program189","Willie Clark");
INSERT INTO program (program_id,name_pr,management) VALUES ("47697","program909","Todd Rowe");
INSERT INTO program (program_id,name_pr,management) VALUES ("93905","program345","Amy Tapia");
INSERT INTO program (program_id,name_pr,management) VALUES ("39730","program577","Brenda Jones");
INSERT INTO program (program_id,name_pr,management) VALUES ("81026","program680","Adam Wells");
INSERT INTO program (program_id,name_pr,management) VALUES ("84278","program812","Michael Kim");
INSERT INTO program (program_id,name_pr,management) VALUES ("86566","program653","Holly Wagner");
INSERT INTO program (program_id,name_pr,management) VALUES ("65861","program264","Steven Mcneil");
INSERT INTO program (program_id,name_pr,management) VALUES ("84574","program575","Jennifer Erickson");
INSERT INTO program (program_id,name_pr,management) VALUES ("91071","program285","Ms. Kimberly Fischer");
INSERT INTO program (program_id,name_pr,management) VALUES ("92593","program847","Scott Martinez");
INSERT INTO program (program_id,name_pr,management) VALUES ("84251","program197","Timothy Guerra");
INSERT INTO program (program_id,name_pr,management) VALUES ("14179","program655","Nathan Gordon");
INSERT INTO program (program_id,name_pr,management) VALUES ("42455","program297","Linda Taylor");
INSERT INTO program (program_id,name_pr,management) VALUES ("49645","program636","Destiny Newman");
INSERT INTO program (program_id,name_pr,management) VALUES ("78195","program892","Mackenzie Wood");
INSERT INTO program (program_id,name_pr,management) VALUES ("49925","program142","William Thompson");
INSERT INTO program (program_id,name_pr,management) VALUES ("62492","program423","William Mason");
INSERT INTO program (program_id,name_pr,management) VALUES ("36919","program263","Tracey Bradshaw");
INSERT INTO program (program_id,name_pr,management) VALUES ("69619","program846","Whitney Frazier");
INSERT INTO program (program_id,name_pr,management) VALUES ("96910","program845","John Zhang");
INSERT INTO program (program_id,name_pr,management) VALUES ("73664","program505","Mark Johnson");
INSERT INTO program (program_id,name_pr,management) VALUES ("64336","program989","Leroy Collier");
INSERT INTO program (program_id,name_pr,management) VALUES ("51375","program486","Matthew Hill");
INSERT INTO program (program_id,name_pr,management) VALUES ("47479","program769","Stephanie Blair");
INSERT INTO program (program_id,name_pr,management) VALUES ("48731","program250","Mr. Jason Mcintyre");
INSERT INTO program (program_id,name_pr,management) VALUES ("31626","program964","Traci Moss");
INSERT INTO program (program_id,name_pr,management) VALUES ("58216","program334","Catherine Hill");
INSERT INTO program (program_id,name_pr,management) VALUES ("93452","program246","Billy Johnson");
INSERT INTO program (program_id,name_pr,management) VALUES ("22030","program985","Amanda Nguyen");
INSERT INTO program (program_id,name_pr,management) VALUES ("29685","program606","Corey Young");
INSERT INTO program (program_id,name_pr,management) VALUES ("10041","program101","Angela Smith");
INSERT INTO program (program_id,name_pr,management) VALUES ("96686","program694","Lindsey Lawrence");
INSERT INTO program (program_id,name_pr,management) VALUES ("27649","program371","Wanda Hamilton");
INSERT INTO program (program_id,name_pr,management) VALUES ("23587","program904","Jonathan Carter");
INSERT INTO program (program_id,name_pr,management) VALUES ("56968","program419","Tyler Hansen");

-- scientific_field 
INSERT INTO scientific_field (scfield_id,name_scfield) VALUES ("44622","Mathematics");
INSERT INTO scientific_field (scfield_id,name_scfield) VALUES ("87537","Computer Science");
INSERT INTO scientific_field (scfield_id,name_scfield) VALUES ("25610","Physics");
INSERT INTO scientific_field (scfield_id,name_scfield) VALUES ("22061","Biology");
INSERT INTO scientific_field (scfield_id,name_scfield) VALUES ("23496","Chemistry");
INSERT INTO scientific_field (scfield_id,name_scfield) VALUES ("33498","Geology");
INSERT INTO scientific_field (scfield_id,name_scfield) VALUES ("81525","Law");
INSERT INTO scientific_field (scfield_id,name_scfield) VALUES ("86784","Natural Sciences");
INSERT INTO scientific_field (scfield_id,name_scfield) VALUES ("34316","Economics");
INSERT INTO scientific_field (scfield_id,name_scfield) VALUES ("96125","Irrelevant");

-- evaluation 
INSERT INTO evaluation (evaluation_id,grade,date_eval) VALUES ("73428","8", "2014-6-5");
INSERT INTO evaluation (evaluation_id,grade,date_eval) VALUES ("46336","10", "2013-5-28");
INSERT INTO evaluation (evaluation_id,grade,date_eval) VALUES ("28561","6", "2014-5-10");
INSERT INTO evaluation (evaluation_id,grade,date_eval) VALUES ("60833","7", "2014-7-17");
INSERT INTO evaluation (evaluation_id,grade,date_eval) VALUES ("66153","9", "2014-2-4");
INSERT INTO evaluation (evaluation_id,grade,date_eval) VALUES ("84167","5", "2013-10-24");
INSERT INTO evaluation (evaluation_id,grade,date_eval) VALUES ("25271","9", "2014-4-2");
INSERT INTO evaluation (evaluation_id,grade,date_eval) VALUES ("67576","10", "2013-3-8");
INSERT INTO evaluation (evaluation_id,grade,date_eval) VALUES ("87486","8", "2013-9-6");
INSERT INTO evaluation (evaluation_id,grade,date_eval) VALUES ("93624","7", "2014-9-9");
INSERT INTO evaluation (evaluation_id,grade,date_eval) VALUES ("22499","8", "2013-9-19");
INSERT INTO evaluation (evaluation_id,grade,date_eval) VALUES ("80410","9", "2014-4-24");
INSERT INTO evaluation (evaluation_id,grade,date_eval) VALUES ("22509","7", "2013-2-9");
INSERT INTO evaluation (evaluation_id,grade,date_eval) VALUES ("60550","8", "2014-3-13");
INSERT INTO evaluation (evaluation_id,grade,date_eval) VALUES ("48670","6", "2014-5-11");
INSERT INTO evaluation (evaluation_id,grade,date_eval) VALUES ("46975","8", "2013-11-15");
INSERT INTO evaluation (evaluation_id,grade,date_eval) VALUES ("23555","5", "2013-9-25");
INSERT INTO evaluation (evaluation_id,grade,date_eval) VALUES ("45964","6", "2014-10-9");
INSERT INTO evaluation (evaluation_id,grade,date_eval) VALUES ("44488","9", "2013-12-20");
INSERT INTO evaluation (evaluation_id,grade,date_eval) VALUES ("70765","10", "2013-10-16");
INSERT INTO evaluation (evaluation_id,grade,date_eval) VALUES ("96960","5", "2013-2-14");
INSERT INTO evaluation (evaluation_id,grade,date_eval) VALUES ("18510","8", "2013-8-26");
INSERT INTO evaluation (evaluation_id,grade,date_eval) VALUES ("83340","6", "2013-5-1");
INSERT INTO evaluation (evaluation_id,grade,date_eval) VALUES ("90631","6", "2014-10-7");
INSERT INTO evaluation (evaluation_id,grade,date_eval) VALUES ("71370","9", "2013-8-20");
INSERT INTO evaluation (evaluation_id,grade,date_eval) VALUES ("31116","6", "2013-8-25");
INSERT INTO evaluation (evaluation_id,grade,date_eval) VALUES ("60158","5", "2013-1-7");
INSERT INTO evaluation (evaluation_id,grade,date_eval) VALUES ("14767","9", "2014-10-15");
INSERT INTO evaluation (evaluation_id,grade,date_eval) VALUES ("73526","7", "2013-4-22");
INSERT INTO evaluation (evaluation_id,grade,date_eval) VALUES ("19992","9", "2013-8-20");
INSERT INTO evaluation (evaluation_id,grade,date_eval) VALUES ("68170","6", "2013-7-2");
INSERT INTO evaluation (evaluation_id,grade,date_eval) VALUES ("47927","7", "2014-10-17");
INSERT INTO evaluation (evaluation_id,grade,date_eval) VALUES ("39115","10", "2014-10-20");
INSERT INTO evaluation (evaluation_id,grade,date_eval) VALUES ("84051","10", "2013-10-10");
INSERT INTO evaluation (evaluation_id,grade,date_eval) VALUES ("19959","7", "2014-10-14");
INSERT INTO evaluation (evaluation_id,grade,date_eval) VALUES ("45501","6", "2013-1-28");
INSERT INTO evaluation (evaluation_id,grade,date_eval) VALUES ("69451","5", "2013-9-7");
INSERT INTO evaluation (evaluation_id,grade,date_eval) VALUES ("24349","7", "2014-6-2");
INSERT INTO evaluation (evaluation_id,grade,date_eval) VALUES ("59388","8", "2014-2-3");
INSERT INTO evaluation (evaluation_id,grade,date_eval) VALUES ("23253","8", "2013-3-7");
INSERT INTO evaluation (evaluation_id,grade,date_eval) VALUES ("88639","9", "2014-11-15");
INSERT INTO evaluation (evaluation_id,grade,date_eval) VALUES ("66132","8", "2013-10-18");
INSERT INTO evaluation (evaluation_id,grade,date_eval) VALUES ("76637","6", "2013-10-16");
INSERT INTO evaluation (evaluation_id,grade,date_eval) VALUES ("75481","10", "2013-6-6");
INSERT INTO evaluation (evaluation_id,grade,date_eval) VALUES ("82630","10", "2014-3-2");
INSERT INTO evaluation (evaluation_id,grade,date_eval) VALUES ("19636","7", "2014-1-20");
INSERT INTO evaluation (evaluation_id,grade,date_eval) VALUES ("23995","9", "2014-5-7");
INSERT INTO evaluation (evaluation_id,grade,date_eval) VALUES ("74484","8", "2013-10-16");
INSERT INTO evaluation (evaluation_id,grade,date_eval) VALUES ("64297","7", "2014-4-25");
INSERT INTO evaluation (evaluation_id,grade,date_eval) VALUES ("96419","5", "2013-2-19");
INSERT INTO evaluation (evaluation_id,grade,date_eval) VALUES ("42013","8", "2013-7-23");
INSERT INTO evaluation (evaluation_id,grade,date_eval) VALUES ("45493","7", "2013-1-12");
INSERT INTO evaluation (evaluation_id,grade,date_eval) VALUES ("87934","6", "2014-9-25");
INSERT INTO evaluation (evaluation_id,grade,date_eval) VALUES ("22824","10", "2013-7-17");
INSERT INTO evaluation (evaluation_id,grade,date_eval) VALUES ("11556","5", "2013-8-16");
INSERT INTO evaluation (evaluation_id,grade,date_eval) VALUES ("53744","10", "2014-4-13");
INSERT INTO evaluation (evaluation_id,grade,date_eval) VALUES ("63876","9", "2014-5-24");
INSERT INTO evaluation (evaluation_id,grade,date_eval) VALUES ("32266","9", "2013-4-7");
INSERT INTO evaluation (evaluation_id,grade,date_eval) VALUES ("11263","6", "2013-12-16");
INSERT INTO evaluation (evaluation_id,grade,date_eval) VALUES ("51244","5", "2014-10-17");
INSERT INTO evaluation (evaluation_id,grade,date_eval) VALUES ("61744","10", "2013-4-5");
INSERT INTO evaluation (evaluation_id,grade,date_eval) VALUES ("43200","6", "2013-1-8");
INSERT INTO evaluation (evaluation_id,grade,date_eval) VALUES ("85180","9", "2014-9-21");
INSERT INTO evaluation (evaluation_id,grade,date_eval) VALUES ("95718","8", "2014-12-12");
INSERT INTO evaluation (evaluation_id,grade,date_eval) VALUES ("95823","10", "2013-8-5");
INSERT INTO evaluation (evaluation_id,grade,date_eval) VALUES ("17581","10", "2013-3-26");
INSERT INTO evaluation (evaluation_id,grade,date_eval) VALUES ("18465","8", "2013-2-1");
INSERT INTO evaluation (evaluation_id,grade,date_eval) VALUES ("58642","6", "2014-6-23");
INSERT INTO evaluation (evaluation_id,grade,date_eval) VALUES ("55707","6", "2013-6-24");
INSERT INTO evaluation (evaluation_id,grade,date_eval) VALUES ("81530","10", "2014-7-8");
INSERT INTO evaluation (evaluation_id,grade,date_eval) VALUES ("25537","8", "2014-10-5");
INSERT INTO evaluation (evaluation_id,grade,date_eval) VALUES ("81455","10", "2013-11-21");
INSERT INTO evaluation (evaluation_id,grade,date_eval) VALUES ("35305","8", "2013-1-20");
INSERT INTO evaluation (evaluation_id,grade,date_eval) VALUES ("24537","10", "2014-2-15");
INSERT INTO evaluation (evaluation_id,grade,date_eval) VALUES ("56791","9", "2013-6-1");
INSERT INTO evaluation (evaluation_id,grade,date_eval) VALUES ("59635","7", "2013-1-23");
INSERT INTO evaluation (evaluation_id,grade,date_eval) VALUES ("83252","6", "2013-7-11");
INSERT INTO evaluation (evaluation_id,grade,date_eval) VALUES ("49614","5", "2013-9-2");
INSERT INTO evaluation (evaluation_id,grade,date_eval) VALUES ("95024","5", "2014-6-12");
INSERT INTO evaluation (evaluation_id,grade,date_eval) VALUES ("85401","9", "2014-5-17");
INSERT INTO evaluation (evaluation_id,grade,date_eval) VALUES ("11511","7", "2013-3-13");
INSERT INTO evaluation (evaluation_id,grade,date_eval) VALUES ("57300","5", "2014-5-19");
INSERT INTO evaluation (evaluation_id,grade,date_eval) VALUES ("34143","8", "2013-8-2");
INSERT INTO evaluation (evaluation_id,grade,date_eval) VALUES ("72639","9", "2013-1-15");
INSERT INTO evaluation (evaluation_id,grade,date_eval) VALUES ("34600","8", "2013-2-6");
INSERT INTO evaluation (evaluation_id,grade,date_eval) VALUES ("87479","5", "2013-7-11");
INSERT INTO evaluation (evaluation_id,grade,date_eval) VALUES ("58048","7", "2013-1-4");
INSERT INTO evaluation (evaluation_id,grade,date_eval) VALUES ("84824","10", "2014-7-17");
INSERT INTO evaluation (evaluation_id,grade,date_eval) VALUES ("55369","5", "2014-11-12");
INSERT INTO evaluation (evaluation_id,grade,date_eval) VALUES ("97999","7", "2013-3-5");
INSERT INTO evaluation (evaluation_id,grade,date_eval) VALUES ("42451","6", "2014-9-27");
INSERT INTO evaluation (evaluation_id,grade,date_eval) VALUES ("31737","9", "2014-3-25");
INSERT INTO evaluation (evaluation_id,grade,date_eval) VALUES ("10539","7", "2014-2-4");
INSERT INTO evaluation (evaluation_id,grade,date_eval) VALUES ("81210","6", "2013-5-12");
INSERT INTO evaluation (evaluation_id,grade,date_eval) VALUES ("13770","10", "2014-7-9");
INSERT INTO evaluation (evaluation_id,grade,date_eval) VALUES ("35796","7", "2013-6-14");
INSERT INTO evaluation (evaluation_id,grade,date_eval) VALUES ("54416","8", "2014-1-16");
INSERT INTO evaluation (evaluation_id,grade,date_eval) VALUES ("44466","5", "2013-9-5");
INSERT INTO evaluation (evaluation_id,grade,date_eval) VALUES ("27650","6", "2013-3-9");
INSERT INTO evaluation (evaluation_id,grade,date_eval) VALUES ("66483","6", "2014-9-11");

-- executive 
INSERT INTO executive (executive_id,name_ex) VALUES ("68515","William Garcia");
INSERT INTO executive (executive_id,name_ex) VALUES ("30725","Chelsea Vasquez");
INSERT INTO executive (executive_id,name_ex) VALUES ("93391","Nathaniel Moreno");
INSERT INTO executive (executive_id,name_ex) VALUES ("28059","Roy Fuller");
INSERT INTO executive (executive_id,name_ex) VALUES ("30811","Luis Bush");
INSERT INTO executive (executive_id,name_ex) VALUES ("37813","Sarah Stanton");
INSERT INTO executive (executive_id,name_ex) VALUES ("10323","Jeffrey Carney");
INSERT INTO executive (executive_id,name_ex) VALUES ("10228","Laura Mueller");
INSERT INTO executive (executive_id,name_ex) VALUES ("89882","Susan Parker");
INSERT INTO executive (executive_id,name_ex) VALUES ("96056","Daniel Cantu");
INSERT INTO executive (executive_id,name_ex) VALUES ("19276","Shawn Willis");
INSERT INTO executive (executive_id,name_ex) VALUES ("38635","Rachel Flynn");
INSERT INTO executive (executive_id,name_ex) VALUES ("33106","Jennifer Adams");
INSERT INTO executive (executive_id,name_ex) VALUES ("78575","Penny Lewis");
INSERT INTO executive (executive_id,name_ex) VALUES ("44681","Christina Smith");
INSERT INTO executive (executive_id,name_ex) VALUES ("10573","James Brown DVM");
INSERT INTO executive (executive_id,name_ex) VALUES ("60562","Elizabeth Carson");
INSERT INTO executive (executive_id,name_ex) VALUES ("78985","Leslie Luna");
INSERT INTO executive (executive_id,name_ex) VALUES ("68395","David Hoffman");
INSERT INTO executive (executive_id,name_ex) VALUES ("56330","Carly Stone");
INSERT INTO executive (executive_id,name_ex) VALUES ("68015","Manuel Gonzales");
INSERT INTO executive (executive_id,name_ex) VALUES ("30846","Harry Flores");
INSERT INTO executive (executive_id,name_ex) VALUES ("45180","Carlos Ayala");
INSERT INTO executive (executive_id,name_ex) VALUES ("58059","Laura Luna");
INSERT INTO executive (executive_id,name_ex) VALUES ("91266","Mary Cross");
INSERT INTO executive (executive_id,name_ex) VALUES ("36510","Steven Fuentes");
INSERT INTO executive (executive_id,name_ex) VALUES ("33958","Derrick Hodges");
INSERT INTO executive (executive_id,name_ex) VALUES ("85325","Mr. Joshua Torres MD");
INSERT INTO executive (executive_id,name_ex) VALUES ("39519","Terri Blair");
INSERT INTO executive (executive_id,name_ex) VALUES ("11257","Richard Wolf");
INSERT INTO executive (executive_id,name_ex) VALUES ("84339","Kyle Farmer");
INSERT INTO executive (executive_id,name_ex) VALUES ("23158","Regina Atkins");
INSERT INTO executive (executive_id,name_ex) VALUES ("39464","Victor Newton");
INSERT INTO executive (executive_id,name_ex) VALUES ("42930","Samantha Harrison");
INSERT INTO executive (executive_id,name_ex) VALUES ("15234","Stephanie Curtis");
INSERT INTO executive (executive_id,name_ex) VALUES ("12172","Sarah Davis");
INSERT INTO executive (executive_id,name_ex) VALUES ("46383","Crystal Morse");
INSERT INTO executive (executive_id,name_ex) VALUES ("36739","Robert Beasley");
INSERT INTO executive (executive_id,name_ex) VALUES ("89694","Sarah Stuart");
INSERT INTO executive (executive_id,name_ex) VALUES ("30416","John Reyes");
INSERT INTO executive (executive_id,name_ex) VALUES ("27518","Jorge King");
INSERT INTO executive (executive_id,name_ex) VALUES ("38369","Carolyn Mcgee");
INSERT INTO executive (executive_id,name_ex) VALUES ("85360","Kayla Jackson");
INSERT INTO executive (executive_id,name_ex) VALUES ("17988","Misty Osborne MD");
INSERT INTO executive (executive_id,name_ex) VALUES ("97666","Ronald Garcia");
INSERT INTO executive (executive_id,name_ex) VALUES ("50576","Sherri James");
INSERT INTO executive (executive_id,name_ex) VALUES ("52869","Troy Martin");
INSERT INTO executive (executive_id,name_ex) VALUES ("53152","Michael Savage");
INSERT INTO executive (executive_id,name_ex) VALUES ("87163","James Jackson");
INSERT INTO executive (executive_id,name_ex) VALUES ("26660","Bradley Douglas");
INSERT INTO executive (executive_id,name_ex) VALUES ("51132","Javier Williams");
INSERT INTO executive (executive_id,name_ex) VALUES ("66945","Kimberly Shaw");
INSERT INTO executive (executive_id,name_ex) VALUES ("65934","Charles Smith");
INSERT INTO executive (executive_id,name_ex) VALUES ("39988","William Holland");
INSERT INTO executive (executive_id,name_ex) VALUES ("55969","Jacob Sharp");
INSERT INTO executive (executive_id,name_ex) VALUES ("64863","Jessica Perez");
INSERT INTO executive (executive_id,name_ex) VALUES ("33929","Paul Torres");
INSERT INTO executive (executive_id,name_ex) VALUES ("54670","Kathleen Nguyen DVM");
INSERT INTO executive (executive_id,name_ex) VALUES ("29170","Daniel Powell");
INSERT INTO executive (executive_id,name_ex) VALUES ("84122","Amy Garcia");
INSERT INTO executive (executive_id,name_ex) VALUES ("61086","Willie Smith");
INSERT INTO executive (executive_id,name_ex) VALUES ("65488","John Guzman");
INSERT INTO executive (executive_id,name_ex) VALUES ("71100","Betty Jones");
INSERT INTO executive (executive_id,name_ex) VALUES ("79143","Amanda Griffith");
INSERT INTO executive (executive_id,name_ex) VALUES ("34948","Sandra Martin");
INSERT INTO executive (executive_id,name_ex) VALUES ("58644","Shelley Acevedo");
INSERT INTO executive (executive_id,name_ex) VALUES ("92921","Charles Wilson");
INSERT INTO executive (executive_id,name_ex) VALUES ("96570","Abigail Gutierrez");
INSERT INTO executive (executive_id,name_ex) VALUES ("26223","Jessica Davis");
INSERT INTO executive (executive_id,name_ex) VALUES ("46662","Michael Nash");
INSERT INTO executive (executive_id,name_ex) VALUES ("42466","James Hanson");
INSERT INTO executive (executive_id,name_ex) VALUES ("84374","Benjamin Stanton");
INSERT INTO executive (executive_id,name_ex) VALUES ("87915","Tyler Rogers");
INSERT INTO executive (executive_id,name_ex) VALUES ("64951","Maria Mosley");
INSERT INTO executive (executive_id,name_ex) VALUES ("76250","Joshua Rivers");
INSERT INTO executive (executive_id,name_ex) VALUES ("11613","Erica Madden");
INSERT INTO executive (executive_id,name_ex) VALUES ("55108","Sean Pena");
INSERT INTO executive (executive_id,name_ex) VALUES ("64127","Jeffrey Miller");
INSERT INTO executive (executive_id,name_ex) VALUES ("17441","Timothy Miller");
INSERT INTO executive (executive_id,name_ex) VALUES ("84701","Jacob Downs");
INSERT INTO executive (executive_id,name_ex) VALUES ("29196","Mary Sanders");
INSERT INTO executive (executive_id,name_ex) VALUES ("58456","Robert Hall");
INSERT INTO executive (executive_id,name_ex) VALUES ("92592","Monica Mcguire");
INSERT INTO executive (executive_id,name_ex) VALUES ("74883","Jessica Sexton MD");
INSERT INTO executive (executive_id,name_ex) VALUES ("88705","Erik Brown");
INSERT INTO executive (executive_id,name_ex) VALUES ("85164","Edward Rice");
INSERT INTO executive (executive_id,name_ex) VALUES ("31974","Heather Jacobson");
INSERT INTO executive (executive_id,name_ex) VALUES ("30334","Jerry Huber");
INSERT INTO executive (executive_id,name_ex) VALUES ("54166","Holly Bowen");
INSERT INTO executive (executive_id,name_ex) VALUES ("72663","Sheila King");
INSERT INTO executive (executive_id,name_ex) VALUES ("70447","Anna Jennings");
INSERT INTO executive (executive_id,name_ex) VALUES ("19111","David Lopez");
INSERT INTO executive (executive_id,name_ex) VALUES ("53187","Brian Flores");
INSERT INTO executive (executive_id,name_ex) VALUES ("38692","John Holmes");
INSERT INTO executive (executive_id,name_ex) VALUES ("77087","Brian Davis");
INSERT INTO executive (executive_id,name_ex) VALUES ("52329","Sarah Ward");
INSERT INTO executive (executive_id,name_ex) VALUES ("51249","Debra Wolf");
INSERT INTO executive (executive_id,name_ex) VALUES ("95231","Charles Fisher II");
INSERT INTO executive (executive_id,name_ex) VALUES ("37883","Sandra Graham");
INSERT INTO executive (executive_id,name_ex) VALUES ("19569","Joyce Terry");

-- project 
INSERT INTO project (project_id,title,start_date,end_date,abstract,funds,evaluator_id,accountable_id,program_id,executive_id,organization_id,evaluation_id) VALUES ("43832","project639", "2019-7-11", "2022-2-27", "Ground side soldier report effect prepare. Everybody use service responsibility.", "727935", "52752", "18232", "27649", "68515", "35337", "51244");
INSERT INTO project (project_id,title,start_date,end_date,abstract,funds,evaluator_id,accountable_id,program_id,executive_id,organization_id,evaluation_id) VALUES ("46978","project383", "2021-2-2", "2024-10-21", "Practice table hold.", "140935", "96019", "93265", "29685", "17988", "58451", "87479");
INSERT INTO project (project_id,title,start_date,end_date,abstract,funds,evaluator_id,accountable_id,program_id,executive_id,organization_id,evaluation_id) VALUES ("67349","project647", "2018-4-28", "2021-5-18", "Anything relate poor camera large many speak why.", "242192", "74055", "98702", "14179", "11613", "93763", "58642");
INSERT INTO project (project_id,title,start_date,end_date,abstract,funds,evaluator_id,accountable_id,program_id,executive_id,organization_id,evaluation_id) VALUES ("52900","project410", "2020-10-7", "2022-3-28", "Consider change opportunity son personal list like. Identify moment pattern soon hold Mr.", "133753", "68661", "49851", "65861", "34948", "90319", "47927");
INSERT INTO project (project_id,title,start_date,end_date,abstract,funds,evaluator_id,accountable_id,program_id,executive_id,organization_id,evaluation_id) VALUES ("51677","project508", "2018-2-15", "2021-1-1", "Growth fill present without it ability common.", "617619", "24787", "38555", "92593", "15234", "49947", "63876");
INSERT INTO project (project_id,title,start_date,end_date,abstract,funds,evaluator_id,accountable_id,program_id,executive_id,organization_id,evaluation_id) VALUES ("36782","project585", "2021-7-28", "2024-6-2", "Lay sound power reveal major.", "901916", "72889", "71527", "56968", "10228", "45012", "34600");
INSERT INTO project (project_id,title,start_date,end_date,abstract,funds,evaluator_id,accountable_id,program_id,executive_id,organization_id,evaluation_id) VALUES ("30377","project564", "2020-9-13", "2022-2-14", "Establish identify yourself beat prevent when. Customer sell medical serious.", "764493", "37596", "28992", "39469", "38692", "12330", "28561");
INSERT INTO project (project_id,title,start_date,end_date,abstract,funds,evaluator_id,accountable_id,program_id,executive_id,organization_id,evaluation_id) VALUES ("53833","project850", "2021-2-22", "2023-5-2", "Show model next suddenly country continue strong. Information collection account fine he different.", "549448", "13024", "89203", "80717", "26223", "35337", "64297");
INSERT INTO project (project_id,title,start_date,end_date,abstract,funds,evaluator_id,accountable_id,program_id,executive_id,organization_id,evaluation_id) VALUES ("79843","project501", "2019-9-10", "2021-8-3", "Treatment need be physical shake training.", "846224", "31052", "79238", "73664", "12172", "84532", "18465");
INSERT INTO project (project_id,title,start_date,end_date,abstract,funds,evaluator_id,accountable_id,program_id,executive_id,organization_id,evaluation_id) VALUES ("22347","project783", "2021-5-24", "2023-5-4", "Budget already much face.", "978970", "41154", "47980", "49925", "36739", "76500", "55707");
INSERT INTO project (project_id,title,start_date,end_date,abstract,funds,evaluator_id,accountable_id,program_id,executive_id,organization_id,evaluation_id) VALUES ("39760","project958", "2021-12-7", "2024-1-10", "Support board military door once draw last mother. Scene your draw offer region activity sea inside.", "316927", "48575", "57689", "49645", "30416", "13032", "58642");
INSERT INTO project (project_id,title,start_date,end_date,abstract,funds,evaluator_id,accountable_id,program_id,executive_id,organization_id,evaluation_id) VALUES ("71314","project102", "2019-8-23", "2022-10-5", "Live everyone determine floor organization reason. War company magazine modern real debate.", "471066", "48903", "48903", "86566", "19111", "67485", "58642");
INSERT INTO project (project_id,title,start_date,end_date,abstract,funds,evaluator_id,accountable_id,program_id,executive_id,organization_id,evaluation_id) VALUES ("55854","project143", "2021-3-6", "2023-7-7", "Hundred increase figure arm style successful. So throw and take.", "498077", "71527", "88155", "78195", "66945", "46551", "25537");
INSERT INTO project (project_id,title,start_date,end_date,abstract,funds,evaluator_id,accountable_id,program_id,executive_id,organization_id,evaluation_id) VALUES ("94558","project263", "2018-12-25", "2021-12-21", "Ask past unit worry rich organization.", "898102", "62321", "13024", "12335", "39464", "94426", "63876");
INSERT INTO project (project_id,title,start_date,end_date,abstract,funds,evaluator_id,accountable_id,program_id,executive_id,organization_id,evaluation_id) VALUES ("62025","project673", "2019-9-26", "2021-4-5", "Chair enjoy value project some. Far author report mother tree.", "671227", "12078", "81060", "49645", "85325", "35337", "66483");
INSERT INTO project (project_id,title,start_date,end_date,abstract,funds,evaluator_id,accountable_id,program_id,executive_id,organization_id,evaluation_id) VALUES ("28108","project759", "2021-11-8", "2023-4-4", "Practice special someone science. Responsibility ahead away south including which hard.", "230990", "58590", "16230", "47697", "38369", "13032", "83252");
INSERT INTO project (project_id,title,start_date,end_date,abstract,funds,evaluator_id,accountable_id,program_id,executive_id,organization_id,evaluation_id) VALUES ("92372","project497", "2020-9-27", "2023-11-8", "Here writer contain claim base not explain everybody.", "603554", "98702", "95482", "86566", "30811", "35337", "83340");
INSERT INTO project (project_id,title,start_date,end_date,abstract,funds,evaluator_id,accountable_id,program_id,executive_id,organization_id,evaluation_id) VALUES ("65952","project321", "2021-5-18", "2024-11-15", "Send bag get center exist daughter.", "727897", "74131", "75708", "27649", "23158", "46551", "67576");
INSERT INTO project (project_id,title,start_date,end_date,abstract,funds,evaluator_id,accountable_id,program_id,executive_id,organization_id,evaluation_id) VALUES ("71333","project304", "2021-3-20", "2023-2-9", "Stand offer north represent among.", "924926", "81509", "63260", "42455", "74883", "94426", "23555");
INSERT INTO project (project_id,title,start_date,end_date,abstract,funds,evaluator_id,accountable_id,program_id,executive_id,organization_id,evaluation_id) VALUES ("94264","project829", "2018-12-18", "2020-2-11", "Hospital fill TV executive once foot.", "250147", "99663", "63797", "82131", "68395", "13032", "14767");
INSERT INTO project (project_id,title,start_date,end_date,abstract,funds,evaluator_id,accountable_id,program_id,executive_id,organization_id,evaluation_id) VALUES ("52817","project193", "2019-9-13", "2021-1-26", "Wrong require budget argue.", "947173", "77889", "60978", "49645", "37813", "55918", "58048");
INSERT INTO project (project_id,title,start_date,end_date,abstract,funds,evaluator_id,accountable_id,program_id,executive_id,organization_id,evaluation_id) VALUES ("53394","project848", "2021-8-12", "2024-3-1", "Value situation trip.", "417831", "26348", "74906", "82131", "42466", "77197", "60550");
INSERT INTO project (project_id,title,start_date,end_date,abstract,funds,evaluator_id,accountable_id,program_id,executive_id,organization_id,evaluation_id) VALUES ("99351","project780", "2019-12-25", "2021-10-21", "So know list nation. North last bit wrong anything case.", "760829", "93268", "93476", "84278", "87915", "20216", "45493");
INSERT INTO project (project_id,title,start_date,end_date,abstract,funds,evaluator_id,accountable_id,program_id,executive_id,organization_id,evaluation_id) VALUES ("55367","project803", "2022-5-13", "2024-3-13", "Statement difference environmental happen lawyer organization. Citizen could none gas compare change.", "232086", "79325", "71527", "92593", "37883", "46551", "39115");
INSERT INTO project (project_id,title,start_date,end_date,abstract,funds,evaluator_id,accountable_id,program_id,executive_id,organization_id,evaluation_id) VALUES ("13863","project703", "2019-9-19", "2022-8-7", "Edge billion make course before subject.", "476711", "16230", "40951", "27649", "64863", "94426", "14767");
INSERT INTO project (project_id,title,start_date,end_date,abstract,funds,evaluator_id,accountable_id,program_id,executive_id,organization_id,evaluation_id) VALUES ("56015","project271", "2018-6-24", "2021-11-27", "Partner so front case thus kitchen design. Change apply with.", "843872", "57911", "49064", "14179", "30725", "46551", "32266");
INSERT INTO project (project_id,title,start_date,end_date,abstract,funds,evaluator_id,accountable_id,program_id,executive_id,organization_id,evaluation_id) VALUES ("78063","project455", "2018-11-22", "2020-5-27", "Nor keep operation.", "357046", "57538", "44564", "84251", "55108", "55918", "66483");
INSERT INTO project (project_id,title,start_date,end_date,abstract,funds,evaluator_id,accountable_id,program_id,executive_id,organization_id,evaluation_id) VALUES ("33277","project602", "2022-4-6", "2024-7-2", "This director family measure together it.", "286644", "58188", "11865", "78195", "30846", "67485", "73526");
INSERT INTO project (project_id,title,start_date,end_date,abstract,funds,evaluator_id,accountable_id,program_id,executive_id,organization_id,evaluation_id) VALUES ("52364","project216", "2020-7-18", "2023-6-5", "Decide score economy interview world six no. Reduce child behavior mind.", "145332", "85417", "63260", "64336", "56330", "35337", "66483");
INSERT INTO project (project_id,title,start_date,end_date,abstract,funds,evaluator_id,accountable_id,program_id,executive_id,organization_id,evaluation_id) VALUES ("99057","project774", "2018-11-23", "2020-12-3", "Build pressure first avoid carry return. Oil accept voice.", "575944", "49064", "33119", "64336", "19276", "67485", "54416");
INSERT INTO project (project_id,title,start_date,end_date,abstract,funds,evaluator_id,accountable_id,program_id,executive_id,organization_id,evaluation_id) VALUES ("20839","project956", "2022-9-15", "2025-3-4", "Those through attorney. Everyone character rate.", "135030", "27017", "95482", "27649", "61086", "13032", "49614");
INSERT INTO project (project_id,title,start_date,end_date,abstract,funds,evaluator_id,accountable_id,program_id,executive_id,organization_id,evaluation_id) VALUES ("25972","project787", "2021-9-26", "2024-2-15", "Congress station list top high.", "583447", "97817", "73488", "56968", "31974", "63249", "23995");
INSERT INTO project (project_id,title,start_date,end_date,abstract,funds,evaluator_id,accountable_id,program_id,executive_id,organization_id,evaluation_id) VALUES ("89262","project369", "2019-8-15", "2021-7-18", "State very quickly fact customer quite.", "331994", "88155", "42202", "84574", "15234", "27810", "84167");
INSERT INTO project (project_id,title,start_date,end_date,abstract,funds,evaluator_id,accountable_id,program_id,executive_id,organization_id,evaluation_id) VALUES ("20350","project638", "2020-7-13", "2022-11-25", "Worker determine table back because quality even option. Organization movement turn help third describe.", "873258", "85873", "59970", "64336", "31974", "63534", "84051");
INSERT INTO project (project_id,title,start_date,end_date,abstract,funds,evaluator_id,accountable_id,program_id,executive_id,organization_id,evaluation_id) VALUES ("19032","project619", "2021-4-4", "2023-9-23", "Top her thousand. Knowledge wish road fine involve myself.", "700634", "49736", "81175", "91071", "42930", "55918", "87479");
INSERT INTO project (project_id,title,start_date,end_date,abstract,funds,evaluator_id,accountable_id,program_id,executive_id,organization_id,evaluation_id) VALUES ("95836","project581", "2018-3-3", "2020-7-25", "Western various power. Support city summer leader any which bar treatment.", "180461", "25958", "37187", "51375", "33929", "10721", "34600");
INSERT INTO project (project_id,title,start_date,end_date,abstract,funds,evaluator_id,accountable_id,program_id,executive_id,organization_id,evaluation_id) VALUES ("12712","project482", "2019-7-7", "2022-8-4", "Inside impact sort wide lay none.", "841351", "63742", "24098", "39730", "68515", "67485", "93624");
INSERT INTO project (project_id,title,start_date,end_date,abstract,funds,evaluator_id,accountable_id,program_id,executive_id,organization_id,evaluation_id) VALUES ("47410","project380", "2021-5-11", "2023-12-27", "Station camera meeting good tonight population.", "815001", "63260", "17219", "22030", "70447", "36011", "71370");
INSERT INTO project (project_id,title,start_date,end_date,abstract,funds,evaluator_id,accountable_id,program_id,executive_id,organization_id,evaluation_id) VALUES ("77638","project953", "2019-12-2", "2021-11-9", "None game identify behind group future building.", "371200", "10292", "30284", "14179", "78575", "57840", "34143");
INSERT INTO project (project_id,title,start_date,end_date,abstract,funds,evaluator_id,accountable_id,program_id,executive_id,organization_id,evaluation_id) VALUES ("92566","project259", "2018-9-22", "2020-3-25", "Probably pass decade boy science near.", "857129", "44324", "92942", "84574", "87163", "20216", "10539");
INSERT INTO project (project_id,title,start_date,end_date,abstract,funds,evaluator_id,accountable_id,program_id,executive_id,organization_id,evaluation_id) VALUES ("28212","project384", "2018-10-6", "2020-11-21", "Parent second Mr store consumer research.", "640958", "68693", "91710", "49925", "64127", "36011", "95823");
INSERT INTO project (project_id,title,start_date,end_date,abstract,funds,evaluator_id,accountable_id,program_id,executive_id,organization_id,evaluation_id) VALUES ("69490","project443", "2019-12-12", "2022-2-19", "Any know to let produce.", "231675", "25973", "49736", "93452", "58456", "77197", "61744");
INSERT INTO project (project_id,title,start_date,end_date,abstract,funds,evaluator_id,accountable_id,program_id,executive_id,organization_id,evaluation_id) VALUES ("40282","project522", "2019-7-14", "2022-6-22", "Police oil realize.", "125491", "93265", "39240", "47479", "60562", "35337", "11263");
INSERT INTO project (project_id,title,start_date,end_date,abstract,funds,evaluator_id,accountable_id,program_id,executive_id,organization_id,evaluation_id) VALUES ("52432","project184", "2022-9-1", "2024-9-14", "Item parent board stand alone few those. Yet upon about control.", "273296", "94093", "39240", "36919", "97666", "45012", "71370");
INSERT INTO project (project_id,title,start_date,end_date,abstract,funds,evaluator_id,accountable_id,program_id,executive_id,organization_id,evaluation_id) VALUES ("94767","project844", "2022-2-8", "2025-8-9", "These none which ground. Environment interview rise.", "484922", "48575", "46114", "27649", "92921", "68932", "34600");
INSERT INTO project (project_id,title,start_date,end_date,abstract,funds,evaluator_id,accountable_id,program_id,executive_id,organization_id,evaluation_id) VALUES ("64858","project525", "2019-12-11", "2021-2-2", "True environmental such. Gun population participant remain still beat.", "969569", "40371", "44713", "91071", "54670", "55918", "76637");
INSERT INTO project (project_id,title,start_date,end_date,abstract,funds,evaluator_id,accountable_id,program_id,executive_id,organization_id,evaluation_id) VALUES ("48711","project441", "2019-8-17", "2022-4-18", "Magazine worry though medical step for.", "434942", "24437", "81175", "14179", "42466", "76500", "22509");
INSERT INTO project (project_id,title,start_date,end_date,abstract,funds,evaluator_id,accountable_id,program_id,executive_id,organization_id,evaluation_id) VALUES ("18464","project192", "2019-8-28", "2021-11-17", "Example box fish choice view school. Might benefit similar else cultural phone lot quickly.", "161021", "99403", "48903", "36919", "52869", "13032", "42013");
INSERT INTO project (project_id,title,start_date,end_date,abstract,funds,evaluator_id,accountable_id,program_id,executive_id,organization_id,evaluation_id) VALUES ("81303","project435", "2018-11-2", "2021-5-22", "Him whose during trade interest relate. Kind lawyer former effort.", "239948", "49064", "81536", "91071", "30846", "41295", "18465");
INSERT INTO project (project_id,title,start_date,end_date,abstract,funds,evaluator_id,accountable_id,program_id,executive_id,organization_id,evaluation_id) VALUES ("49897","project428", "2020-12-26", "2023-12-17", "Concern forward popular worker church.", "311449", "29203", "81694", "14179", "68015", "11507", "60158");
INSERT INTO project (project_id,title,start_date,end_date,abstract,funds,evaluator_id,accountable_id,program_id,executive_id,organization_id,evaluation_id) VALUES ("50337","project498", "2020-9-5", "2022-8-25", "Final teacher box action together foot.", "544024", "86971", "61607", "31626", "11257", "76500", "87479");
INSERT INTO project (project_id,title,start_date,end_date,abstract,funds,evaluator_id,accountable_id,program_id,executive_id,organization_id,evaluation_id) VALUES ("92948","project586", "2021-3-16", "2024-6-23", "Off lawyer red brother. Team ask candidate Congress.", "458684", "46114", "48903", "39730", "19111", "76500", "84824");
INSERT INTO project (project_id,title,start_date,end_date,abstract,funds,evaluator_id,accountable_id,program_id,executive_id,organization_id,evaluation_id) VALUES ("47067","project820", "2022-11-24", "2024-1-17", "Bag across should particular maybe organization.", "450216", "13267", "48845", "58216", "28059", "57840", "55707");
INSERT INTO project (project_id,title,start_date,end_date,abstract,funds,evaluator_id,accountable_id,program_id,executive_id,organization_id,evaluation_id) VALUES ("68723","project637", "2021-10-7", "2024-4-14", "Long national son class item use. Way and actually thing voice.", "682643", "25958", "49736", "14179", "42930", "63249", "23555");
INSERT INTO project (project_id,title,start_date,end_date,abstract,funds,evaluator_id,accountable_id,program_id,executive_id,organization_id,evaluation_id) VALUES ("30204","project778", "2022-6-19", "2024-1-15", "Somebody activity certainly town member where wonder.", "427880", "28992", "24800", "84278", "15234", "68932", "23555");
INSERT INTO project (project_id,title,start_date,end_date,abstract,funds,evaluator_id,accountable_id,program_id,executive_id,organization_id,evaluation_id) VALUES ("88364","project511", "2019-10-21", "2021-6-7", "Arrive mouth worry work investment tell also authority.", "406942", "67319", "44564", "10041", "54670", "60742", "35305");
INSERT INTO project (project_id,title,start_date,end_date,abstract,funds,evaluator_id,accountable_id,program_id,executive_id,organization_id,evaluation_id) VALUES ("83612","project301", "2018-8-19", "2021-2-19", "Total explain two arm add. Sense plant particular our accept.", "342624", "23635", "72889", "82131", "38692", "11507", "87486");
INSERT INTO project (project_id,title,start_date,end_date,abstract,funds,evaluator_id,accountable_id,program_id,executive_id,organization_id,evaluation_id) VALUES ("10931","project626", "2020-7-7", "2022-9-13", "Citizen second good step.", "633691", "26348", "93476", "93905", "84339", "93763", "75481");
INSERT INTO project (project_id,title,start_date,end_date,abstract,funds,evaluator_id,accountable_id,program_id,executive_id,organization_id,evaluation_id) VALUES ("71838","project323", "2020-9-14", "2023-5-27", "Safe read defense too half condition listen eat. Future a say black store start now.", "388107", "95100", "63797", "39730", "84339", "20216", "67576");
INSERT INTO project (project_id,title,start_date,end_date,abstract,funds,evaluator_id,accountable_id,program_id,executive_id,organization_id,evaluation_id) VALUES ("73138","project505", "2018-4-13", "2021-5-28", "Can make defense authority still than.", "405577", "16895", "44324", "12335", "29196", "13032", "69451");
INSERT INTO project (project_id,title,start_date,end_date,abstract,funds,evaluator_id,accountable_id,program_id,executive_id,organization_id,evaluation_id) VALUES ("25747","project108", "2022-4-11", "2025-7-15", "Hotel they crime admit plan line fight.", "197629", "13024", "52558", "82131", "77087", "90319", "60158");
INSERT INTO project (project_id,title,start_date,end_date,abstract,funds,evaluator_id,accountable_id,program_id,executive_id,organization_id,evaluation_id) VALUES ("25521","project559", "2019-5-9", "2022-7-4", "Drive sense government president somebody same. House relate education to.", "187667", "49851", "42202", "36919", "51132", "93763", "75481");
INSERT INTO project (project_id,title,start_date,end_date,abstract,funds,evaluator_id,accountable_id,program_id,executive_id,organization_id,evaluation_id) VALUES ("28707","project895", "2018-11-16", "2021-9-12", "Safe trip especially she kid camera.", "480376", "85417", "34629", "93452", "70447", "93763", "71370");
INSERT INTO project (project_id,title,start_date,end_date,abstract,funds,evaluator_id,accountable_id,program_id,executive_id,organization_id,evaluation_id) VALUES ("77070","project556", "2020-3-15", "2023-3-13", "Better protect necessary final.", "737018", "44564", "55776", "42455", "60562", "45012", "11511");
INSERT INTO project (project_id,title,start_date,end_date,abstract,funds,evaluator_id,accountable_id,program_id,executive_id,organization_id,evaluation_id) VALUES ("74834","project839", "2021-12-1", "2024-5-14", "Notice ability everybody special can.", "170221", "44129", "44564", "48731", "58456", "41295", "83252");
INSERT INTO project (project_id,title,start_date,end_date,abstract,funds,evaluator_id,accountable_id,program_id,executive_id,organization_id,evaluation_id) VALUES ("40007","project734", "2020-7-11", "2023-6-7", "Tv risk interesting recognize. Right town everyone son.", "163161", "77889", "77889", "58216", "70447", "94426", "43200");
INSERT INTO project (project_id,title,start_date,end_date,abstract,funds,evaluator_id,accountable_id,program_id,executive_id,organization_id,evaluation_id) VALUES ("84971","project927", "2022-7-10", "2024-10-16", "Level share her environment history check.", "175735", "99663", "19425", "39469", "23158", "94426", "73526");
INSERT INTO project (project_id,title,start_date,end_date,abstract,funds,evaluator_id,accountable_id,program_id,executive_id,organization_id,evaluation_id) VALUES ("35097","project322", "2018-8-28", "2020-2-6", "Management base indicate record fact grow stop. Watch perhaps company team occur fire cultural.", "782488", "46114", "97817", "58216", "36510", "11507", "23253");
INSERT INTO project (project_id,title,start_date,end_date,abstract,funds,evaluator_id,accountable_id,program_id,executive_id,organization_id,evaluation_id) VALUES ("74093","project676", "2022-4-28", "2024-8-2", "Write accept miss marriage sister must. Both information he gun assume learn crime ahead.", "500712", "70125", "48640", "23587", "37883", "63249", "31737");
INSERT INTO project (project_id,title,start_date,end_date,abstract,funds,evaluator_id,accountable_id,program_id,executive_id,organization_id,evaluation_id) VALUES ("38015","project285", "2021-11-9", "2024-1-15", "Car skin power perform hard toward arm.", "173297", "59970", "29969", "93905", "97666", "10721", "55707");
INSERT INTO project (project_id,title,start_date,end_date,abstract,funds,evaluator_id,accountable_id,program_id,executive_id,organization_id,evaluation_id) VALUES ("64093","project267", "2020-10-8", "2023-10-5", "Million sit so work we huge.", "365906", "34629", "96158", "22030", "65934", "20216", "25537");
INSERT INTO project (project_id,title,start_date,end_date,abstract,funds,evaluator_id,accountable_id,program_id,executive_id,organization_id,evaluation_id) VALUES ("30049","project517", "2021-4-17", "2023-10-16", "Easy do life best as.", "850526", "48575", "17219", "80717", "51132", "41295", "96419");
INSERT INTO project (project_id,title,start_date,end_date,abstract,funds,evaluator_id,accountable_id,program_id,executive_id,organization_id,evaluation_id) VALUES ("59008","project156", "2022-10-22", "2025-7-25", "Adult expert relate lead sea join late.", "397571", "62321", "52856", "36919", "38635", "63249", "11511");
INSERT INTO project (project_id,title,start_date,end_date,abstract,funds,evaluator_id,accountable_id,program_id,executive_id,organization_id,evaluation_id) VALUES ("37472","project987", "2020-5-4", "2023-12-17", "Daughter international free deep trade on.", "151851", "33572", "31052", "51375", "91266", "93763", "85180");
INSERT INTO project (project_id,title,start_date,end_date,abstract,funds,evaluator_id,accountable_id,program_id,executive_id,organization_id,evaluation_id) VALUES ("79836","project646", "2018-7-22", "2020-1-5", "Name successful foreign.", "445164", "29203", "99403", "96910", "30416", "90319", "14767");
INSERT INTO project (project_id,title,start_date,end_date,abstract,funds,evaluator_id,accountable_id,program_id,executive_id,organization_id,evaluation_id) VALUES ("74561","project973", "2021-12-19", "2023-3-22", "Word executive strategy hope attention.", "901067", "49369", "77889", "47697", "78985", "36011", "96960");
INSERT INTO project (project_id,title,start_date,end_date,abstract,funds,evaluator_id,accountable_id,program_id,executive_id,organization_id,evaluation_id) VALUES ("79073","project793", "2019-6-16", "2022-5-3", "Attention notice try detail figure explain set off.", "390878", "93268", "71527", "96686", "65934", "60742", "11263");
INSERT INTO project (project_id,title,start_date,end_date,abstract,funds,evaluator_id,accountable_id,program_id,executive_id,organization_id,evaluation_id) VALUES ("72549","project365", "2018-10-25", "2020-2-9", "While go high society. Study give name point.", "889759", "26348", "60978", "49925", "28059", "60742", "84051");
INSERT INTO project (project_id,title,start_date,end_date,abstract,funds,evaluator_id,accountable_id,program_id,executive_id,organization_id,evaluation_id) VALUES ("40679","project399", "2020-5-17", "2023-7-9", "Respond threat despite situation.", "989573", "30284", "86971", "49925", "28059", "60742", "53744");
INSERT INTO project (project_id,title,start_date,end_date,abstract,funds,evaluator_id,accountable_id,program_id,executive_id,organization_id,evaluation_id) VALUES ("86473","project719", "2021-8-17", "2024-3-2", "Develop serve tonight black how feel usually none. Military take itself listen.", "435912", "48216", "37465", "29685", "68515", "45012", "55707");
INSERT INTO project (project_id,title,start_date,end_date,abstract,funds,evaluator_id,accountable_id,program_id,executive_id,organization_id,evaluation_id) VALUES ("92202","project418", "2021-3-1", "2023-12-26", "Hit voice her benefit avoid like. Other have threat involve risk race store adult.", "917107", "46431", "38637", "58216", "34948", "77197", "28561");
INSERT INTO project (project_id,title,start_date,end_date,abstract,funds,evaluator_id,accountable_id,program_id,executive_id,organization_id,evaluation_id) VALUES ("18125","project110", "2022-12-3", "2024-10-27", "Quite population order. Soon summer health step.", "615888", "18232", "64653", "84251", "11613", "27810", "31737");
INSERT INTO project (project_id,title,start_date,end_date,abstract,funds,evaluator_id,accountable_id,program_id,executive_id,organization_id,evaluation_id) VALUES ("39771","project449", "2020-12-2", "2023-3-1", "Region hit above ready alone.", "766826", "85873", "48903", "14179", "10573", "14817", "23995");
INSERT INTO project (project_id,title,start_date,end_date,abstract,funds,evaluator_id,accountable_id,program_id,executive_id,organization_id,evaluation_id) VALUES ("98949","project538", "2021-4-21", "2023-2-9", "Let imagine itself someone nor.", "288192", "88615", "34387", "84278", "77087", "57840", "59388");
INSERT INTO project (project_id,title,start_date,end_date,abstract,funds,evaluator_id,accountable_id,program_id,executive_id,organization_id,evaluation_id) VALUES ("27140","project969", "2020-9-13", "2023-8-10", "Be country painting show. Young husband official opportunity fine trade.", "145739", "71527", "65928", "82131", "78575", "77197", "87486");
INSERT INTO project (project_id,title,start_date,end_date,abstract,funds,evaluator_id,accountable_id,program_id,executive_id,organization_id,evaluation_id) VALUES ("63493","project278", "2022-5-19", "2025-10-27", "Still industry get himself again. Start machine discover forget create medical.", "186430", "63742", "81175", "78195", "84339", "41295", "31737");
INSERT INTO project (project_id,title,start_date,end_date,abstract,funds,evaluator_id,accountable_id,program_id,executive_id,organization_id,evaluation_id) VALUES ("78709","project576", "2020-8-16", "2023-8-15", "Very put grow.", "601549", "72889", "18232", "31626", "84339", "76500", "84051");
INSERT INTO project (project_id,title,start_date,end_date,abstract,funds,evaluator_id,accountable_id,program_id,executive_id,organization_id,evaluation_id) VALUES ("55425","project387", "2022-11-1", "2025-2-3", "Ever blue share build magazine. The hear each seat look.", "131123", "37465", "52752", "23587", "89694", "12330", "95823");
INSERT INTO project (project_id,title,start_date,end_date,abstract,funds,evaluator_id,accountable_id,program_id,executive_id,organization_id,evaluation_id) VALUES ("91807","project742", "2018-2-20", "2020-7-3", "Method heart drive indicate myself order one.", "681782", "24132", "61607", "56968", "58644", "21307", "71370");
INSERT INTO project (project_id,title,start_date,end_date,abstract,funds,evaluator_id,accountable_id,program_id,executive_id,organization_id,evaluation_id) VALUES ("68338","project408", "2018-6-11", "2021-3-21", "Perform identify wonder fight expect market eat. Everything fall section serious central type.", "624456", "62227", "47980", "82131", "12172", "76500", "35305");
INSERT INTO project (project_id,title,start_date,end_date,abstract,funds,evaluator_id,accountable_id,program_id,executive_id,organization_id,evaluation_id) VALUES ("12117","project246", "2019-4-4", "2022-12-26", "Scientist concern scene behavior.", "618456", "48640", "52856", "51375", "58644", "11507", "42451");
INSERT INTO project (project_id,title,start_date,end_date,abstract,funds,evaluator_id,accountable_id,program_id,executive_id,organization_id,evaluation_id) VALUES ("61885","project859", "2019-4-3", "2021-6-1", "Could actually civil subject happy current place field.", "240912", "86971", "99417", "29685", "30725", "35337", "51244");
INSERT INTO project (project_id,title,start_date,end_date,abstract,funds,evaluator_id,accountable_id,program_id,executive_id,organization_id,evaluation_id) VALUES ("20666","project875", "2018-9-23", "2020-6-25", "Truth ten read time. Increase there throw buy six back.", "845393", "86971", "58188", "78195", "58644", "10721", "72639");
INSERT INTO project (project_id,title,start_date,end_date,abstract,funds,evaluator_id,accountable_id,program_id,executive_id,organization_id,evaluation_id) VALUES ("45595","project651", "2018-10-23", "2020-7-21", "People somebody office manage show.", "130410", "42430", "48903", "39730", "42930", "41295", "72639");
INSERT INTO project (project_id,title,start_date,end_date,abstract,funds,evaluator_id,accountable_id,program_id,executive_id,organization_id,evaluation_id) VALUES ("26669","project118", "2020-10-2", "2023-10-16", "Training accept seek style health. Evening finish like defense happy.", "911674", "49883", "98610", "86566", "51132", "94426", "58642");
INSERT INTO project (project_id,title,start_date,end_date,abstract,funds,evaluator_id,accountable_id,program_id,executive_id,organization_id,evaluation_id) VALUES ("79184","project488", "2021-10-16", "2024-11-24", "Source try share how. This how they think marriage.", "523830", "52086", "18202", "58216", "78985", "27810", "66153");
INSERT INTO project (project_id,title,start_date,end_date,abstract,funds,evaluator_id,accountable_id,program_id,executive_id,organization_id,evaluation_id) VALUES ("12261","project163", "2022-11-19", "2024-3-27", "Rock note ok that especially choose kind.", "431759", "17219", "53692", "81026", "30811", "35337", "22824");
INSERT INTO project (project_id,title,start_date,end_date,abstract,funds,evaluator_id,accountable_id,program_id,executive_id,organization_id,evaluation_id) VALUES ("62493","project840", "2020-11-2", "2022-10-25", "Provide deal some expect the Mrs with collection. Condition week visit sense.", "714353", "29635", "81536", "78195", "68395", "90319", "46975");
INSERT INTO project (project_id,title,start_date,end_date,abstract,funds,evaluator_id,accountable_id,program_id,executive_id,organization_id,evaluation_id) VALUES ("99003","project180", "2020-3-10", "2022-7-26", "Talk seat town identify notice party. Travel if audience around.", "256104", "25958", "40951", "47479", "15234", "84532", "60833");
INSERT INTO project (project_id,title,start_date,end_date,abstract,funds,evaluator_id,accountable_id,program_id,executive_id,organization_id,evaluation_id) VALUES ("37942","project157", "2022-12-20", "2025-8-12", "Opportunity well although why majority thousand. It girl work travel term think agreement.", "501277", "81175", "99417", "49925", "36510", "77197", "46336");

-- phone_number 
INSERT INTO phone_number (organization_id,phone) VALUES ("60742","7132679489");
INSERT INTO phone_number (organization_id,phone) VALUES ("36011","6730124138");
INSERT INTO phone_number (organization_id,phone) VALUES ("36011","6427954815");
INSERT INTO phone_number (organization_id,phone) VALUES ("76500","8834724098");
INSERT INTO phone_number (organization_id,phone) VALUES ("63249","4401814910");
INSERT INTO phone_number (organization_id,phone) VALUES ("77197","4436818072");
INSERT INTO phone_number (organization_id,phone) VALUES ("57840","4266894706");
INSERT INTO phone_number (organization_id,phone) VALUES ("13032","2053304122");
INSERT INTO phone_number (organization_id,phone) VALUES ("57840","1429523072");
INSERT INTO phone_number (organization_id,phone) VALUES ("58451","7132062282");
INSERT INTO phone_number (organization_id,phone) VALUES ("35337","5008773930");
INSERT INTO phone_number (organization_id,phone) VALUES ("10568","1905562669");
INSERT INTO phone_number (organization_id,phone) VALUES ("46551","4584976582");
INSERT INTO phone_number (organization_id,phone) VALUES ("12330","6978437422");
INSERT INTO phone_number (organization_id,phone) VALUES ("41295","4835530091");
INSERT INTO phone_number (organization_id,phone) VALUES ("39670","9916662667");
INSERT INTO phone_number (organization_id,phone) VALUES ("27810","8845722845");
INSERT INTO phone_number (organization_id,phone) VALUES ("11507","7179992786");
INSERT INTO phone_number (organization_id,phone) VALUES ("57840","2323359135");
INSERT INTO phone_number (organization_id,phone) VALUES ("46551","9370760882");
INSERT INTO phone_number (organization_id,phone) VALUES ("21307","2798809787");
INSERT INTO phone_number (organization_id,phone) VALUES ("39670","9429955999");
INSERT INTO phone_number (organization_id,phone) VALUES ("39670","4470023615");
INSERT INTO phone_number (organization_id,phone) VALUES ("11507","7182401187");
INSERT INTO phone_number (organization_id,phone) VALUES ("49947","9244053674");
INSERT INTO phone_number (organization_id,phone) VALUES ("93763","2927953276");
INSERT INTO phone_number (organization_id,phone) VALUES ("10568","7798864340");
INSERT INTO phone_number (organization_id,phone) VALUES ("36011","8188412034");
INSERT INTO phone_number (organization_id,phone) VALUES ("35337","2342762238");
INSERT INTO phone_number (organization_id,phone) VALUES ("67485","5036380659");

-- works_on_project 
INSERT INTO works_on_project (project_id,researcher_id) VALUES ("43832","24437");
INSERT INTO works_on_project (project_id,researcher_id) VALUES ("46978","42202");
INSERT INTO works_on_project (project_id,researcher_id) VALUES ("67349","79238");
INSERT INTO works_on_project (project_id,researcher_id) VALUES ("52900","94093");
INSERT INTO works_on_project (project_id,researcher_id) VALUES ("51677","28992");
INSERT INTO works_on_project (project_id,researcher_id) VALUES ("36782","99942");
INSERT INTO works_on_project (project_id,researcher_id) VALUES ("30377","42430");
INSERT INTO works_on_project (project_id,researcher_id) VALUES ("53833","92070");
INSERT INTO works_on_project (project_id,researcher_id) VALUES ("79843","36209");
INSERT INTO works_on_project (project_id,researcher_id) VALUES ("22347","26348");
INSERT INTO works_on_project (project_id,researcher_id) VALUES ("39760","71148");
INSERT INTO works_on_project (project_id,researcher_id) VALUES ("71314","74131");
INSERT INTO works_on_project (project_id,researcher_id) VALUES ("55854","48845");
INSERT INTO works_on_project (project_id,researcher_id) VALUES ("94558","44324");
INSERT INTO works_on_project (project_id,researcher_id) VALUES ("62025","63797");
INSERT INTO works_on_project (project_id,researcher_id) VALUES ("28108","97094");
INSERT INTO works_on_project (project_id,researcher_id) VALUES ("92372","13267");
INSERT INTO works_on_project (project_id,researcher_id) VALUES ("65952","44564");
INSERT INTO works_on_project (project_id,researcher_id) VALUES ("71333","85873");
INSERT INTO works_on_project (project_id,researcher_id) VALUES ("94264","16895");
INSERT INTO works_on_project (project_id,researcher_id) VALUES ("52817","17217");
INSERT INTO works_on_project (project_id,researcher_id) VALUES ("53394","42650");
INSERT INTO works_on_project (project_id,researcher_id) VALUES ("99351","91710");
INSERT INTO works_on_project (project_id,researcher_id) VALUES ("55367","98652");
INSERT INTO works_on_project (project_id,researcher_id) VALUES ("13863","97159");
INSERT INTO works_on_project (project_id,researcher_id) VALUES ("56015","80699");
INSERT INTO works_on_project (project_id,researcher_id) VALUES ("78063","62321");

INSERT INTO works_on_project (project_id,researcher_id) VALUES ("52364","62213");
INSERT INTO works_on_project (project_id,researcher_id) VALUES ("99057","63742");
INSERT INTO works_on_project (project_id,researcher_id) VALUES ("20839","61607");
INSERT INTO works_on_project (project_id,researcher_id) VALUES ("25972","24098");
INSERT INTO works_on_project (project_id,researcher_id) VALUES ("89262","31052");
INSERT INTO works_on_project (project_id,researcher_id) VALUES ("20350","92481");
INSERT INTO works_on_project (project_id,researcher_id) VALUES ("19032","98610");
INSERT INTO works_on_project (project_id,researcher_id) VALUES ("95836","46114");
INSERT INTO works_on_project (project_id,researcher_id) VALUES ("12712","48640");
INSERT INTO works_on_project (project_id,researcher_id) VALUES ("47410","83933");
INSERT INTO works_on_project (project_id,researcher_id) VALUES ("77638","18906");
INSERT INTO works_on_project (project_id,researcher_id) VALUES ("92566","92027");
INSERT INTO works_on_project (project_id,researcher_id) VALUES ("28212","81694");
INSERT INTO works_on_project (project_id,researcher_id) VALUES ("69490","70125");
INSERT INTO works_on_project (project_id,researcher_id) VALUES ("40282","44713");
INSERT INTO works_on_project (project_id,researcher_id) VALUES ("52432","40091");
INSERT INTO works_on_project (project_id,researcher_id) VALUES ("94767","70427");
INSERT INTO works_on_project (project_id,researcher_id) VALUES ("64858","16463");
INSERT INTO works_on_project (project_id,researcher_id) VALUES ("48711","90949");
INSERT INTO works_on_project (project_id,researcher_id) VALUES ("18464","57538");
INSERT INTO works_on_project (project_id,researcher_id) VALUES ("81303","18202");
INSERT INTO works_on_project (project_id,researcher_id) VALUES ("49897","68661");
INSERT INTO works_on_project (project_id,researcher_id) VALUES ("50337","71527");
INSERT INTO works_on_project (project_id,researcher_id) VALUES ("92948","30705");
INSERT INTO works_on_project (project_id,researcher_id) VALUES ("47067","28877");
INSERT INTO works_on_project (project_id,researcher_id) VALUES ("68723","97817");
INSERT INTO works_on_project (project_id,researcher_id) VALUES ("30204","35347");
INSERT INTO works_on_project (project_id,researcher_id) VALUES ("88364","50761");
INSERT INTO works_on_project (project_id,researcher_id) VALUES ("83612","38555");
INSERT INTO works_on_project (project_id,researcher_id) VALUES ("10931","13024");
INSERT INTO works_on_project (project_id,researcher_id) VALUES ("71838","47980");
INSERT INTO works_on_project (project_id,researcher_id) VALUES ("73138","95420");
INSERT INTO works_on_project (project_id,researcher_id) VALUES ("25747","96758");
INSERT INTO works_on_project (project_id,researcher_id) VALUES ("25521","19425");
INSERT INTO works_on_project (project_id,researcher_id) VALUES ("28707","91529");
INSERT INTO works_on_project (project_id,researcher_id) VALUES ("77070","63260");
INSERT INTO works_on_project (project_id,researcher_id) VALUES ("74834","29635");
INSERT INTO works_on_project (project_id,researcher_id) VALUES ("40007","81060");
INSERT INTO works_on_project (project_id,researcher_id) VALUES ("84971","73488");
INSERT INTO works_on_project (project_id,researcher_id) VALUES ("35097","12741");
INSERT INTO works_on_project (project_id,researcher_id) VALUES ("74093","79325");
INSERT INTO works_on_project (project_id,researcher_id) VALUES ("38015","97402");
INSERT INTO works_on_project (project_id,researcher_id) VALUES ("64093","98446");
INSERT INTO works_on_project (project_id,researcher_id) VALUES ("30049","85567");
INSERT INTO works_on_project (project_id,researcher_id) VALUES ("37472","77889");
INSERT INTO works_on_project (project_id,researcher_id) VALUES ("79836","79601");
INSERT INTO works_on_project (project_id,researcher_id) VALUES ("74561","17219");
INSERT INTO works_on_project (project_id,researcher_id) VALUES ("79073","38637");
INSERT INTO works_on_project (project_id,researcher_id) VALUES ("72549","37596");
INSERT INTO works_on_project (project_id,researcher_id) VALUES ("40679","93476");
INSERT INTO works_on_project (project_id,researcher_id) VALUES ("86473","95902");
INSERT INTO works_on_project (project_id,researcher_id) VALUES ("92202","41154");
INSERT INTO works_on_project (project_id,researcher_id) VALUES ("18125","46369");
INSERT INTO works_on_project (project_id,researcher_id) VALUES ("39771","81509");
INSERT INTO works_on_project (project_id,researcher_id) VALUES ("98949","68693");
INSERT INTO works_on_project (project_id,researcher_id) VALUES ("27140","79028");
INSERT INTO works_on_project (project_id,researcher_id) VALUES ("63493","24787");
INSERT INTO works_on_project (project_id,researcher_id) VALUES ("78709","29203");
INSERT INTO works_on_project (project_id,researcher_id) VALUES ("55425","33119");
INSERT INTO works_on_project (project_id,researcher_id) VALUES ("91807","85417");
INSERT INTO works_on_project (project_id,researcher_id) VALUES ("68338","77542");
INSERT INTO works_on_project (project_id,researcher_id) VALUES ("12117","82459");
INSERT INTO works_on_project (project_id,researcher_id) VALUES ("61885","52856");
INSERT INTO works_on_project (project_id,researcher_id) VALUES ("20666","15887");
INSERT INTO works_on_project (project_id,researcher_id) VALUES ("45595","48903");
INSERT INTO works_on_project (project_id,researcher_id) VALUES ("26669","25973");
INSERT INTO works_on_project (project_id,researcher_id) VALUES ("79184","22834");
INSERT INTO works_on_project (project_id,researcher_id) VALUES ("12261","89203");
INSERT INTO works_on_project (project_id,researcher_id) VALUES ("62493","57911");
INSERT INTO works_on_project (project_id,researcher_id) VALUES ("99003","48216");
INSERT INTO works_on_project (project_id,researcher_id) VALUES ("37942","39489");
INSERT INTO works_on_project (project_id,researcher_id) VALUES ("37472","29969");
INSERT INTO works_on_project (project_id,researcher_id) VALUES ("61885","96158");
INSERT INTO works_on_project (project_id,researcher_id) VALUES ("37942","49064");
INSERT INTO works_on_project (project_id,researcher_id) VALUES ("99057","52063");
INSERT INTO works_on_project (project_id,researcher_id) VALUES ("77070","46431");
INSERT INTO works_on_project (project_id,researcher_id) VALUES ("10931","66196");
INSERT INTO works_on_project (project_id,researcher_id) VALUES ("26669","18232");
INSERT INTO works_on_project (project_id,researcher_id) VALUES ("95836","59818");
INSERT INTO works_on_project (project_id,researcher_id) VALUES ("51677","55776");
INSERT INTO works_on_project (project_id,researcher_id) VALUES ("47410","72889");
INSERT INTO works_on_project (project_id,researcher_id) VALUES ("91807","89271");
INSERT INTO works_on_project (project_id,researcher_id) VALUES ("56015","11865");
INSERT INTO works_on_project (project_id,researcher_id) VALUES ("55854","21745");
INSERT INTO works_on_project (project_id,researcher_id) VALUES ("47410","30284");
INSERT INTO works_on_project (project_id,researcher_id) VALUES ("79184","35787");
INSERT INTO works_on_project (project_id,researcher_id) VALUES ("40679","25958");
INSERT INTO works_on_project (project_id,researcher_id) VALUES ("35097","67319");
INSERT INTO works_on_project (project_id,researcher_id) VALUES ("51677","88155");
INSERT INTO works_on_project (project_id,researcher_id) VALUES ("49897","95100");
INSERT INTO works_on_project (project_id,researcher_id) VALUES ("79184","13557");
INSERT INTO works_on_project (project_id,researcher_id) VALUES ("79843","58590");
INSERT INTO works_on_project (project_id,researcher_id) VALUES ("64858","74055");
INSERT INTO works_on_project (project_id,researcher_id) VALUES ("91807","46022");
INSERT INTO works_on_project (project_id,researcher_id) VALUES ("28212","67640");
INSERT INTO works_on_project (project_id,researcher_id) VALUES ("20350","33572");
INSERT INTO works_on_project (project_id,researcher_id) VALUES ("56015","98702");
INSERT INTO works_on_project (project_id,researcher_id) VALUES ("55367","10292");
INSERT INTO works_on_project (project_id,researcher_id) VALUES ("37472","40951");
INSERT INTO works_on_project (project_id,researcher_id) VALUES ("69490","50255");
INSERT INTO works_on_project (project_id,researcher_id) VALUES ("79843","48536");
INSERT INTO works_on_project (project_id,researcher_id) VALUES ("52364","83120");
INSERT INTO works_on_project (project_id,researcher_id) VALUES ("47067","62227");
INSERT INTO works_on_project (project_id,researcher_id) VALUES ("36782","24132");
INSERT INTO works_on_project (project_id,researcher_id) VALUES ("94767","53692");
INSERT INTO works_on_project (project_id,researcher_id) VALUES ("40679","16230");
INSERT INTO works_on_project (project_id,researcher_id) VALUES ("52900","63269");
INSERT INTO works_on_project (project_id,researcher_id) VALUES ("46978","51063");
INSERT INTO works_on_project (project_id,researcher_id) VALUES ("79843","38062");
INSERT INTO works_on_project (project_id,researcher_id) VALUES ("25747","12078");
INSERT INTO works_on_project (project_id,researcher_id) VALUES ("30377","93268");
INSERT INTO works_on_project (project_id,researcher_id) VALUES ("69490","24699");
INSERT INTO works_on_project (project_id,researcher_id) VALUES ("28212","88615");
INSERT INTO works_on_project (project_id,researcher_id) VALUES ("69490","49369");
INSERT INTO works_on_project (project_id,researcher_id) VALUES ("77638","12437");
INSERT INTO works_on_project (project_id,researcher_id) VALUES ("91807","64653");
INSERT INTO works_on_project (project_id,researcher_id) VALUES ("88364","49851");
INSERT INTO works_on_project (project_id,researcher_id) VALUES ("74561","76924");
INSERT INTO works_on_project (project_id,researcher_id) VALUES ("69490","44129");
INSERT INTO works_on_project (project_id,researcher_id) VALUES ("39771","93265");
INSERT INTO works_on_project (project_id,researcher_id) VALUES ("38015","20843");
INSERT INTO works_on_project (project_id,researcher_id) VALUES ("88364","81536");
INSERT INTO works_on_project (project_id,researcher_id) VALUES ("55425","34629");
INSERT INTO works_on_project (project_id,researcher_id) VALUES ("37942","99663");
INSERT INTO works_on_project (project_id,researcher_id) VALUES ("99003","96075");
INSERT INTO works_on_project (project_id,researcher_id) VALUES ("39771","57689");
INSERT INTO works_on_project (project_id,researcher_id) VALUES ("47067","52558");
INSERT INTO works_on_project (project_id,researcher_id) VALUES ("91807","84556");
INSERT INTO works_on_project (project_id,researcher_id) VALUES ("38015","48575");
INSERT INTO works_on_project (project_id,researcher_id) VALUES ("94767","49736");
INSERT INTO works_on_project (project_id,researcher_id) VALUES ("95836","92942");
INSERT INTO works_on_project (project_id,researcher_id) VALUES ("94767","72566");
INSERT INTO works_on_project (project_id,researcher_id) VALUES ("46978","99417");
INSERT INTO works_on_project (project_id,researcher_id) VALUES ("51677","60978");
INSERT INTO works_on_project (project_id,researcher_id) VALUES ("30377","56550");
INSERT INTO works_on_project (project_id,researcher_id) VALUES ("99003","75708");
INSERT INTO works_on_project (project_id,researcher_id) VALUES ("51677","74831");
INSERT INTO works_on_project (project_id,researcher_id) VALUES ("46978","24800");
INSERT INTO works_on_project (project_id,researcher_id) VALUES ("55425","23635");
INSERT INTO works_on_project (project_id,researcher_id) VALUES ("55425","48545");
INSERT INTO works_on_project (project_id,researcher_id) VALUES ("47067","52086");
INSERT INTO works_on_project (project_id,researcher_id) VALUES ("98949","81933");
INSERT INTO works_on_project (project_id,researcher_id) VALUES ("46978","79597");
INSERT INTO works_on_project (project_id,researcher_id) VALUES ("77638","96019");
INSERT INTO works_on_project (project_id,researcher_id) VALUES ("95836","37465");
INSERT INTO works_on_project (project_id,researcher_id) VALUES ("51677","52752");
INSERT INTO works_on_project (project_id,researcher_id) VALUES ("98949","95482");
INSERT INTO works_on_project (project_id,researcher_id) VALUES ("39771","74906");
INSERT INTO works_on_project (project_id,researcher_id) VALUES ("77638","34387");
INSERT INTO works_on_project (project_id,researcher_id) VALUES ("20350","39240");
INSERT INTO works_on_project (project_id,researcher_id) VALUES ("79843","40371");
INSERT INTO works_on_project (project_id,researcher_id) VALUES ("91807","76145");
INSERT INTO works_on_project (project_id,researcher_id) VALUES ("79843","78123");
INSERT INTO works_on_project (project_id,researcher_id) VALUES ("20350","49883");
INSERT INTO works_on_project (project_id,researcher_id) VALUES ("20350","87818");
INSERT INTO works_on_project (project_id,researcher_id) VALUES ("39771","59970");
INSERT INTO works_on_project (project_id,researcher_id) VALUES ("91807","44862");
INSERT INTO works_on_project (project_id,researcher_id) VALUES ("39771","86971");
INSERT INTO works_on_project (project_id,researcher_id) VALUES ("39771","87123");
INSERT INTO works_on_project (project_id,researcher_id) VALUES ("91807","17149");
INSERT INTO works_on_project (project_id,researcher_id) VALUES ("39771","41884");
INSERT INTO works_on_project (project_id,researcher_id) VALUES ("91807","12054");
INSERT INTO works_on_project (project_id,researcher_id) VALUES ("39771","15207");
INSERT INTO works_on_project (project_id,researcher_id) VALUES ("91807","67105");
INSERT INTO works_on_project (project_id,researcher_id) VALUES ("91807","74585");
INSERT INTO works_on_project (project_id,researcher_id) VALUES ("39771","65928");
INSERT INTO works_on_project (project_id,researcher_id) VALUES ("39771","79570");
INSERT INTO works_on_project (project_id,researcher_id) VALUES ("39771","99403");

-- scientific_field_project 
INSERT INTO scientific_field_project (scfield_id,project_id) VALUES ("44622","43832");
INSERT INTO scientific_field_project (scfield_id,project_id) VALUES ("87537","43832");
INSERT INTO scientific_field_project (scfield_id,project_id) VALUES ("96125","43832");
INSERT INTO scientific_field_project (scfield_id,project_id) VALUES ("86784","43832");
INSERT INTO scientific_field_project (scfield_id,project_id) VALUES ("22061","46978");
INSERT INTO scientific_field_project (scfield_id,project_id) VALUES ("44622","46978");
INSERT INTO scientific_field_project (scfield_id,project_id) VALUES ("81525","67349");
INSERT INTO scientific_field_project (scfield_id,project_id) VALUES ("34316","67349");
INSERT INTO scientific_field_project (scfield_id,project_id) VALUES ("22061","67349");
INSERT INTO scientific_field_project (scfield_id,project_id) VALUES ("87537","52900");
INSERT INTO scientific_field_project (scfield_id,project_id) VALUES ("86784","52900");
INSERT INTO scientific_field_project (scfield_id,project_id) VALUES ("22061","52900");
INSERT INTO scientific_field_project (scfield_id,project_id) VALUES ("96125","52900");
INSERT INTO scientific_field_project (scfield_id,project_id) VALUES ("25610","51677");
INSERT INTO scientific_field_project (scfield_id,project_id) VALUES ("22061","36782");
INSERT INTO scientific_field_project (scfield_id,project_id) VALUES ("22061","30377");
INSERT INTO scientific_field_project (scfield_id,project_id) VALUES ("81525","30377");
INSERT INTO scientific_field_project (scfield_id,project_id) VALUES ("96125","53833");
INSERT INTO scientific_field_project (scfield_id,project_id) VALUES ("34316","53833");
INSERT INTO scientific_field_project (scfield_id,project_id) VALUES ("22061","79843");
INSERT INTO scientific_field_project (scfield_id,project_id) VALUES ("33498","22347");
INSERT INTO scientific_field_project (scfield_id,project_id) VALUES ("87537","22347");
INSERT INTO scientific_field_project (scfield_id,project_id) VALUES ("34316","22347");
INSERT INTO scientific_field_project (scfield_id,project_id) VALUES ("86784","22347");
INSERT INTO scientific_field_project (scfield_id,project_id) VALUES ("44622","39760");
INSERT INTO scientific_field_project (scfield_id,project_id) VALUES ("23496","39760");
INSERT INTO scientific_field_project (scfield_id,project_id) VALUES ("34316","39760");
INSERT INTO scientific_field_project (scfield_id,project_id) VALUES ("81525","71314");
INSERT INTO scientific_field_project (scfield_id,project_id) VALUES ("23496","71314");
INSERT INTO scientific_field_project (scfield_id,project_id) VALUES ("87537","71314");
INSERT INTO scientific_field_project (scfield_id,project_id) VALUES ("86784","71314");
INSERT INTO scientific_field_project (scfield_id,project_id) VALUES ("87537","55854");
INSERT INTO scientific_field_project (scfield_id,project_id) VALUES ("23496","55854");
INSERT INTO scientific_field_project (scfield_id,project_id) VALUES ("33498","55854");
INSERT INTO scientific_field_project (scfield_id,project_id) VALUES ("86784","94558");
INSERT INTO scientific_field_project (scfield_id,project_id) VALUES ("44622","62025");
INSERT INTO scientific_field_project (scfield_id,project_id) VALUES ("96125","62025");
INSERT INTO scientific_field_project (scfield_id,project_id) VALUES ("23496","62025");
INSERT INTO scientific_field_project (scfield_id,project_id) VALUES ("25610","62025");
INSERT INTO scientific_field_project (scfield_id,project_id) VALUES ("81525","28108");
INSERT INTO scientific_field_project (scfield_id,project_id) VALUES ("34316","92372");
INSERT INTO scientific_field_project (scfield_id,project_id) VALUES ("44622","92372");
INSERT INTO scientific_field_project (scfield_id,project_id) VALUES ("81525","92372");
INSERT INTO scientific_field_project (scfield_id,project_id) VALUES ("23496","65952");
INSERT INTO scientific_field_project (scfield_id,project_id) VALUES ("44622","65952");
INSERT INTO scientific_field_project (scfield_id,project_id) VALUES ("23496","71333");
INSERT INTO scientific_field_project (scfield_id,project_id) VALUES ("44622","94264");
INSERT INTO scientific_field_project (scfield_id,project_id) VALUES ("23496","52817");
INSERT INTO scientific_field_project (scfield_id,project_id) VALUES ("44622","53394");
INSERT INTO scientific_field_project (scfield_id,project_id) VALUES ("96125","53394");
INSERT INTO scientific_field_project (scfield_id,project_id) VALUES ("33498","53394");
INSERT INTO scientific_field_project (scfield_id,project_id) VALUES ("34316","99351");
INSERT INTO scientific_field_project (scfield_id,project_id) VALUES ("33498","55367");
INSERT INTO scientific_field_project (scfield_id,project_id) VALUES ("81525","55367");
INSERT INTO scientific_field_project (scfield_id,project_id) VALUES ("23496","55367");
INSERT INTO scientific_field_project (scfield_id,project_id) VALUES ("25610","55367");
INSERT INTO scientific_field_project (scfield_id,project_id) VALUES ("86784","13863");
INSERT INTO scientific_field_project (scfield_id,project_id) VALUES ("87537","13863");
INSERT INTO scientific_field_project (scfield_id,project_id) VALUES ("34316","13863");
INSERT INTO scientific_field_project (scfield_id,project_id) VALUES ("22061","13863");
INSERT INTO scientific_field_project (scfield_id,project_id) VALUES ("81525","56015");
INSERT INTO scientific_field_project (scfield_id,project_id) VALUES ("86784","56015");
INSERT INTO scientific_field_project (scfield_id,project_id) VALUES ("87537","56015");
INSERT INTO scientific_field_project (scfield_id,project_id) VALUES ("96125","56015");
INSERT INTO scientific_field_project (scfield_id,project_id) VALUES ("34316","78063");
INSERT INTO scientific_field_project (scfield_id,project_id) VALUES ("87537","78063");
INSERT INTO scientific_field_project (scfield_id,project_id) VALUES ("25610","78063");
INSERT INTO scientific_field_project (scfield_id,project_id) VALUES ("44622","33277");
INSERT INTO scientific_field_project (scfield_id,project_id) VALUES ("87537","52364");
INSERT INTO scientific_field_project (scfield_id,project_id) VALUES ("44622","52364");
INSERT INTO scientific_field_project (scfield_id,project_id) VALUES ("33498","52364");
INSERT INTO scientific_field_project (scfield_id,project_id) VALUES ("44622","99057");
INSERT INTO scientific_field_project (scfield_id,project_id) VALUES ("96125","20839");
INSERT INTO scientific_field_project (scfield_id,project_id) VALUES ("33498","20839");
INSERT INTO scientific_field_project (scfield_id,project_id) VALUES ("81525","20839");
INSERT INTO scientific_field_project (scfield_id,project_id) VALUES ("33498","25972");
INSERT INTO scientific_field_project (scfield_id,project_id) VALUES ("25610","25972");
INSERT INTO scientific_field_project (scfield_id,project_id) VALUES ("44622","25972");
INSERT INTO scientific_field_project (scfield_id,project_id) VALUES ("34316","25972");
INSERT INTO scientific_field_project (scfield_id,project_id) VALUES ("81525","89262");
INSERT INTO scientific_field_project (scfield_id,project_id) VALUES ("96125","20350");
INSERT INTO scientific_field_project (scfield_id,project_id) VALUES ("86784","20350");
INSERT INTO scientific_field_project (scfield_id,project_id) VALUES ("96125","19032");
INSERT INTO scientific_field_project (scfield_id,project_id) VALUES ("33498","19032");
INSERT INTO scientific_field_project (scfield_id,project_id) VALUES ("81525","19032");
INSERT INTO scientific_field_project (scfield_id,project_id) VALUES ("25610","19032");
INSERT INTO scientific_field_project (scfield_id,project_id) VALUES ("22061","95836");
INSERT INTO scientific_field_project (scfield_id,project_id) VALUES ("81525","12712");
INSERT INTO scientific_field_project (scfield_id,project_id) VALUES ("25610","47410");
INSERT INTO scientific_field_project (scfield_id,project_id) VALUES ("87537","47410");
INSERT INTO scientific_field_project (scfield_id,project_id) VALUES ("81525","47410");
INSERT INTO scientific_field_project (scfield_id,project_id) VALUES ("44622","47410");
INSERT INTO scientific_field_project (scfield_id,project_id) VALUES ("44622","77638");
INSERT INTO scientific_field_project (scfield_id,project_id) VALUES ("22061","77638");
INSERT INTO scientific_field_project (scfield_id,project_id) VALUES ("33498","77638");
INSERT INTO scientific_field_project (scfield_id,project_id) VALUES ("86784","92566");
INSERT INTO scientific_field_project (scfield_id,project_id) VALUES ("25610","92566");
INSERT INTO scientific_field_project (scfield_id,project_id) VALUES ("87537","92566");
INSERT INTO scientific_field_project (scfield_id,project_id) VALUES ("22061","92566");
INSERT INTO scientific_field_project (scfield_id,project_id) VALUES ("44622","28212");
INSERT INTO scientific_field_project (scfield_id,project_id) VALUES ("22061","28212");
INSERT INTO scientific_field_project (scfield_id,project_id) VALUES ("23496","28212");
INSERT INTO scientific_field_project (scfield_id,project_id) VALUES ("33498","69490");
INSERT INTO scientific_field_project (scfield_id,project_id) VALUES ("96125","69490");
INSERT INTO scientific_field_project (scfield_id,project_id) VALUES ("25610","69490");
INSERT INTO scientific_field_project (scfield_id,project_id) VALUES ("81525","40282");
INSERT INTO scientific_field_project (scfield_id,project_id) VALUES ("23496","40282");
INSERT INTO scientific_field_project (scfield_id,project_id) VALUES ("96125","40282");
INSERT INTO scientific_field_project (scfield_id,project_id) VALUES ("96125","52432");
INSERT INTO scientific_field_project (scfield_id,project_id) VALUES ("34316","52432");
INSERT INTO scientific_field_project (scfield_id,project_id) VALUES ("87537","52432");
INSERT INTO scientific_field_project (scfield_id,project_id) VALUES ("23496","94767");
INSERT INTO scientific_field_project (scfield_id,project_id) VALUES ("87537","94767");
INSERT INTO scientific_field_project (scfield_id,project_id) VALUES ("96125","94767");
INSERT INTO scientific_field_project (scfield_id,project_id) VALUES ("86784","64858");
INSERT INTO scientific_field_project (scfield_id,project_id) VALUES ("86784","48711");
INSERT INTO scientific_field_project (scfield_id,project_id) VALUES ("96125","48711");
INSERT INTO scientific_field_project (scfield_id,project_id) VALUES ("86784","18464");
INSERT INTO scientific_field_project (scfield_id,project_id) VALUES ("44622","18464");
INSERT INTO scientific_field_project (scfield_id,project_id) VALUES ("22061","18464");
INSERT INTO scientific_field_project (scfield_id,project_id) VALUES ("22061","81303");
INSERT INTO scientific_field_project (scfield_id,project_id) VALUES ("33498","81303");
INSERT INTO scientific_field_project (scfield_id,project_id) VALUES ("34316","81303");
INSERT INTO scientific_field_project (scfield_id,project_id) VALUES ("86784","81303");
INSERT INTO scientific_field_project (scfield_id,project_id) VALUES ("23496","49897");
INSERT INTO scientific_field_project (scfield_id,project_id) VALUES ("87537","49897");
INSERT INTO scientific_field_project (scfield_id,project_id) VALUES ("44622","50337");
INSERT INTO scientific_field_project (scfield_id,project_id) VALUES ("34316","92948");
INSERT INTO scientific_field_project (scfield_id,project_id) VALUES ("96125","92948");
INSERT INTO scientific_field_project (scfield_id,project_id) VALUES ("25610","92948");
INSERT INTO scientific_field_project (scfield_id,project_id) VALUES ("23496","92948");
INSERT INTO scientific_field_project (scfield_id,project_id) VALUES ("22061","47067");
INSERT INTO scientific_field_project (scfield_id,project_id) VALUES ("87537","47067");
INSERT INTO scientific_field_project (scfield_id,project_id) VALUES ("96125","68723");
INSERT INTO scientific_field_project (scfield_id,project_id) VALUES ("44622","30204");
INSERT INTO scientific_field_project (scfield_id,project_id) VALUES ("33498","30204");
INSERT INTO scientific_field_project (scfield_id,project_id) VALUES ("96125","30204");
INSERT INTO scientific_field_project (scfield_id,project_id) VALUES ("22061","88364");
INSERT INTO scientific_field_project (scfield_id,project_id) VALUES ("81525","88364");
INSERT INTO scientific_field_project (scfield_id,project_id) VALUES ("25610","88364");
INSERT INTO scientific_field_project (scfield_id,project_id) VALUES ("44622","83612");
INSERT INTO scientific_field_project (scfield_id,project_id) VALUES ("25610","83612");
INSERT INTO scientific_field_project (scfield_id,project_id) VALUES ("23496","10931");
INSERT INTO scientific_field_project (scfield_id,project_id) VALUES ("23496","71838");
INSERT INTO scientific_field_project (scfield_id,project_id) VALUES ("34316","71838");
INSERT INTO scientific_field_project (scfield_id,project_id) VALUES ("33498","73138");
INSERT INTO scientific_field_project (scfield_id,project_id) VALUES ("22061","25747");
INSERT INTO scientific_field_project (scfield_id,project_id) VALUES ("81525","25747");
INSERT INTO scientific_field_project (scfield_id,project_id) VALUES ("87537","25747");
INSERT INTO scientific_field_project (scfield_id,project_id) VALUES ("96125","25521");
INSERT INTO scientific_field_project (scfield_id,project_id) VALUES ("81525","25521");
INSERT INTO scientific_field_project (scfield_id,project_id) VALUES ("87537","28707");
INSERT INTO scientific_field_project (scfield_id,project_id) VALUES ("33498","28707");
INSERT INTO scientific_field_project (scfield_id,project_id) VALUES ("86784","28707");
INSERT INTO scientific_field_project (scfield_id,project_id) VALUES ("34316","28707");
INSERT INTO scientific_field_project (scfield_id,project_id) VALUES ("22061","77070");
INSERT INTO scientific_field_project (scfield_id,project_id) VALUES ("23496","77070");
INSERT INTO scientific_field_project (scfield_id,project_id) VALUES ("25610","74834");
INSERT INTO scientific_field_project (scfield_id,project_id) VALUES ("34316","74834");
INSERT INTO scientific_field_project (scfield_id,project_id) VALUES ("86784","74834");
INSERT INTO scientific_field_project (scfield_id,project_id) VALUES ("23496","74834");
INSERT INTO scientific_field_project (scfield_id,project_id) VALUES ("96125","40007");
INSERT INTO scientific_field_project (scfield_id,project_id) VALUES ("33498","40007");
INSERT INTO scientific_field_project (scfield_id,project_id) VALUES ("86784","40007");
INSERT INTO scientific_field_project (scfield_id,project_id) VALUES ("22061","84971");
INSERT INTO scientific_field_project (scfield_id,project_id) VALUES ("34316","84971");
INSERT INTO scientific_field_project (scfield_id,project_id) VALUES ("87537","84971");
INSERT INTO scientific_field_project (scfield_id,project_id) VALUES ("44622","84971");
INSERT INTO scientific_field_project (scfield_id,project_id) VALUES ("81525","35097");
INSERT INTO scientific_field_project (scfield_id,project_id) VALUES ("23496","74093");
INSERT INTO scientific_field_project (scfield_id,project_id) VALUES ("96125","74093");
INSERT INTO scientific_field_project (scfield_id,project_id) VALUES ("33498","74093");
INSERT INTO scientific_field_project (scfield_id,project_id) VALUES ("96125","38015");
INSERT INTO scientific_field_project (scfield_id,project_id) VALUES ("23496","38015");
INSERT INTO scientific_field_project (scfield_id,project_id) VALUES ("33498","38015");
INSERT INTO scientific_field_project (scfield_id,project_id) VALUES ("25610","64093");
INSERT INTO scientific_field_project (scfield_id,project_id) VALUES ("23496","64093");
INSERT INTO scientific_field_project (scfield_id,project_id) VALUES ("33498","64093");
INSERT INTO scientific_field_project (scfield_id,project_id) VALUES ("86784","64093");
INSERT INTO scientific_field_project (scfield_id,project_id) VALUES ("33498","30049");
INSERT INTO scientific_field_project (scfield_id,project_id) VALUES ("33498","59008");
INSERT INTO scientific_field_project (scfield_id,project_id) VALUES ("96125","37472");
INSERT INTO scientific_field_project (scfield_id,project_id) VALUES ("23496","37472");
INSERT INTO scientific_field_project (scfield_id,project_id) VALUES ("33498","37472");
INSERT INTO scientific_field_project (scfield_id,project_id) VALUES ("44622","37472");
INSERT INTO scientific_field_project (scfield_id,project_id) VALUES ("23496","79836");
INSERT INTO scientific_field_project (scfield_id,project_id) VALUES ("33498","79836");
INSERT INTO scientific_field_project (scfield_id,project_id) VALUES ("87537","79836");
INSERT INTO scientific_field_project (scfield_id,project_id) VALUES ("44622","74561");
INSERT INTO scientific_field_project (scfield_id,project_id) VALUES ("44622","79073");
INSERT INTO scientific_field_project (scfield_id,project_id) VALUES ("81525","79073");
INSERT INTO scientific_field_project (scfield_id,project_id) VALUES ("34316","79073");
INSERT INTO scientific_field_project (scfield_id,project_id) VALUES ("22061","79073");
INSERT INTO scientific_field_project (scfield_id,project_id) VALUES ("23496","72549");
INSERT INTO scientific_field_project (scfield_id,project_id) VALUES ("44622","72549");
INSERT INTO scientific_field_project (scfield_id,project_id) VALUES ("22061","72549");
INSERT INTO scientific_field_project (scfield_id,project_id) VALUES ("96125","72549");
INSERT INTO scientific_field_project (scfield_id,project_id) VALUES ("87537","40679");
INSERT INTO scientific_field_project (scfield_id,project_id) VALUES ("33498","40679");
INSERT INTO scientific_field_project (scfield_id,project_id) VALUES ("34316","86473");
INSERT INTO scientific_field_project (scfield_id,project_id) VALUES ("81525","86473");
INSERT INTO scientific_field_project (scfield_id,project_id) VALUES ("86784","86473");
INSERT INTO scientific_field_project (scfield_id,project_id) VALUES ("96125","92202");
INSERT INTO scientific_field_project (scfield_id,project_id) VALUES ("44622","92202");
INSERT INTO scientific_field_project (scfield_id,project_id) VALUES ("33498","18125");
INSERT INTO scientific_field_project (scfield_id,project_id) VALUES ("96125","18125");
INSERT INTO scientific_field_project (scfield_id,project_id) VALUES ("87537","18125");
INSERT INTO scientific_field_project (scfield_id,project_id) VALUES ("25610","39771");
INSERT INTO scientific_field_project (scfield_id,project_id) VALUES ("96125","39771");
INSERT INTO scientific_field_project (scfield_id,project_id) VALUES ("34316","39771");
INSERT INTO scientific_field_project (scfield_id,project_id) VALUES ("81525","98949");
INSERT INTO scientific_field_project (scfield_id,project_id) VALUES ("86784","98949");
INSERT INTO scientific_field_project (scfield_id,project_id) VALUES ("87537","98949");
INSERT INTO scientific_field_project (scfield_id,project_id) VALUES ("44622","98949");
INSERT INTO scientific_field_project (scfield_id,project_id) VALUES ("23496","27140");
INSERT INTO scientific_field_project (scfield_id,project_id) VALUES ("25610","27140");
INSERT INTO scientific_field_project (scfield_id,project_id) VALUES ("25610","63493");
INSERT INTO scientific_field_project (scfield_id,project_id) VALUES ("87537","63493");
INSERT INTO scientific_field_project (scfield_id,project_id) VALUES ("22061","78709");
INSERT INTO scientific_field_project (scfield_id,project_id) VALUES ("96125","78709");
INSERT INTO scientific_field_project (scfield_id,project_id) VALUES ("81525","55425");
INSERT INTO scientific_field_project (scfield_id,project_id) VALUES ("33498","91807");
INSERT INTO scientific_field_project (scfield_id,project_id) VALUES ("87537","91807");
INSERT INTO scientific_field_project (scfield_id,project_id) VALUES ("25610","91807");
INSERT INTO scientific_field_project (scfield_id,project_id) VALUES ("86784","91807");
INSERT INTO scientific_field_project (scfield_id,project_id) VALUES ("86784","68338");
INSERT INTO scientific_field_project (scfield_id,project_id) VALUES ("23496","68338");
INSERT INTO scientific_field_project (scfield_id,project_id) VALUES ("34316","12117");
INSERT INTO scientific_field_project (scfield_id,project_id) VALUES ("87537","61885");
INSERT INTO scientific_field_project (scfield_id,project_id) VALUES ("34316","61885");
INSERT INTO scientific_field_project (scfield_id,project_id) VALUES ("23496","61885");
INSERT INTO scientific_field_project (scfield_id,project_id) VALUES ("22061","20666");
INSERT INTO scientific_field_project (scfield_id,project_id) VALUES ("44622","20666");
INSERT INTO scientific_field_project (scfield_id,project_id) VALUES ("25610","20666");
INSERT INTO scientific_field_project (scfield_id,project_id) VALUES ("81525","20666");
INSERT INTO scientific_field_project (scfield_id,project_id) VALUES ("81525","45595");
INSERT INTO scientific_field_project (scfield_id,project_id) VALUES ("34316","45595");
INSERT INTO scientific_field_project (scfield_id,project_id) VALUES ("22061","45595");
INSERT INTO scientific_field_project (scfield_id,project_id) VALUES ("25610","45595");
INSERT INTO scientific_field_project (scfield_id,project_id) VALUES ("23496","26669");
INSERT INTO scientific_field_project (scfield_id,project_id) VALUES ("87537","26669");
INSERT INTO scientific_field_project (scfield_id,project_id) VALUES ("22061","26669");
INSERT INTO scientific_field_project (scfield_id,project_id) VALUES ("25610","79184");
INSERT INTO scientific_field_project (scfield_id,project_id) VALUES ("81525","12261");
INSERT INTO scientific_field_project (scfield_id,project_id) VALUES ("86784","12261");
INSERT INTO scientific_field_project (scfield_id,project_id) VALUES ("34316","62493");
INSERT INTO scientific_field_project (scfield_id,project_id) VALUES ("22061","62493");
INSERT INTO scientific_field_project (scfield_id,project_id) VALUES ("81525","62493");
INSERT INTO scientific_field_project (scfield_id,project_id) VALUES ("23496","62493");
INSERT INTO scientific_field_project (scfield_id,project_id) VALUES ("87537","99003");
INSERT INTO scientific_field_project (scfield_id,project_id) VALUES ("34316","99003");
INSERT INTO scientific_field_project (scfield_id,project_id) VALUES ("22061","99003");
INSERT INTO scientific_field_project (scfield_id,project_id) VALUES ("96125","99003");
INSERT INTO scientific_field_project (scfield_id,project_id) VALUES ("86784","37942");
INSERT INTO scientific_field_project (scfield_id,project_id) VALUES ("33498","37942");
INSERT INTO scientific_field_project (scfield_id,project_id) VALUES ("23496","37942");

-- deliverable 
INSERT INTO deliverable (deliverable_id,project_id,title,abstract,deliverable_date) VALUES ("44711","64858","title639", "Much commercial per fire both student heavy. Moment film doctor carry memory image traditional everybody.", "2020-11-27");
INSERT INTO deliverable (deliverable_id,project_id,title,abstract,deliverable_date) VALUES ("94571","91807","title383", "Deep region machine necessary anyone call. Modern member none one little.", "2019-1-20");
INSERT INTO deliverable (deliverable_id,project_id,title,abstract,deliverable_date) VALUES ("59634","18464","title647", "Message four vote deep weight yard.", "2020-7-0");
INSERT INTO deliverable (deliverable_id,project_id,title,abstract,deliverable_date) VALUES ("19030","25972","title410", "Reveal blue land single provide soldier year. Laugh arm avoid series.", "2022-8-0");
INSERT INTO deliverable (deliverable_id,project_id,title,abstract,deliverable_date) VALUES ("52438","25747","title508", "Themselves yet attack. Serious ten throughout would.", "2023-3-2");
INSERT INTO deliverable (deliverable_id,project_id,title,abstract,deliverable_date) VALUES ("15828","88364","title585", "Even age see real. Especially society pull teacher lay no amount.", "2020-9-8");
INSERT INTO deliverable (deliverable_id,project_id,title,abstract,deliverable_date) VALUES ("36699","52900","title564", "Bill company them ask.", "2021-9-1");
INSERT INTO deliverable (deliverable_id,project_id,title,abstract,deliverable_date) VALUES ("15604","40282","title850", "Despite consider international identify item. Sport cost company finish.", "2020-6-21");
INSERT INTO deliverable (deliverable_id,project_id,title,abstract,deliverable_date) VALUES ("23877","52817","title501", "Suffer coach wrong author level. Myself sister talk choice animal.", "2020-8-9");
INSERT INTO deliverable (deliverable_id,project_id,title,abstract,deliverable_date) VALUES ("10651","81303","title783", "Seem participant wonder ground. Source sure inside water factor.", "2019-10-23");

