-- organization 
INSERT INTO organization (organization_id,name_org,abbreviation,city,street,postal_code,org_type,funds_company,budget_uni_ministry,budget_rc1,budget_rc2) VALUES ("90422", "Research Center800", "RC800", "Larisa", "Samothrakis13", "55006", "Research Center", "0", "0", "29679843", "37768624");
INSERT INTO organization (organization_id,name_org,abbreviation,city,street,postal_code,org_type,funds_company,budget_uni_ministry,budget_rc1,budget_rc2) VALUES ("13952", "Company689", "C689", "Athens", "Samothrakis127", "11286", "Company", "1166211", "0", "0", "0");
INSERT INTO organization (organization_id,name_org,abbreviation,city,street,postal_code,org_type,funds_company,budget_uni_ministry,budget_rc1,budget_rc2) VALUES ("25606", "Research Center697", "RC697", "Ioannina", "Eleftheriou Venizelou38", "33801", "Research Center", "0", "0", "87786644", "8986064");
INSERT INTO organization (organization_id,name_org,abbreviation,city,street,postal_code,org_type,funds_company,budget_uni_ministry,budget_rc1,budget_rc2) VALUES ("51929", "Company613", "C613", "Larisa", "Nikopoleos89", "98314", "Company", "9093872", "0", "0", "0");
INSERT INTO organization (organization_id,name_org,abbreviation,city,street,postal_code,org_type,funds_company,budget_uni_ministry,budget_rc1,budget_rc2) VALUES ("44615", "Research Center182", "RC182", "Larisa", "Androutsou27", "83198", "Research Center", "0", "0", "88721305", "33112190");
INSERT INTO organization (organization_id,name_org,abbreviation,city,street,postal_code,org_type,funds_company,budget_uni_ministry,budget_rc1,budget_rc2) VALUES ("76383", "University913", "UN913", "Rhode Island", "Androutsou43", "27719", "University", "0", "48879492", "0", "0");
INSERT INTO organization (organization_id,name_org,abbreviation,city,street,postal_code,org_type,funds_company,budget_uni_ministry,budget_rc1,budget_rc2) VALUES ("57732", "Research Center786", "RC786", "Chania", "Evripidou122", "27125", "Research Center", "0", "0", "48075831", "92159405");
INSERT INTO organization (organization_id,name_org,abbreviation,city,street,postal_code,org_type,funds_company,budget_uni_ministry,budget_rc1,budget_rc2) VALUES ("87687", "Company952", "C952", "Larisa", "Orionos49", "52270", "Company", "21008778", "0", "0", "0");
INSERT INTO organization (organization_id,name_org,abbreviation,city,street,postal_code,org_type,funds_company,budget_uni_ministry,budget_rc1,budget_rc2) VALUES ("53674", "University361", "UN361", "Athens", "Eleftheriou Venizelou90", "76421", "University", "0", "37846562", "0", "0");
INSERT INTO organization (organization_id,name_org,abbreviation,city,street,postal_code,org_type,funds_company,budget_uni_ministry,budget_rc1,budget_rc2) VALUES ("96998", "Company410", "C410", "Ioannina", "Kantonia56", "94987", "Company", "50882281", "0", "0", "0");
INSERT INTO organization (organization_id,name_org,abbreviation,city,street,postal_code,org_type,funds_company,budget_uni_ministry,budget_rc1,budget_rc2) VALUES ("20725", "University645", "UN645", "Rhode Island", "Ippokratous123", "97136", "University", "0", "54301109", "0", "0");
INSERT INTO organization (organization_id,name_org,abbreviation,city,street,postal_code,org_type,funds_company,budget_uni_ministry,budget_rc1,budget_rc2) VALUES ("51047", "University907", "UN907", "Chania", "Eleftheriou Venizelou104", "18604", "University", "0", "77086737", "0", "0");
INSERT INTO organization (organization_id,name_org,abbreviation,city,street,postal_code,org_type,funds_company,budget_uni_ministry,budget_rc1,budget_rc2) VALUES ("98444", "University131", "UN131", "Patra", "Agathiou106", "37875", "University", "0", "3112013", "0", "0");
INSERT INTO organization (organization_id,name_org,abbreviation,city,street,postal_code,org_type,funds_company,budget_uni_ministry,budget_rc1,budget_rc2) VALUES ("80890", "Research Center453", "RC453", "Larisa", "Eleftheriou Venizelou59", "97661", "Research Center", "0", "0", "3717088", "15252188");
INSERT INTO organization (organization_id,name_org,abbreviation,city,street,postal_code,org_type,funds_company,budget_uni_ministry,budget_rc1,budget_rc2) VALUES ("48043", "Company205", "C205", "Rhode Island", "Agathiou15", "41206", "Company", "64157490", "0", "0", "0");
INSERT INTO organization (organization_id,name_org,abbreviation,city,street,postal_code,org_type,funds_company,budget_uni_ministry,budget_rc1,budget_rc2) VALUES ("56042", "Research Center908", "RC908", "Chalkida", "Kantonia37", "17029", "Research Center", "0", "0", "65135394", "46998837");
INSERT INTO organization (organization_id,name_org,abbreviation,city,street,postal_code,org_type,funds_company,budget_uni_ministry,budget_rc1,budget_rc2) VALUES ("14185", "Research Center652", "RC652", "Rhode Island", "Mpotsari66", "40284", "Research Center", "0", "0", "71140545", "16397590");
INSERT INTO organization (organization_id,name_org,abbreviation,city,street,postal_code,org_type,funds_company,budget_uni_ministry,budget_rc1,budget_rc2) VALUES ("86253", "Company176", "C176", "Ioannina", "Samothrakis21", "15126", "Company", "83509415", "0", "0", "0");
INSERT INTO organization (organization_id,name_org,abbreviation,city,street,postal_code,org_type,funds_company,budget_uni_ministry,budget_rc1,budget_rc2) VALUES ("34906", "Company965", "C965", "Trikala", "Klepsydra86", "88417", "Company", "70337455", "0", "0", "0");
INSERT INTO organization (organization_id,name_org,abbreviation,city,street,postal_code,org_type,funds_company,budget_uni_ministry,budget_rc1,budget_rc2) VALUES ("76885", "University159", "UN159", "Rhode Island", "Androutsou4", "73447", "University", "0", "88604686", "0", "0");
INSERT INTO organization (organization_id,name_org,abbreviation,city,street,postal_code,org_type,funds_company,budget_uni_ministry,budget_rc1,budget_rc2) VALUES ("26769", "Research Center860", "RC860", "Larisa", "Ippokratous60", "66260", "Research Center", "0", "0", "88057700", "18715187");
INSERT INTO organization (organization_id,name_org,abbreviation,city,street,postal_code,org_type,funds_company,budget_uni_ministry,budget_rc1,budget_rc2) VALUES ("18327", "Company808", "C808", "Patra", "Kantonia147", "88679", "Company", "64408179", "0", "0", "0");
INSERT INTO organization (organization_id,name_org,abbreviation,city,street,postal_code,org_type,funds_company,budget_uni_ministry,budget_rc1,budget_rc2) VALUES ("74601", "University651", "UN651", "Chania", "Klepsydra39", "63100", "University", "0", "147847", "0", "0");
INSERT INTO organization (organization_id,name_org,abbreviation,city,street,postal_code,org_type,funds_company,budget_uni_ministry,budget_rc1,budget_rc2) VALUES ("41689", "University342", "UN342", "Thessaloniki", "Klepsydra92", "24643", "University", "0", "84329501", "0", "0");
INSERT INTO organization (organization_id,name_org,abbreviation,city,street,postal_code,org_type,funds_company,budget_uni_ministry,budget_rc1,budget_rc2) VALUES ("14860", "University158", "UN158", "Heraklion", "Evripidou1", "28117", "University", "0", "39308112", "0", "0");
INSERT INTO organization (organization_id,name_org,abbreviation,city,street,postal_code,org_type,funds_company,budget_uni_ministry,budget_rc1,budget_rc2) VALUES ("98133", "Company201", "C201", "Trikala", "Samothrakis125", "24712", "Company", "65944741", "0", "0", "0");
INSERT INTO organization (organization_id,name_org,abbreviation,city,street,postal_code,org_type,funds_company,budget_uni_ministry,budget_rc1,budget_rc2) VALUES ("36903", "Research Center845", "RC845", "Chalkida", "Agathiou9", "87539", "Research Center", "0", "0", "52533638", "17287622");
INSERT INTO organization (organization_id,name_org,abbreviation,city,street,postal_code,org_type,funds_company,budget_uni_ministry,budget_rc1,budget_rc2) VALUES ("92199", "Company248", "C248", "Thessaloniki", "Ippokratous87", "55712", "Company", "79801272", "0", "0", "0");
INSERT INTO organization (organization_id,name_org,abbreviation,city,street,postal_code,org_type,funds_company,budget_uni_ministry,budget_rc1,budget_rc2) VALUES ("86941", "Company636", "C636", "Chania", "Samothrakis2", "57504", "Company", "71975022", "0", "0", "0");
INSERT INTO organization (organization_id,name_org,abbreviation,city,street,postal_code,org_type,funds_company,budget_uni_ministry,budget_rc1,budget_rc2) VALUES ("27617", "Research Center858", "RC858", "Heraklion", "Mpotsari95", "59189", "Research Center", "0", "0", "48334296", "89767760");

-- researcher 
INSERT INTO researcher (researcher_id,first_name,last_name,birthdate,gender,organization_id,datework) VALUES ("21466", "Mark", "Roberts", "1990-11-21", "Male", "27617", "2012-3-3");
INSERT INTO researcher (researcher_id,first_name,last_name,birthdate,gender,organization_id,datework) VALUES ("18372", "Michael", "Ramirez", "1998-11-26", "Female", "90422", "2015-11-3");
INSERT INTO researcher (researcher_id,first_name,last_name,birthdate,gender,organization_id,datework) VALUES ("22567", "Tyler", "Lamb", "1993-11-23", "Female", "13952", "2013-4-28");
INSERT INTO researcher (researcher_id,first_name,last_name,birthdate,gender,organization_id,datework) VALUES ("84391", "Vincent", "Lowery", "1969-8-25", "Female", "25606", "2016-6-22");
INSERT INTO researcher (researcher_id,first_name,last_name,birthdate,gender,organization_id,datework) VALUES ("53250", "Nicholas", "Jimenez", "1987-1-22", "Male", "51929", "2021-1-23");
INSERT INTO researcher (researcher_id,first_name,last_name,birthdate,gender,organization_id,datework) VALUES ("84204", "Amanda", "Lewis", "1966-7-12", "Non-Binary", "44615", "2010-12-28");
INSERT INTO researcher (researcher_id,first_name,last_name,birthdate,gender,organization_id,datework) VALUES ("56994", "William", "Paul", "1980-10-10", "Male", "76383", "2013-2-18");
INSERT INTO researcher (researcher_id,first_name,last_name,birthdate,gender,organization_id,datework) VALUES ("57620", "Michael", "Mitchell", "1984-9-25", "Non-Binary", "57732", "2013-8-19");
INSERT INTO researcher (researcher_id,first_name,last_name,birthdate,gender,organization_id,datework) VALUES ("50395", "Rodney", "Perez", "1978-11-1", "Non-Binary", "87687", "2019-6-7");
INSERT INTO researcher (researcher_id,first_name,last_name,birthdate,gender,organization_id,datework) VALUES ("49338", "Jacqueline", "Todd", "1986-5-13", "Non-Binary", "53674", "2015-2-18");
INSERT INTO researcher (researcher_id,first_name,last_name,birthdate,gender,organization_id,datework) VALUES ("85405", "Michael", "Willis", "1990-5-9", "Non-Binary", "96998", "2015-3-15");
INSERT INTO researcher (researcher_id,first_name,last_name,birthdate,gender,organization_id,datework) VALUES ("83766", "Hayley", "Benjamin", "1972-7-4", "Female", "20725", "2012-6-27");
INSERT INTO researcher (researcher_id,first_name,last_name,birthdate,gender,organization_id,datework) VALUES ("78345", "Sophia", "Butler", "1992-6-1", "Female", "51047", "2011-10-12");
INSERT INTO researcher (researcher_id,first_name,last_name,birthdate,gender,organization_id,datework) VALUES ("25921", "Melinda", "Kennedy", "1967-6-20", "Male", "98444", "2014-5-25");
INSERT INTO researcher (researcher_id,first_name,last_name,birthdate,gender,organization_id,datework) VALUES ("21349", "Sharon", "Martin", "1998-5-14", "Non-Binary", "80890", "2016-3-3");
INSERT INTO researcher (researcher_id,first_name,last_name,birthdate,gender,organization_id,datework) VALUES ("30495", "Virginia", "Lester", "1988-7-20", "Male", "48043", "2014-9-16");
INSERT INTO researcher (researcher_id,first_name,last_name,birthdate,gender,organization_id,datework) VALUES ("37029", "Karen", "Adkins", "1998-9-22", "Female", "56042", "2022-5-3");
INSERT INTO researcher (researcher_id,first_name,last_name,birthdate,gender,organization_id,datework) VALUES ("34429", "Jessica", "Edwards", "1989-8-4", "Non-Binary", "14185", "2011-6-17");
INSERT INTO researcher (researcher_id,first_name,last_name,birthdate,gender,organization_id,datework) VALUES ("48998", "Krista", "Perry", "1973-2-11", "Female", "86253", "2014-10-27");
INSERT INTO researcher (researcher_id,first_name,last_name,birthdate,gender,organization_id,datework) VALUES ("63924", "Anthony", "Smith", "1968-4-13", "Non-Binary", "34906", "2010-7-3");
INSERT INTO researcher (researcher_id,first_name,last_name,birthdate,gender,organization_id,datework) VALUES ("40419", "Daniel", "Johnson", "1970-1-6", "Non-Binary", "76885", "2011-4-2");
INSERT INTO researcher (researcher_id,first_name,last_name,birthdate,gender,organization_id,datework) VALUES ("38736", "Christopher", "Bradley", "1981-7-6", "Female", "26769", "2022-7-19");
INSERT INTO researcher (researcher_id,first_name,last_name,birthdate,gender,organization_id,datework) VALUES ("33785", "Brittany", "Evans", "1982-7-4", "Non-Binary", "18327", "2018-8-12");
INSERT INTO researcher (researcher_id,first_name,last_name,birthdate,gender,organization_id,datework) VALUES ("29807", "Michael", "Hodges", "1993-3-6", "Female", "74601", "2015-4-1");
INSERT INTO researcher (researcher_id,first_name,last_name,birthdate,gender,organization_id,datework) VALUES ("85300", "Hailey", "Kirby", "1972-6-1", "Female", "41689", "2012-2-26");
INSERT INTO researcher (researcher_id,first_name,last_name,birthdate,gender,organization_id,datework) VALUES ("10047", "Mitchell", "Garcia", "1992-8-6", "Female", "14860", "2015-3-13");
INSERT INTO researcher (researcher_id,first_name,last_name,birthdate,gender,organization_id,datework) VALUES ("54128", "Eric", "Mason", "1971-2-12", "Non-Binary", "98133", "2011-4-5");
INSERT INTO researcher (researcher_id,first_name,last_name,birthdate,gender,organization_id,datework) VALUES ("89993", "Brent", "Cruz", "1984-1-14", "Non-Binary", "36903", "2020-1-24");
INSERT INTO researcher (researcher_id,first_name,last_name,birthdate,gender,organization_id,datework) VALUES ("37925", "Andrew", "Forbes", "1989-2-24", "Female", "92199", "2021-7-12");
INSERT INTO researcher (researcher_id,first_name,last_name,birthdate,gender,organization_id,datework) VALUES ("33934", "Hannah", "Molina", "1969-6-16", "Male", "86941", "2022-3-26");
INSERT INTO researcher (researcher_id,first_name,last_name,birthdate,gender,organization_id,datework) VALUES ("68634", "Allison", "Garcia", "1997-5-20", "Male", "13952", "2016-7-15");
INSERT INTO researcher (researcher_id,first_name,last_name,birthdate,gender,organization_id,datework) VALUES ("38978", "Heather", "Montes", "1969-9-15", "Non-Binary", "56042", "2022-7-8");
INSERT INTO researcher (researcher_id,first_name,last_name,birthdate,gender,organization_id,datework) VALUES ("98011", "Gabrielle", "Mayer", "1951-9-24", "Male", "13952", "2017-4-14");
INSERT INTO researcher (researcher_id,first_name,last_name,birthdate,gender,organization_id,datework) VALUES ("17519", "Joshua", "Davies", "1958-2-7", "Female", "92199", "2011-11-18");
INSERT INTO researcher (researcher_id,first_name,last_name,birthdate,gender,organization_id,datework) VALUES ("97503", "Nicholas", "Mercado", "1961-2-3", "Male", "13952", "2021-3-18");
INSERT INTO researcher (researcher_id,first_name,last_name,birthdate,gender,organization_id,datework) VALUES ("75162", "Crystal", "Butler", "1985-12-19", "Female", "25606", "2013-10-13");
INSERT INTO researcher (researcher_id,first_name,last_name,birthdate,gender,organization_id,datework) VALUES ("14668", "Todd", "Parker", "1964-11-15", "Non-Binary", "48043", "2013-11-5");
INSERT INTO researcher (researcher_id,first_name,last_name,birthdate,gender,organization_id,datework) VALUES ("24821", "David", "Norris", "1959-2-10", "Non-Binary", "53674", "2011-3-6");
INSERT INTO researcher (researcher_id,first_name,last_name,birthdate,gender,organization_id,datework) VALUES ("83195", "Amanda", "Sanchez", "1984-9-1", "Non-Binary", "80890", "2012-12-13");
INSERT INTO researcher (researcher_id,first_name,last_name,birthdate,gender,organization_id,datework) VALUES ("61466", "Michelle", "Castaneda", "1991-12-18", "Female", "56042", "2016-11-26");
INSERT INTO researcher (researcher_id,first_name,last_name,birthdate,gender,organization_id,datework) VALUES ("14367", "Marvin", "Carney", "1977-5-7", "Female", "96998", "2020-7-12");
INSERT INTO researcher (researcher_id,first_name,last_name,birthdate,gender,organization_id,datework) VALUES ("47750", "Jeffrey", "Reid", "1989-7-18", "Male", "36903", "2010-7-18");
INSERT INTO researcher (researcher_id,first_name,last_name,birthdate,gender,organization_id,datework) VALUES ("95301", "Joel", "Hahn", "2000-1-3", "Female", "20725", "2019-5-4");
INSERT INTO researcher (researcher_id,first_name,last_name,birthdate,gender,organization_id,datework) VALUES ("86376", "Nicholas", "Henderson", "1965-1-14", "Female", "53674", "2018-2-14");
INSERT INTO researcher (researcher_id,first_name,last_name,birthdate,gender,organization_id,datework) VALUES ("91808", "Cindy", "Jennings", "1989-7-25", "Male", "76383", "2021-9-11");
INSERT INTO researcher (researcher_id,first_name,last_name,birthdate,gender,organization_id,datework) VALUES ("77306", "Jack", "Romero", "1999-4-7", "Male", "98133", "2021-6-21");
INSERT INTO researcher (researcher_id,first_name,last_name,birthdate,gender,organization_id,datework) VALUES ("20973", "Gail", "Oliver", "1993-2-15", "Male", "80890", "2013-6-12");
INSERT INTO researcher (researcher_id,first_name,last_name,birthdate,gender,organization_id,datework) VALUES ("97821", "Emily", "Mitchell", "1980-2-26", "Female", "98133", "2020-1-23");
INSERT INTO researcher (researcher_id,first_name,last_name,birthdate,gender,organization_id,datework) VALUES ("54301", "Nathan", "Hill", "1978-7-21", "Non-Binary", "86253", "2018-9-25");
INSERT INTO researcher (researcher_id,first_name,last_name,birthdate,gender,organization_id,datework) VALUES ("93061", "Matthew", "Coleman", "1960-3-6", "Female", "48043", "2020-12-24");
INSERT INTO researcher (researcher_id,first_name,last_name,birthdate,gender,organization_id,datework) VALUES ("92517", "Cristian", "Nielsen", "1974-2-25", "Male", "27617", "2021-3-23");
INSERT INTO researcher (researcher_id,first_name,last_name,birthdate,gender,organization_id,datework) VALUES ("19657", "Shawn", "Price", "1992-5-6", "Non-Binary", "18327", "2014-4-25");
INSERT INTO researcher (researcher_id,first_name,last_name,birthdate,gender,organization_id,datework) VALUES ("65344", "Alicia", "Brown", "1995-4-24", "Female", "25606", "2022-3-20");
INSERT INTO researcher (researcher_id,first_name,last_name,birthdate,gender,organization_id,datework) VALUES ("79818", "Robyn", "Howell", "1953-10-13", "Male", "86941", "2010-4-11");
INSERT INTO researcher (researcher_id,first_name,last_name,birthdate,gender,organization_id,datework) VALUES ("56335", "Melissa", "Johnson", "1961-11-6", "Male", "48043", "2016-6-10");
INSERT INTO researcher (researcher_id,first_name,last_name,birthdate,gender,organization_id,datework) VALUES ("16466", "Julie", "Perkins", "1961-11-17", "Non-Binary", "27617", "2015-1-13");
INSERT INTO researcher (researcher_id,first_name,last_name,birthdate,gender,organization_id,datework) VALUES ("82282", "Holly", "Smith", "1959-9-11", "Male", "80890", "2010-9-12");
INSERT INTO researcher (researcher_id,first_name,last_name,birthdate,gender,organization_id,datework) VALUES ("73114", "Edward", "Rice", "1987-7-25", "Non-Binary", "57732", "2013-5-13");
INSERT INTO researcher (researcher_id,first_name,last_name,birthdate,gender,organization_id,datework) VALUES ("67079", "Richard", "Franco", "1986-9-18", "Non-Binary", "18327", "2021-3-1");
INSERT INTO researcher (researcher_id,first_name,last_name,birthdate,gender,organization_id,datework) VALUES ("56441", "Stephen", "Lambert", "1975-9-16", "Male", "14185", "2016-5-5");
INSERT INTO researcher (researcher_id,first_name,last_name,birthdate,gender,organization_id,datework) VALUES ("14404", "Pamela", "Green", "1961-4-21", "Non-Binary", "96998", "2012-6-23");
INSERT INTO researcher (researcher_id,first_name,last_name,birthdate,gender,organization_id,datework) VALUES ("10042", "Veronica", "Garza", "1960-7-1", "Non-Binary", "51929", "2011-3-15");
INSERT INTO researcher (researcher_id,first_name,last_name,birthdate,gender,organization_id,datework) VALUES ("41734", "Robert", "Chavez", "1995-2-2", "Female", "18327", "2015-12-13");
INSERT INTO researcher (researcher_id,first_name,last_name,birthdate,gender,organization_id,datework) VALUES ("21109", "Jessica", "Brooks", "1988-10-13", "Female", "96998", "2012-3-18");
INSERT INTO researcher (researcher_id,first_name,last_name,birthdate,gender,organization_id,datework) VALUES ("13681", "Bryan", "Johns", "1991-12-1", "Female", "57732", "2021-6-27");
INSERT INTO researcher (researcher_id,first_name,last_name,birthdate,gender,organization_id,datework) VALUES ("77639", "Gabriella", "Martinez", "1983-6-13", "Female", "14185", "2011-4-26");
INSERT INTO researcher (researcher_id,first_name,last_name,birthdate,gender,organization_id,datework) VALUES ("46144", "Ashley", "Fisher", "1996-12-16", "Female", "87687", "2020-7-7");
INSERT INTO researcher (researcher_id,first_name,last_name,birthdate,gender,organization_id,datework) VALUES ("15197", "Alexander", "Ayala", "1955-9-13", "Male", "26769", "2011-6-9");
INSERT INTO researcher (researcher_id,first_name,last_name,birthdate,gender,organization_id,datework) VALUES ("35886", "Ryan", "Barrett", "1981-8-8", "Female", "41689", "2021-12-25");
INSERT INTO researcher (researcher_id,first_name,last_name,birthdate,gender,organization_id,datework) VALUES ("55868", "Brian", "Turner", "1963-3-23", "Female", "80890", "2018-6-9");
INSERT INTO researcher (researcher_id,first_name,last_name,birthdate,gender,organization_id,datework) VALUES ("93764", "Mark", "Willis", "1977-4-25", "Male", "41689", "2019-4-22");
INSERT INTO researcher (researcher_id,first_name,last_name,birthdate,gender,organization_id,datework) VALUES ("26669", "James", "Webb", "1950-5-9", "Female", "98133", "2011-9-16");
INSERT INTO researcher (researcher_id,first_name,last_name,birthdate,gender,organization_id,datework) VALUES ("94315", "Victor", "Bell", "1976-4-17", "Non-Binary", "18327", "2012-6-15");
INSERT INTO researcher (researcher_id,first_name,last_name,birthdate,gender,organization_id,datework) VALUES ("45116", "Jermaine", "Morrison", "1962-8-27", "Non-Binary", "57732", "2014-10-27");
INSERT INTO researcher (researcher_id,first_name,last_name,birthdate,gender,organization_id,datework) VALUES ("28679", "Christopher", "Hamilton", "1986-7-26", "Non-Binary", "44615", "2011-5-1");
INSERT INTO researcher (researcher_id,first_name,last_name,birthdate,gender,organization_id,datework) VALUES ("99128", "Jesse", "Gonzalez", "1989-3-7", "Male", "98444", "2018-4-15");
INSERT INTO researcher (researcher_id,first_name,last_name,birthdate,gender,organization_id,datework) VALUES ("76600", "Drew", "Ballard", "1954-7-17", "Female", "53674", "2018-2-14");
INSERT INTO researcher (researcher_id,first_name,last_name,birthdate,gender,organization_id,datework) VALUES ("95450", "Katherine", "Martinez", "1993-12-19", "Non-Binary", "98133", "2011-1-21");
INSERT INTO researcher (researcher_id,first_name,last_name,birthdate,gender,organization_id,datework) VALUES ("56340", "Angela", "Martin", "1990-3-19", "Female", "53674", "2018-2-12");
INSERT INTO researcher (researcher_id,first_name,last_name,birthdate,gender,organization_id,datework) VALUES ("84510", "Jessica", "Lawson", "2000-10-11", "Male", "36903", "2016-7-15");
INSERT INTO researcher (researcher_id,first_name,last_name,birthdate,gender,organization_id,datework) VALUES ("44412", "Amber", "Patel", "1953-4-12", "Female", "86253", "2013-12-13");
INSERT INTO researcher (researcher_id,first_name,last_name,birthdate,gender,organization_id,datework) VALUES ("54931", "Glenn", "Carter", "1951-4-14", "Female", "51929", "2015-1-6");
INSERT INTO researcher (researcher_id,first_name,last_name,birthdate,gender,organization_id,datework) VALUES ("41282", "Timothy", "Hays", "1969-2-1", "Female", "26769", "2014-7-25");
INSERT INTO researcher (researcher_id,first_name,last_name,birthdate,gender,organization_id,datework) VALUES ("81214", "Rebecca", "Stewart", "1994-9-17", "Male", "51929", "2013-9-6");
INSERT INTO researcher (researcher_id,first_name,last_name,birthdate,gender,organization_id,datework) VALUES ("61759", "Joseph", "Clayton", "1971-5-28", "Male", "74601", "2015-2-27");
INSERT INTO researcher (researcher_id,first_name,last_name,birthdate,gender,organization_id,datework) VALUES ("79570", "Lawrence", "Warner", "1989-12-12", "Male", "27617", "2019-2-7");
INSERT INTO researcher (researcher_id,first_name,last_name,birthdate,gender,organization_id,datework) VALUES ("99605", "Jacob", "Sparks", "1984-12-25", "Male", "57732", "2012-9-25");
INSERT INTO researcher (researcher_id,first_name,last_name,birthdate,gender,organization_id,datework) VALUES ("23376", "David", "Fowler", "1963-12-9", "Female", "25606", "2019-7-3");
INSERT INTO researcher (researcher_id,first_name,last_name,birthdate,gender,organization_id,datework) VALUES ("81241", "Dave", "Cooper", "1979-10-18", "Female", "34906", "2012-3-9");
INSERT INTO researcher (researcher_id,first_name,last_name,birthdate,gender,organization_id,datework) VALUES ("11726", "Mikayla", "Thomas", "1983-6-19", "Male", "57732", "2017-2-5");
INSERT INTO researcher (researcher_id,first_name,last_name,birthdate,gender,organization_id,datework) VALUES ("17700", "Douglas", "Strong", "1973-1-17", "Non-Binary", "80890", "2017-7-6");
INSERT INTO researcher (researcher_id,first_name,last_name,birthdate,gender,organization_id,datework) VALUES ("86392", "Michael", "Lowe", "1989-4-8", "Non-Binary", "87687", "2014-4-28");
INSERT INTO researcher (researcher_id,first_name,last_name,birthdate,gender,organization_id,datework) VALUES ("17321", "Gerald", "Davis", "1953-4-22", "Female", "80890", "2017-2-3");
INSERT INTO researcher (researcher_id,first_name,last_name,birthdate,gender,organization_id,datework) VALUES ("66306", "Sarah", "Rodriguez", "1951-4-13", "Non-Binary", "41689", "2014-11-6");
INSERT INTO researcher (researcher_id,first_name,last_name,birthdate,gender,organization_id,datework) VALUES ("59197", "Emily", "Morris", "1957-7-27", "Male", "14860", "2011-8-27");
INSERT INTO researcher (researcher_id,first_name,last_name,birthdate,gender,organization_id,datework) VALUES ("37562", "Anna", "Atkinson", "1980-8-22", "Male", "41689", "2010-4-28");
INSERT INTO researcher (researcher_id,first_name,last_name,birthdate,gender,organization_id,datework) VALUES ("51582", "Rachel", "Douglas", "1991-5-21", "Male", "57732", "2017-10-15");
INSERT INTO researcher (researcher_id,first_name,last_name,birthdate,gender,organization_id,datework) VALUES ("61354", "Mark", "Gibson", "1966-9-24", "Female", "36903", "2011-1-26");
INSERT INTO researcher (researcher_id,first_name,last_name,birthdate,gender,organization_id,datework) VALUES ("81080", "Anthony", "Gamble", "1979-10-5", "Female", "56042", "2012-10-5");
INSERT INTO researcher (researcher_id,first_name,last_name,birthdate,gender,organization_id,datework) VALUES ("44171", "Kevin", "Hoffman", "1997-10-17", "Non-Binary", "98444", "2012-7-3");
INSERT INTO researcher (researcher_id,first_name,last_name,birthdate,gender,organization_id,datework) VALUES ("96259", "Stephen", "Espinoza", "1965-6-12", "Female", "98133", "2021-3-9");
INSERT INTO researcher (researcher_id,first_name,last_name,birthdate,gender,organization_id,datework) VALUES ("79351", "Justin", "Smith", "1986-2-8", "Male", "20725", "2010-9-16");
INSERT INTO researcher (researcher_id,first_name,last_name,birthdate,gender,organization_id,datework) VALUES ("53902", "Lauren", "Davidson", "1987-5-12", "Female", "92199", "2021-3-26");
INSERT INTO researcher (researcher_id,first_name,last_name,birthdate,gender,organization_id,datework) VALUES ("19977", "Theresa", "Wallace", "1981-12-19", "Male", "51047", "2016-3-27");
INSERT INTO researcher (researcher_id,first_name,last_name,birthdate,gender,organization_id,datework) VALUES ("11695", "William", "Robinson", "1973-12-10", "Female", "92199", "2010-3-23");
INSERT INTO researcher (researcher_id,first_name,last_name,birthdate,gender,organization_id,datework) VALUES ("17072", "Cynthia", "Powers", "1990-9-3", "Female", "14185", "2014-2-1");
INSERT INTO researcher (researcher_id,first_name,last_name,birthdate,gender,organization_id,datework) VALUES ("23943", "Andrew", "Soto", "1988-3-23", "Male", "57732", "2021-11-5");
INSERT INTO researcher (researcher_id,first_name,last_name,birthdate,gender,organization_id,datework) VALUES ("22112", "Julia", "Lee", "1967-3-16", "Male", "26769", "2010-8-19");
INSERT INTO researcher (researcher_id,first_name,last_name,birthdate,gender,organization_id,datework) VALUES ("75031", "Kenneth", "Dunn", "1973-8-3", "Female", "57732", "2021-7-7");
INSERT INTO researcher (researcher_id,first_name,last_name,birthdate,gender,organization_id,datework) VALUES ("20317", "Justin", "Oneal", "1978-10-27", "Male", "14860", "2021-4-12");
INSERT INTO researcher (researcher_id,first_name,last_name,birthdate,gender,organization_id,datework) VALUES ("28919", "Jodi", "Mitchell", "1956-5-3", "Non-Binary", "36903", "2013-9-20");
INSERT INTO researcher (researcher_id,first_name,last_name,birthdate,gender,organization_id,datework) VALUES ("26536", "Kevin", "Porter", "1999-5-12", "Female", "92199", "2020-4-13");
INSERT INTO researcher (researcher_id,first_name,last_name,birthdate,gender,organization_id,datework) VALUES ("75172", "Nancy", "Powell", "1998-6-10", "Male", "27617", "2010-12-24");
INSERT INTO researcher (researcher_id,first_name,last_name,birthdate,gender,organization_id,datework) VALUES ("15994", "Victoria", "Wolfe", "1953-5-17", "Non-Binary", "98444", "2011-7-17");
INSERT INTO researcher (researcher_id,first_name,last_name,birthdate,gender,organization_id,datework) VALUES ("72727", "Elizabeth", "Phillips", "1992-12-9", "Non-Binary", "86253", "2016-9-2");
INSERT INTO researcher (researcher_id,first_name,last_name,birthdate,gender,organization_id,datework) VALUES ("61126", "Tina", "Cross", "1967-11-11", "Male", "57732", "2019-10-15");
INSERT INTO researcher (researcher_id,first_name,last_name,birthdate,gender,organization_id,datework) VALUES ("59427", "Christopher", "Woods", "1987-6-22", "Male", "44615", "2015-11-18");
INSERT INTO researcher (researcher_id,first_name,last_name,birthdate,gender,organization_id,datework) VALUES ("35695", "Rachel", "Weeks", "1996-4-21", "Female", "53674", "2016-6-3");
INSERT INTO researcher (researcher_id,first_name,last_name,birthdate,gender,organization_id,datework) VALUES ("87882", "Ashley", "May", "1973-5-19", "Female", "56042", "2011-11-3");
INSERT INTO researcher (researcher_id,first_name,last_name,birthdate,gender,organization_id,datework) VALUES ("75380", "George", "Rodriguez", "1968-6-6", "Female", "26769", "2011-4-27");
INSERT INTO researcher (researcher_id,first_name,last_name,birthdate,gender,organization_id,datework) VALUES ("86972", "Holly", "Brown", "1983-4-23", "Non-Binary", "13952", "2022-9-21");
INSERT INTO researcher (researcher_id,first_name,last_name,birthdate,gender,organization_id,datework) VALUES ("52588", "Brianna", "Brown", "1968-6-3", "Female", "86253", "2018-3-21");
INSERT INTO researcher (researcher_id,first_name,last_name,birthdate,gender,organization_id,datework) VALUES ("45099", "Marcia", "Odom", "1980-3-11", "Male", "44615", "2016-2-1");
INSERT INTO researcher (researcher_id,first_name,last_name,birthdate,gender,organization_id,datework) VALUES ("23900", "Benjamin", "King", "1972-12-6", "Non-Binary", "57732", "2012-10-6");
INSERT INTO researcher (researcher_id,first_name,last_name,birthdate,gender,organization_id,datework) VALUES ("23120", "Jacob", "Gregory", "1954-10-22", "Female", "34906", "2020-4-18");
INSERT INTO researcher (researcher_id,first_name,last_name,birthdate,gender,organization_id,datework) VALUES ("58001", "Jesse", "Fields", "1998-8-4", "Non-Binary", "98444", "2014-11-21");
INSERT INTO researcher (researcher_id,first_name,last_name,birthdate,gender,organization_id,datework) VALUES ("19910", "Alex", "Winters", "1987-4-9", "Non-Binary", "26769", "2021-1-8");
INSERT INTO researcher (researcher_id,first_name,last_name,birthdate,gender,organization_id,datework) VALUES ("99945", "Christina", "Perez", "1981-1-9", "Non-Binary", "98133", "2014-12-16");
INSERT INTO researcher (researcher_id,first_name,last_name,birthdate,gender,organization_id,datework) VALUES ("40870", "Katrina", "Blackburn", "1970-3-22", "Non-Binary", "48043", "2010-3-15");
INSERT INTO researcher (researcher_id,first_name,last_name,birthdate,gender,organization_id,datework) VALUES ("91410", "Alisha", "Nash", "1956-2-23", "Non-Binary", "96998", "2018-3-6");
INSERT INTO researcher (researcher_id,first_name,last_name,birthdate,gender,organization_id,datework) VALUES ("60835", "Michael", "Cline", "1976-2-3", "Male", "48043", "2012-3-24");
INSERT INTO researcher (researcher_id,first_name,last_name,birthdate,gender,organization_id,datework) VALUES ("98947", "James", "Hall", "1963-6-2", "Non-Binary", "41689", "2019-8-26");
INSERT INTO researcher (researcher_id,first_name,last_name,birthdate,gender,organization_id,datework) VALUES ("32952", "Stephen", "Hughes", "1967-10-3", "Male", "86941", "2019-7-16");
INSERT INTO researcher (researcher_id,first_name,last_name,birthdate,gender,organization_id,datework) VALUES ("51846", "Teresa", "Smith", "1973-12-28", "Non-Binary", "18327", "2016-5-26");
INSERT INTO researcher (researcher_id,first_name,last_name,birthdate,gender,organization_id,datework) VALUES ("43733", "James", "Gaines", "1996-3-8", "Female", "92199", "2012-4-24");
INSERT INTO researcher (researcher_id,first_name,last_name,birthdate,gender,organization_id,datework) VALUES ("38630", "Ashley", "Weiss", "1980-6-16", "Male", "87687", "2020-1-19");
INSERT INTO researcher (researcher_id,first_name,last_name,birthdate,gender,organization_id,datework) VALUES ("90119", "Oscar", "Stevenson", "1987-9-23", "Female", "76885", "2011-10-28");
INSERT INTO researcher (researcher_id,first_name,last_name,birthdate,gender,organization_id,datework) VALUES ("56198", "Brenda", "Horn", "1969-10-25", "Male", "96998", "2017-7-17");
INSERT INTO researcher (researcher_id,first_name,last_name,birthdate,gender,organization_id,datework) VALUES ("28107", "Tonya", "Rodriguez", "1958-2-24", "Non-Binary", "26769", "2014-10-5");
INSERT INTO researcher (researcher_id,first_name,last_name,birthdate,gender,organization_id,datework) VALUES ("76048", "Jennifer", "Young", "1970-1-10", "Male", "74601", "2010-2-16");
INSERT INTO researcher (researcher_id,first_name,last_name,birthdate,gender,organization_id,datework) VALUES ("10644", "Joseph", "Gonzales", "1962-9-18", "Female", "25606", "2019-10-13");
INSERT INTO researcher (researcher_id,first_name,last_name,birthdate,gender,organization_id,datework) VALUES ("80445", "Jessica", "Austin", "1988-2-4", "Non-Binary", "86941", "2018-7-21");
INSERT INTO researcher (researcher_id,first_name,last_name,birthdate,gender,organization_id,datework) VALUES ("77434", "Chris", "Hernandez", "1966-12-5", "Non-Binary", "13952", "2020-12-11");
INSERT INTO researcher (researcher_id,first_name,last_name,birthdate,gender,organization_id,datework) VALUES ("76469", "Kenneth", "Martinez", "1954-7-22", "Male", "86253", "2012-2-15");
INSERT INTO researcher (researcher_id,first_name,last_name,birthdate,gender,organization_id,datework) VALUES ("80621", "Megan", "Clark", "1965-12-19", "Male", "25606", "2020-9-8");
INSERT INTO researcher (researcher_id,first_name,last_name,birthdate,gender,organization_id,datework) VALUES ("52020", "Emily", "Conley", "1977-5-21", "Female", "27617", "2014-9-20");
INSERT INTO researcher (researcher_id,first_name,last_name,birthdate,gender,organization_id,datework) VALUES ("11418", "Tammy", "White", "1951-4-9", "Non-Binary", "98444", "2016-12-26");
INSERT INTO researcher (researcher_id,first_name,last_name,birthdate,gender,organization_id,datework) VALUES ("65397", "Tammy", "Bruce", "1972-8-19", "Female", "27617", "2013-3-13");
INSERT INTO researcher (researcher_id,first_name,last_name,birthdate,gender,organization_id,datework) VALUES ("72994", "Ernest", "Williams", "1978-8-16", "Non-Binary", "14860", "2014-9-8");
INSERT INTO researcher (researcher_id,first_name,last_name,birthdate,gender,organization_id,datework) VALUES ("14092", "Chelsea", "Green", "1976-3-14", "Female", "87687", "2011-7-11");
INSERT INTO researcher (researcher_id,first_name,last_name,birthdate,gender,organization_id,datework) VALUES ("98062", "Peter", "Morris", "1988-6-18", "Female", "74601", "2010-7-22");
INSERT INTO researcher (researcher_id,first_name,last_name,birthdate,gender,organization_id,datework) VALUES ("10275", "Benjamin", "Moses", "1994-2-20", "Male", "20725", "2015-11-15");
INSERT INTO researcher (researcher_id,first_name,last_name,birthdate,gender,organization_id,datework) VALUES ("61527", "Michelle", "Brewer", "1995-11-13", "Non-Binary", "57732", "2017-6-28");
INSERT INTO researcher (researcher_id,first_name,last_name,birthdate,gender,organization_id,datework) VALUES ("14455", "Kristen", "Reeves", "1959-4-14", "Non-Binary", "76885", "2012-9-28");
INSERT INTO researcher (researcher_id,first_name,last_name,birthdate,gender,organization_id,datework) VALUES ("86778", "Tina", "Osborne", "1990-12-11", "Female", "74601", "2010-8-21");
INSERT INTO researcher (researcher_id,first_name,last_name,birthdate,gender,organization_id,datework) VALUES ("64762", "James", "Soto", "1996-8-13", "Non-Binary", "14860", "2016-3-16");
INSERT INTO researcher (researcher_id,first_name,last_name,birthdate,gender,organization_id,datework) VALUES ("27567", "Katelyn", "Chan", "1977-11-11", "Female", "34906", "2018-4-19");
INSERT INTO researcher (researcher_id,first_name,last_name,birthdate,gender,organization_id,datework) VALUES ("92321", "Carolyn", "French", "1997-9-19", "Female", "25606", "2014-5-19");
INSERT INTO researcher (researcher_id,first_name,last_name,birthdate,gender,organization_id,datework) VALUES ("67504", "Andres", "Warren", "1985-5-21", "Non-Binary", "36903", "2018-3-17");
INSERT INTO researcher (researcher_id,first_name,last_name,birthdate,gender,organization_id,datework) VALUES ("84058", "Joy", "Knight", "1953-8-20", "Non-Binary", "34906", "2022-6-6");
INSERT INTO researcher (researcher_id,first_name,last_name,birthdate,gender,organization_id,datework) VALUES ("33735", "Clayton", "Trujillo", "1970-11-21", "Male", "76383", "2015-4-9");
INSERT INTO researcher (researcher_id,first_name,last_name,birthdate,gender,organization_id,datework) VALUES ("85488", "Jason", "Mclaughlin", "1993-3-15", "Female", "26769", "2014-4-9");
INSERT INTO researcher (researcher_id,first_name,last_name,birthdate,gender,organization_id,datework) VALUES ("58101", "Melissa", "Sampson", "1958-7-2", "Female", "34906", "2018-7-15");
INSERT INTO researcher (researcher_id,first_name,last_name,birthdate,gender,organization_id,datework) VALUES ("93929", "Michelle", "Miller", "2000-3-17", "Male", "41689", "2015-7-3");
INSERT INTO researcher (researcher_id,first_name,last_name,birthdate,gender,organization_id,datework) VALUES ("33745", "Christina", "Hughes", "1969-1-10", "Male", "14860", "2011-1-17");
INSERT INTO researcher (researcher_id,first_name,last_name,birthdate,gender,organization_id,datework) VALUES ("78320", "Matthew", "Wallace", "1970-2-2", "Female", "98444", "2022-2-16");
INSERT INTO researcher (researcher_id,first_name,last_name,birthdate,gender,organization_id,datework) VALUES ("58707", "Gary", "Knight", "1960-5-3", "Male", "57732", "2013-6-8");
INSERT INTO researcher (researcher_id,first_name,last_name,birthdate,gender,organization_id,datework) VALUES ("86256", "Andrea", "Martin", "1991-1-23", "Male", "74601", "2012-3-15");
INSERT INTO researcher (researcher_id,first_name,last_name,birthdate,gender,organization_id,datework) VALUES ("98809", "Bobby", "Burns", "1979-6-3", "Female", "87687", "2017-6-24");
INSERT INTO researcher (researcher_id,first_name,last_name,birthdate,gender,organization_id,datework) VALUES ("19186", "Tamara", "Jones", "1991-9-14", "Male", "56042", "2017-12-14");
INSERT INTO researcher (researcher_id,first_name,last_name,birthdate,gender,organization_id,datework) VALUES ("75945", "Michael", "Lopez", "1973-12-17", "Non-Binary", "14185", "2022-10-21");
INSERT INTO researcher (researcher_id,first_name,last_name,birthdate,gender,organization_id,datework) VALUES ("24344", "Bonnie", "Martinez", "1960-7-16", "Male", "98444", "2016-2-15");
INSERT INTO researcher (researcher_id,first_name,last_name,birthdate,gender,organization_id,datework) VALUES ("96398", "Heather", "Cole", "1966-10-23", "Male", "57732", "2016-7-1");
INSERT INTO researcher (researcher_id,first_name,last_name,birthdate,gender,organization_id,datework) VALUES ("94276", "Eric", "Ramirez", "1958-1-10", "Non-Binary", "96998", "2013-11-11");
INSERT INTO researcher (researcher_id,first_name,last_name,birthdate,gender,organization_id,datework) VALUES ("69788", "Brenda", "Walker", "1993-6-9", "Male", "98133", "2015-5-7");
INSERT INTO researcher (researcher_id,first_name,last_name,birthdate,gender,organization_id,datework) VALUES ("18513", "Todd", "Murphy", "1953-3-14", "Male", "44615", "2018-6-7");
INSERT INTO researcher (researcher_id,first_name,last_name,birthdate,gender,organization_id,datework) VALUES ("19845", "James", "Jackson", "1997-10-24", "Non-Binary", "27617", "2022-5-20");
INSERT INTO researcher (researcher_id,first_name,last_name,birthdate,gender,organization_id,datework) VALUES ("30812", "Martin", "Johnson", "1970-9-25", "Female", "92199", "2018-4-16");
INSERT INTO researcher (researcher_id,first_name,last_name,birthdate,gender,organization_id,datework) VALUES ("64872", "Timothy", "Ortiz", "1979-6-25", "Male", "98133", "2020-3-6");
INSERT INTO researcher (researcher_id,first_name,last_name,birthdate,gender,organization_id,datework) VALUES ("37046", "Lindsay", "Fischer", "1974-4-2", "Male", "96998", "2022-8-19");
INSERT INTO researcher (researcher_id,first_name,last_name,birthdate,gender,organization_id,datework) VALUES ("93289", "Danielle", "Beasley", "1951-12-9", "Non-Binary", "96998", "2014-7-18");
INSERT INTO researcher (researcher_id,first_name,last_name,birthdate,gender,organization_id,datework) VALUES ("83577", "Colleen", "Pittman", "1970-8-1", "Male", "76383", "2013-5-20");
INSERT INTO researcher (researcher_id,first_name,last_name,birthdate,gender,organization_id,datework) VALUES ("56255", "Sheri", "Hubbard", "1991-5-5", "Male", "76885", "2021-1-12");
INSERT INTO researcher (researcher_id,first_name,last_name,birthdate,gender,organization_id,datework) VALUES ("80409", "William", "Good", "1989-6-4", "Female", "98133", "2015-3-18");
INSERT INTO researcher (researcher_id,first_name,last_name,birthdate,gender,organization_id,datework) VALUES ("69112", "Kevin", "Hunter", "1976-11-2", "Non-Binary", "25606", "2013-10-12");
INSERT INTO researcher (researcher_id,first_name,last_name,birthdate,gender,organization_id,datework) VALUES ("75695", "Andrea", "Brewer", "1983-1-12", "Female", "92199", "2015-10-10");
INSERT INTO researcher (researcher_id,first_name,last_name,birthdate,gender,organization_id,datework) VALUES ("83475", "Melissa", "Sweeney", "1988-3-3", "Female", "76885", "2017-8-7");
INSERT INTO researcher (researcher_id,first_name,last_name,birthdate,gender,organization_id,datework) VALUES ("79069", "Ashley", "Kelly", "1954-2-7", "Non-Binary", "14860", "2013-1-23");
INSERT INTO researcher (researcher_id,first_name,last_name,birthdate,gender,organization_id,datework) VALUES ("98869", "Tabitha", "Powell", "1964-11-13", "Male", "51929", "2022-5-11");
INSERT INTO researcher (researcher_id,first_name,last_name,birthdate,gender,organization_id,datework) VALUES ("29781", "Eric", "Warren", "1960-6-14", "Non-Binary", "51047", "2012-6-6");
INSERT INTO researcher (researcher_id,first_name,last_name,birthdate,gender,organization_id,datework) VALUES ("82665", "Becky", "Nelson", "1953-3-12", "Non-Binary", "98133", "2020-3-21");
INSERT INTO researcher (researcher_id,first_name,last_name,birthdate,gender,organization_id,datework) VALUES ("33137", "Laura", "Baldwin", "1958-3-12", "Male", "74601", "2022-4-21");
INSERT INTO researcher (researcher_id,first_name,last_name,birthdate,gender,organization_id,datework) VALUES ("69189", "Richard", "Rodriguez", "1953-5-13", "Non-Binary", "14860", "2022-5-9");
INSERT INTO researcher (researcher_id,first_name,last_name,birthdate,gender,organization_id,datework) VALUES ("54471", "Dana", "House", "1976-1-14", "Male", "44615", "2016-8-14");
INSERT INTO researcher (researcher_id,first_name,last_name,birthdate,gender,organization_id,datework) VALUES ("35935", "Christopher", "Leonard", "1981-2-11", "Non-Binary", "48043", "2016-3-20");
INSERT INTO researcher (researcher_id,first_name,last_name,birthdate,gender,organization_id,datework) VALUES ("86398", "Sandra", "Guzman", "1964-10-13", "Non-Binary", "98444", "2019-11-14");
INSERT INTO researcher (researcher_id,first_name,last_name,birthdate,gender,organization_id,datework) VALUES ("97285", "Bill", "Larson", "1990-11-17", "Non-Binary", "98444", "2020-12-18");
INSERT INTO researcher (researcher_id,first_name,last_name,birthdate,gender,organization_id,datework) VALUES ("36467", "David", "Vasquez", "1995-2-11", "Non-Binary", "86253", "2015-2-15");
INSERT INTO researcher (researcher_id,first_name,last_name,birthdate,gender,organization_id,datework) VALUES ("89351", "Joseph", "Clark", "1966-1-19", "Male", "13952", "2018-1-20");
INSERT INTO researcher (researcher_id,first_name,last_name,birthdate,gender,organization_id,datework) VALUES ("62886", "Dale", "Lee", "1965-10-17", "Non-Binary", "96998", "2017-7-19");

-- program 
INSERT INTO program (program_id,name_pr,management) VALUES ("47287","program911","Richard Allen");
INSERT INTO program (program_id,name_pr,management) VALUES ("92435","program518","Alicia Hernandez");
INSERT INTO program (program_id,name_pr,management) VALUES ("31514","program494","Leah Schmidt");
INSERT INTO program (program_id,name_pr,management) VALUES ("83873","program212","Jason Calderon");
INSERT INTO program (program_id,name_pr,management) VALUES ("14805","program883","Craig Robles");
INSERT INTO program (program_id,name_pr,management) VALUES ("67132","program391","Andrew Vargas");
INSERT INTO program (program_id,name_pr,management) VALUES ("17741","program712","Caitlin Roberts");
INSERT INTO program (program_id,name_pr,management) VALUES ("69440","program255","Judith Lawrence");
INSERT INTO program (program_id,name_pr,management) VALUES ("76321","program312","Alan Smith Jr.");
INSERT INTO program (program_id,name_pr,management) VALUES ("22566","program439","Gregory Guzman");
INSERT INTO program (program_id,name_pr,management) VALUES ("92315","program126","Mario Smith");
INSERT INTO program (program_id,name_pr,management) VALUES ("37590","program692","Michael Wilson");
INSERT INTO program (program_id,name_pr,management) VALUES ("78653","program259","Joshua Washington");
INSERT INTO program (program_id,name_pr,management) VALUES ("26993","program713","Sarah Norris");
INSERT INTO program (program_id,name_pr,management) VALUES ("87304","program952","Angela Salazar");
INSERT INTO program (program_id,name_pr,management) VALUES ("23682","program502","Scott Wilson");
INSERT INTO program (program_id,name_pr,management) VALUES ("61865","program964","Roger King");
INSERT INTO program (program_id,name_pr,management) VALUES ("54232","program139","Brandon Hines");
INSERT INTO program (program_id,name_pr,management) VALUES ("22662","program367","Erica Andrews");
INSERT INTO program (program_id,name_pr,management) VALUES ("25755","program554","Drew Rogers");
INSERT INTO program (program_id,name_pr,management) VALUES ("62755","program556","Monica Mcdonald");
INSERT INTO program (program_id,name_pr,management) VALUES ("95258","program427","Christine Scott");
INSERT INTO program (program_id,name_pr,management) VALUES ("51151","program929","Raven Herrera");
INSERT INTO program (program_id,name_pr,management) VALUES ("43265","program118","Patricia Ferguson");
INSERT INTO program (program_id,name_pr,management) VALUES ("86620","program946","John Chen DDS");
INSERT INTO program (program_id,name_pr,management) VALUES ("98234","program625","Michele Guzman");
INSERT INTO program (program_id,name_pr,management) VALUES ("39347","program258","Ashley Mann");
INSERT INTO program (program_id,name_pr,management) VALUES ("20607","program904","Michael Richard");
INSERT INTO program (program_id,name_pr,management) VALUES ("49307","program637","Joanna Jones");
INSERT INTO program (program_id,name_pr,management) VALUES ("61166","program209","Alicia Foley");
INSERT INTO program (program_id,name_pr,management) VALUES ("31611","program759","Todd Vargas");
INSERT INTO program (program_id,name_pr,management) VALUES ("91424","program599","Amanda Frye");
INSERT INTO program (program_id,name_pr,management) VALUES ("18292","program461","Mrs. Michelle Houston");
INSERT INTO program (program_id,name_pr,management) VALUES ("25038","program693","Clarence Price");
INSERT INTO program (program_id,name_pr,management) VALUES ("52503","program106","Erica Woodard");
INSERT INTO program (program_id,name_pr,management) VALUES ("53850","program681","David Pacheco PhD");
INSERT INTO program (program_id,name_pr,management) VALUES ("33604","program283","Ann White");
INSERT INTO program (program_id,name_pr,management) VALUES ("29535","program229","Michael Scott");
INSERT INTO program (program_id,name_pr,management) VALUES ("87423","program365","Todd Lara");
INSERT INTO program (program_id,name_pr,management) VALUES ("77522","program995","Travis Ford");

-- scientific_field 
INSERT INTO scientific_field (scfield_id,name_scfield) VALUES ("65388","Mathematics");
INSERT INTO scientific_field (scfield_id,name_scfield) VALUES ("67038","Computer Science");
INSERT INTO scientific_field (scfield_id,name_scfield) VALUES ("92588","Physics");
INSERT INTO scientific_field (scfield_id,name_scfield) VALUES ("98179","Biology");
INSERT INTO scientific_field (scfield_id,name_scfield) VALUES ("64694","Chemistry");
INSERT INTO scientific_field (scfield_id,name_scfield) VALUES ("40171","Geology");
INSERT INTO scientific_field (scfield_id,name_scfield) VALUES ("88765","Law");
INSERT INTO scientific_field (scfield_id,name_scfield) VALUES ("22676","Natural Sciences");
INSERT INTO scientific_field (scfield_id,name_scfield) VALUES ("65113","Economics");
INSERT INTO scientific_field (scfield_id,name_scfield) VALUES ("23050","Irrelevant");

-- evaluation 
INSERT INTO evaluation (evaluation_id,grade,date_eval) VALUES ("62894","7", "2014-3-24");
INSERT INTO evaluation (evaluation_id,grade,date_eval) VALUES ("76285","8", "2014-8-24");
INSERT INTO evaluation (evaluation_id,grade,date_eval) VALUES ("22435","8", "2014-12-11");
INSERT INTO evaluation (evaluation_id,grade,date_eval) VALUES ("46860","8", "2014-7-8");
INSERT INTO evaluation (evaluation_id,grade,date_eval) VALUES ("82242","9", "2013-10-12");
INSERT INTO evaluation (evaluation_id,grade,date_eval) VALUES ("36815","10", "2014-10-14");
INSERT INTO evaluation (evaluation_id,grade,date_eval) VALUES ("67176","9", "2014-2-11");
INSERT INTO evaluation (evaluation_id,grade,date_eval) VALUES ("84639","7", "2013-9-12");
INSERT INTO evaluation (evaluation_id,grade,date_eval) VALUES ("30985","9", "2014-11-13");
INSERT INTO evaluation (evaluation_id,grade,date_eval) VALUES ("30408","8", "2014-6-15");
INSERT INTO evaluation (evaluation_id,grade,date_eval) VALUES ("19840","10", "2013-9-15");
INSERT INTO evaluation (evaluation_id,grade,date_eval) VALUES ("13323","10", "2014-4-19");
INSERT INTO evaluation (evaluation_id,grade,date_eval) VALUES ("42240","10", "2014-8-26");
INSERT INTO evaluation (evaluation_id,grade,date_eval) VALUES ("59120","5", "2014-1-1");
INSERT INTO evaluation (evaluation_id,grade,date_eval) VALUES ("27807","7", "2013-6-10");
INSERT INTO evaluation (evaluation_id,grade,date_eval) VALUES ("60734","6", "2014-8-23");
INSERT INTO evaluation (evaluation_id,grade,date_eval) VALUES ("73683","9", "2014-3-1");
INSERT INTO evaluation (evaluation_id,grade,date_eval) VALUES ("24320","8", "2014-10-28");
INSERT INTO evaluation (evaluation_id,grade,date_eval) VALUES ("98131","10", "2013-2-6");
INSERT INTO evaluation (evaluation_id,grade,date_eval) VALUES ("13565","10", "2014-8-14");
INSERT INTO evaluation (evaluation_id,grade,date_eval) VALUES ("67399","9", "2014-6-20");
INSERT INTO evaluation (evaluation_id,grade,date_eval) VALUES ("21576","8", "2014-2-19");
INSERT INTO evaluation (evaluation_id,grade,date_eval) VALUES ("30397","8", "2014-2-10");
INSERT INTO evaluation (evaluation_id,grade,date_eval) VALUES ("66167","9", "2014-7-2");
INSERT INTO evaluation (evaluation_id,grade,date_eval) VALUES ("48822","5", "2014-9-10");
INSERT INTO evaluation (evaluation_id,grade,date_eval) VALUES ("85333","6", "2013-7-11");
INSERT INTO evaluation (evaluation_id,grade,date_eval) VALUES ("79218","9", "2013-8-6");
INSERT INTO evaluation (evaluation_id,grade,date_eval) VALUES ("46060","5", "2013-6-15");
INSERT INTO evaluation (evaluation_id,grade,date_eval) VALUES ("48840","8", "2014-3-21");
INSERT INTO evaluation (evaluation_id,grade,date_eval) VALUES ("66083","5", "2013-10-28");
INSERT INTO evaluation (evaluation_id,grade,date_eval) VALUES ("82996","5", "2014-12-1");
INSERT INTO evaluation (evaluation_id,grade,date_eval) VALUES ("50147","8", "2014-8-14");
INSERT INTO evaluation (evaluation_id,grade,date_eval) VALUES ("48722","7", "2014-1-21");
INSERT INTO evaluation (evaluation_id,grade,date_eval) VALUES ("40791","5", "2013-7-28");
INSERT INTO evaluation (evaluation_id,grade,date_eval) VALUES ("22589","8", "2013-8-4");
INSERT INTO evaluation (evaluation_id,grade,date_eval) VALUES ("12526","5", "2013-12-27");
INSERT INTO evaluation (evaluation_id,grade,date_eval) VALUES ("55778","7", "2013-5-16");
INSERT INTO evaluation (evaluation_id,grade,date_eval) VALUES ("99464","7", "2014-6-5");
INSERT INTO evaluation (evaluation_id,grade,date_eval) VALUES ("62938","9", "2014-3-7");
INSERT INTO evaluation (evaluation_id,grade,date_eval) VALUES ("62916","10", "2014-3-7");
INSERT INTO evaluation (evaluation_id,grade,date_eval) VALUES ("20841","9", "2014-4-19");
INSERT INTO evaluation (evaluation_id,grade,date_eval) VALUES ("81808","10", "2014-10-19");
INSERT INTO evaluation (evaluation_id,grade,date_eval) VALUES ("40896","7", "2013-10-6");
INSERT INTO evaluation (evaluation_id,grade,date_eval) VALUES ("43844","7", "2014-3-7");
INSERT INTO evaluation (evaluation_id,grade,date_eval) VALUES ("14658","8", "2013-12-13");
INSERT INTO evaluation (evaluation_id,grade,date_eval) VALUES ("82424","7", "2014-5-24");
INSERT INTO evaluation (evaluation_id,grade,date_eval) VALUES ("89222","7", "2013-1-2");
INSERT INTO evaluation (evaluation_id,grade,date_eval) VALUES ("32312","7", "2013-12-16");
INSERT INTO evaluation (evaluation_id,grade,date_eval) VALUES ("73844","6", "2013-4-20");
INSERT INTO evaluation (evaluation_id,grade,date_eval) VALUES ("13135","8", "2013-2-3");
INSERT INTO evaluation (evaluation_id,grade,date_eval) VALUES ("70761","9", "2013-11-7");
INSERT INTO evaluation (evaluation_id,grade,date_eval) VALUES ("69176","9", "2014-5-4");
INSERT INTO evaluation (evaluation_id,grade,date_eval) VALUES ("67205","5", "2013-1-20");
INSERT INTO evaluation (evaluation_id,grade,date_eval) VALUES ("53227","10", "2013-2-26");
INSERT INTO evaluation (evaluation_id,grade,date_eval) VALUES ("31885","10", "2013-5-25");
INSERT INTO evaluation (evaluation_id,grade,date_eval) VALUES ("61192","6", "2014-7-19");
INSERT INTO evaluation (evaluation_id,grade,date_eval) VALUES ("57460","6", "2013-10-9");
INSERT INTO evaluation (evaluation_id,grade,date_eval) VALUES ("69639","8", "2014-5-28");
INSERT INTO evaluation (evaluation_id,grade,date_eval) VALUES ("73617","10", "2013-10-11");
INSERT INTO evaluation (evaluation_id,grade,date_eval) VALUES ("24792","6", "2014-5-4");
INSERT INTO evaluation (evaluation_id,grade,date_eval) VALUES ("62881","7", "2013-6-26");
INSERT INTO evaluation (evaluation_id,grade,date_eval) VALUES ("34347","7", "2014-9-18");
INSERT INTO evaluation (evaluation_id,grade,date_eval) VALUES ("95874","10", "2014-2-7");
INSERT INTO evaluation (evaluation_id,grade,date_eval) VALUES ("48790","7", "2013-10-21");
INSERT INTO evaluation (evaluation_id,grade,date_eval) VALUES ("72210","8", "2013-1-23");
INSERT INTO evaluation (evaluation_id,grade,date_eval) VALUES ("88309","9", "2014-2-2");
INSERT INTO evaluation (evaluation_id,grade,date_eval) VALUES ("89750","10", "2013-3-5");
INSERT INTO evaluation (evaluation_id,grade,date_eval) VALUES ("22557","6", "2013-11-7");
INSERT INTO evaluation (evaluation_id,grade,date_eval) VALUES ("75144","6", "2014-12-26");
INSERT INTO evaluation (evaluation_id,grade,date_eval) VALUES ("66410","7", "2014-1-12");
INSERT INTO evaluation (evaluation_id,grade,date_eval) VALUES ("64584","5", "2013-1-22");
INSERT INTO evaluation (evaluation_id,grade,date_eval) VALUES ("83125","6", "2014-7-19");
INSERT INTO evaluation (evaluation_id,grade,date_eval) VALUES ("65898","9", "2014-3-26");
INSERT INTO evaluation (evaluation_id,grade,date_eval) VALUES ("90320","10", "2014-12-11");
INSERT INTO evaluation (evaluation_id,grade,date_eval) VALUES ("50849","7", "2014-4-16");
INSERT INTO evaluation (evaluation_id,grade,date_eval) VALUES ("22721","7", "2014-4-8");
INSERT INTO evaluation (evaluation_id,grade,date_eval) VALUES ("65957","8", "2013-7-24");
INSERT INTO evaluation (evaluation_id,grade,date_eval) VALUES ("37649","10", "2014-4-4");
INSERT INTO evaluation (evaluation_id,grade,date_eval) VALUES ("56346","9", "2013-12-11");
INSERT INTO evaluation (evaluation_id,grade,date_eval) VALUES ("20865","9", "2014-2-16");
INSERT INTO evaluation (evaluation_id,grade,date_eval) VALUES ("71966","5", "2013-2-12");
INSERT INTO evaluation (evaluation_id,grade,date_eval) VALUES ("20532","10", "2013-3-27");
INSERT INTO evaluation (evaluation_id,grade,date_eval) VALUES ("37119","10", "2013-8-27");
INSERT INTO evaluation (evaluation_id,grade,date_eval) VALUES ("20896","10", "2013-9-14");
INSERT INTO evaluation (evaluation_id,grade,date_eval) VALUES ("76297","8", "2013-5-10");
INSERT INTO evaluation (evaluation_id,grade,date_eval) VALUES ("51896","10", "2014-2-11");
INSERT INTO evaluation (evaluation_id,grade,date_eval) VALUES ("84799","8", "2014-6-26");
INSERT INTO evaluation (evaluation_id,grade,date_eval) VALUES ("29345","8", "2013-11-28");
INSERT INTO evaluation (evaluation_id,grade,date_eval) VALUES ("44155","7", "2013-12-12");
INSERT INTO evaluation (evaluation_id,grade,date_eval) VALUES ("93023","9", "2013-6-14");
INSERT INTO evaluation (evaluation_id,grade,date_eval) VALUES ("26474","7", "2014-4-24");
INSERT INTO evaluation (evaluation_id,grade,date_eval) VALUES ("81493","10", "2013-9-3");
INSERT INTO evaluation (evaluation_id,grade,date_eval) VALUES ("35636","10", "2013-5-24");
INSERT INTO evaluation (evaluation_id,grade,date_eval) VALUES ("75307","6", "2014-10-7");
INSERT INTO evaluation (evaluation_id,grade,date_eval) VALUES ("95759","5", "2014-4-24");
INSERT INTO evaluation (evaluation_id,grade,date_eval) VALUES ("24234","5", "2014-5-26");
INSERT INTO evaluation (evaluation_id,grade,date_eval) VALUES ("24307","6", "2013-7-4");
INSERT INTO evaluation (evaluation_id,grade,date_eval) VALUES ("23128","10", "2013-9-23");
INSERT INTO evaluation (evaluation_id,grade,date_eval) VALUES ("96656","8", "2014-4-26");
INSERT INTO evaluation (evaluation_id,grade,date_eval) VALUES ("74525","6", "2014-4-24");

-- executive 
INSERT INTO executive (executive_id,name_ex) VALUES ("49595","Courtney Parker");
INSERT INTO executive (executive_id,name_ex) VALUES ("11604","Dorothy Parker");
INSERT INTO executive (executive_id,name_ex) VALUES ("54439","Katie Barnes");
INSERT INTO executive (executive_id,name_ex) VALUES ("26834","John Reid");
INSERT INTO executive (executive_id,name_ex) VALUES ("75001","Benjamin Henderson");
INSERT INTO executive (executive_id,name_ex) VALUES ("86506","Marcus Smith");
INSERT INTO executive (executive_id,name_ex) VALUES ("98811","Heather Simon");
INSERT INTO executive (executive_id,name_ex) VALUES ("79418","Christopher Little");
INSERT INTO executive (executive_id,name_ex) VALUES ("92089","Jason Bailey");
INSERT INTO executive (executive_id,name_ex) VALUES ("26953","Jennifer Boyd");
INSERT INTO executive (executive_id,name_ex) VALUES ("18543","Cynthia Williams");
INSERT INTO executive (executive_id,name_ex) VALUES ("84915","Scott Black");
INSERT INTO executive (executive_id,name_ex) VALUES ("71768","Jamie Pruitt");
INSERT INTO executive (executive_id,name_ex) VALUES ("29227","Jose Baker Jr.");
INSERT INTO executive (executive_id,name_ex) VALUES ("20165","Stephanie Anthony");
INSERT INTO executive (executive_id,name_ex) VALUES ("37654","Bradley Levine");
INSERT INTO executive (executive_id,name_ex) VALUES ("82367","Nicole Acosta");
INSERT INTO executive (executive_id,name_ex) VALUES ("26902","Jessica Jennings");
INSERT INTO executive (executive_id,name_ex) VALUES ("28459","Chase Huerta");
INSERT INTO executive (executive_id,name_ex) VALUES ("58753","Stephanie Collins");
INSERT INTO executive (executive_id,name_ex) VALUES ("58370","Joshua Stanton");
INSERT INTO executive (executive_id,name_ex) VALUES ("76697","Brooke Rivera");
INSERT INTO executive (executive_id,name_ex) VALUES ("11779","Jesse Schneider");
INSERT INTO executive (executive_id,name_ex) VALUES ("82664","Rodney Mcdaniel");
INSERT INTO executive (executive_id,name_ex) VALUES ("25480","Tyler Guzman");
INSERT INTO executive (executive_id,name_ex) VALUES ("69633","Monica Barton");
INSERT INTO executive (executive_id,name_ex) VALUES ("39727","Michelle Walker");
INSERT INTO executive (executive_id,name_ex) VALUES ("55247","Maria Johnson");
INSERT INTO executive (executive_id,name_ex) VALUES ("11023","Craig Garcia");
INSERT INTO executive (executive_id,name_ex) VALUES ("73920","Christopher Valenzuela");
INSERT INTO executive (executive_id,name_ex) VALUES ("58702","Derek Smith");
INSERT INTO executive (executive_id,name_ex) VALUES ("23625","Donna Thomas");
INSERT INTO executive (executive_id,name_ex) VALUES ("72527","Bianca Smith");
INSERT INTO executive (executive_id,name_ex) VALUES ("42433","Ashley Bass");
INSERT INTO executive (executive_id,name_ex) VALUES ("93413","William Orr");
INSERT INTO executive (executive_id,name_ex) VALUES ("96456","Tony Hale");
INSERT INTO executive (executive_id,name_ex) VALUES ("60736","Ryan Lowe");
INSERT INTO executive (executive_id,name_ex) VALUES ("32625","David Krueger");
INSERT INTO executive (executive_id,name_ex) VALUES ("48637","Jessica Washington");
INSERT INTO executive (executive_id,name_ex) VALUES ("74058","Joshua Campbell");
INSERT INTO executive (executive_id,name_ex) VALUES ("73311","Jessica Bright");
INSERT INTO executive (executive_id,name_ex) VALUES ("34561","Mr. Eric Berry");
INSERT INTO executive (executive_id,name_ex) VALUES ("61624","Sarah Klein");
INSERT INTO executive (executive_id,name_ex) VALUES ("72659","Allison Gardner");
INSERT INTO executive (executive_id,name_ex) VALUES ("12843","Stephanie Valencia");
INSERT INTO executive (executive_id,name_ex) VALUES ("96477","Katrina Lamb");
INSERT INTO executive (executive_id,name_ex) VALUES ("98311","Kirk Lee");
INSERT INTO executive (executive_id,name_ex) VALUES ("95308","Mrs. Audrey Cook MD");
INSERT INTO executive (executive_id,name_ex) VALUES ("94652","Daniel Taylor");
INSERT INTO executive (executive_id,name_ex) VALUES ("61291","Michael Mullins");
INSERT INTO executive (executive_id,name_ex) VALUES ("36406","Elizabeth Ingram");
INSERT INTO executive (executive_id,name_ex) VALUES ("15364","Robert Shaw");
INSERT INTO executive (executive_id,name_ex) VALUES ("98892","Brandi Sanchez");
INSERT INTO executive (executive_id,name_ex) VALUES ("83878","Carlos Dominguez");
INSERT INTO executive (executive_id,name_ex) VALUES ("52647","Patricia Vincent");
INSERT INTO executive (executive_id,name_ex) VALUES ("10628","Catherine Powell");
INSERT INTO executive (executive_id,name_ex) VALUES ("13759","Thomas Sanchez");
INSERT INTO executive (executive_id,name_ex) VALUES ("84569","Luis White");
INSERT INTO executive (executive_id,name_ex) VALUES ("81490","Beth Gallagher");
INSERT INTO executive (executive_id,name_ex) VALUES ("77692","James Meyer");
INSERT INTO executive (executive_id,name_ex) VALUES ("66601","Peter Bruce");
INSERT INTO executive (executive_id,name_ex) VALUES ("36455","Amy Carter");
INSERT INTO executive (executive_id,name_ex) VALUES ("38868","Cody Miller");
INSERT INTO executive (executive_id,name_ex) VALUES ("93646","Dana Baker");
INSERT INTO executive (executive_id,name_ex) VALUES ("26066","Laurie Hurley");
INSERT INTO executive (executive_id,name_ex) VALUES ("75004","Mr. Joseph Lynch");
INSERT INTO executive (executive_id,name_ex) VALUES ("14369","Lisa Hart");
INSERT INTO executive (executive_id,name_ex) VALUES ("63447","Mark Nguyen");
INSERT INTO executive (executive_id,name_ex) VALUES ("47226","Heather Miller");
INSERT INTO executive (executive_id,name_ex) VALUES ("90309","Jennifer Baker");
INSERT INTO executive (executive_id,name_ex) VALUES ("76922","Craig Griffin");
INSERT INTO executive (executive_id,name_ex) VALUES ("62204","Kathy Juarez");
INSERT INTO executive (executive_id,name_ex) VALUES ("21597","Jennifer Robertson");
INSERT INTO executive (executive_id,name_ex) VALUES ("57507","Justin Rodriguez");
INSERT INTO executive (executive_id,name_ex) VALUES ("20574","Jesus Chapman");
INSERT INTO executive (executive_id,name_ex) VALUES ("98031","Matthew Harris");
INSERT INTO executive (executive_id,name_ex) VALUES ("63015","Sharon Petersen");
INSERT INTO executive (executive_id,name_ex) VALUES ("16532","Jenny Turner");
INSERT INTO executive (executive_id,name_ex) VALUES ("50685","Lynn Rodriguez");
INSERT INTO executive (executive_id,name_ex) VALUES ("93692","Miss Toni Cantu");
INSERT INTO executive (executive_id,name_ex) VALUES ("50559","Spencer Garza");
INSERT INTO executive (executive_id,name_ex) VALUES ("60944","Nicholas Fisher");
INSERT INTO executive (executive_id,name_ex) VALUES ("73339","Kerry Smith");
INSERT INTO executive (executive_id,name_ex) VALUES ("86473","Alicia Mullins");
INSERT INTO executive (executive_id,name_ex) VALUES ("41993","Kristin Nunez");
INSERT INTO executive (executive_id,name_ex) VALUES ("71127","Julian Gates");
INSERT INTO executive (executive_id,name_ex) VALUES ("81355","Nicole Fernandez");
INSERT INTO executive (executive_id,name_ex) VALUES ("24689","Brittany Johnson");
INSERT INTO executive (executive_id,name_ex) VALUES ("22835","Renee Byrd");
INSERT INTO executive (executive_id,name_ex) VALUES ("11135","Sally Cervantes");
INSERT INTO executive (executive_id,name_ex) VALUES ("20550","Sandra Kelly");
INSERT INTO executive (executive_id,name_ex) VALUES ("12512","Erin Obrien");
INSERT INTO executive (executive_id,name_ex) VALUES ("96315","Thomas Turner");
INSERT INTO executive (executive_id,name_ex) VALUES ("40298","Philip Holmes");
INSERT INTO executive (executive_id,name_ex) VALUES ("30065","Matthew Hall");
INSERT INTO executive (executive_id,name_ex) VALUES ("76441","Mary Horne");
INSERT INTO executive (executive_id,name_ex) VALUES ("35721","Mitchell Williamson");
INSERT INTO executive (executive_id,name_ex) VALUES ("73530","Ann Bryant");
INSERT INTO executive (executive_id,name_ex) VALUES ("77912","Cynthia Rios");
INSERT INTO executive (executive_id,name_ex) VALUES ("89106","Steven Jordan");

-- project 
INSERT INTO project (project_id,title,start_date,end_date,abstract,funds,evaluator_id,accountable_id,program_id,executive_id,organization_id,evaluation_id) VALUES ("29178","project647", "2018-5-15", "2020-6-4", "Oil side idea of. Type property see mind majority expert since message.", "609485", "46144", "65397", "91424", "41993", "36903", "35636");
INSERT INTO project (project_id,title,start_date,end_date,abstract,funds,evaluator_id,accountable_id,program_id,executive_id,organization_id,evaluation_id) VALUES ("94246","project393", "2017-11-21", "2020-3-21", "Film treatment indeed source range every.", "533563", "75945", "98869", "14805", "98031", "86253", "24792");
INSERT INTO project (project_id,title,start_date,end_date,abstract,funds,evaluator_id,accountable_id,program_id,executive_id,organization_id,evaluation_id) VALUES ("86367","project520", "2015-12-1", "2017-12-7", "Look learn yeah tonight. Rise live line their.", "930027", "58707", "51582", "47287", "58753", "14860", "43844");
INSERT INTO project (project_id,title,start_date,end_date,abstract,funds,evaluator_id,accountable_id,program_id,executive_id,organization_id,evaluation_id) VALUES ("32353","project379", "2022-10-9", "2024-5-3", "Manage able challenge lead entire buy start culture.", "415381", "86398", "93289", "52503", "38868", "20725", "22589");
INSERT INTO project (project_id,title,start_date,end_date,abstract,funds,evaluator_id,accountable_id,program_id,executive_id,organization_id,evaluation_id) VALUES ("81354","project949", "2015-2-5", "2017-3-7", "Tell future enough nice green almost.", "138196", "55868", "65397", "39347", "26953", "76885", "24320");
INSERT INTO project (project_id,title,start_date,end_date,abstract,funds,evaluator_id,accountable_id,program_id,executive_id,organization_id,evaluation_id) VALUES ("73415","project334", "2017-6-27", "2019-4-9", "Do put much contain into inside difficult.", "575765", "95301", "59197", "86620", "93646", "87687", "99464");
INSERT INTO project (project_id,title,start_date,end_date,abstract,funds,evaluator_id,accountable_id,program_id,executive_id,organization_id,evaluation_id) VALUES ("23726","project507", "2021-4-7", "2024-4-16", "Every pass bed ask surface glass western study. Stuff vote film else article help.", "175566", "77434", "98809", "23682", "89106", "51047", "64584");
INSERT INTO project (project_id,title,start_date,end_date,abstract,funds,evaluator_id,accountable_id,program_id,executive_id,organization_id,evaluation_id) VALUES ("78771","project696", "2021-6-9", "2023-1-7", "Especially western everybody. Democratic rule heavy whose idea.", "183983", "37925", "32952", "61865", "86473", "27617", "21576");
INSERT INTO project (project_id,title,start_date,end_date,abstract,funds,evaluator_id,accountable_id,program_id,executive_id,organization_id,evaluation_id) VALUES ("53568","project380", "2018-6-27", "2021-6-18", "Election agree life much gun. Shoulder turn as dark history bill floor.", "560127", "69112", "79818", "18292", "79418", "51047", "64584");
INSERT INTO project (project_id,title,start_date,end_date,abstract,funds,evaluator_id,accountable_id,program_id,executive_id,organization_id,evaluation_id) VALUES ("77403","project395", "2019-12-13", "2022-5-14", "Father suddenly fear listen.", "619701", "17519", "59427", "23682", "11779", "18327", "20896");
INSERT INTO project (project_id,title,start_date,end_date,abstract,funds,evaluator_id,accountable_id,program_id,executive_id,organization_id,evaluation_id) VALUES ("57097","project628", "2021-4-6", "2023-6-8", "Brother help word investment future. Road service choose off.", "299474", "83475", "76600", "76321", "63447", "25606", "73617");
INSERT INTO project (project_id,title,start_date,end_date,abstract,funds,evaluator_id,accountable_id,program_id,executive_id,organization_id,evaluation_id) VALUES ("72558","project167", "2019-7-11", "2021-1-7", "Available head rule general.", "364579", "28107", "79069", "91424", "77692", "56042", "50147");
INSERT INTO project (project_id,title,start_date,end_date,abstract,funds,evaluator_id,accountable_id,program_id,executive_id,organization_id,evaluation_id) VALUES ("92724","project583", "2020-8-21", "2022-10-6", "Factor than again respond. As discover message office wife throughout.", "447608", "20973", "55868", "23682", "54439", "14185", "73617");
INSERT INTO project (project_id,title,start_date,end_date,abstract,funds,evaluator_id,accountable_id,program_id,executive_id,organization_id,evaluation_id) VALUES ("87287","project759", "2016-5-26", "2019-1-13", "Speak morning shoulder western similar past.", "530798", "61527", "59197", "18292", "39727", "34906", "69639");
INSERT INTO project (project_id,title,start_date,end_date,abstract,funds,evaluator_id,accountable_id,program_id,executive_id,organization_id,evaluation_id) VALUES ("21463","project451", "2016-6-7", "2019-1-7", "Work main cup new job nice drive.", "600047", "40870", "75380", "53850", "62204", "36903", "30397");
INSERT INTO project (project_id,title,start_date,end_date,abstract,funds,evaluator_id,accountable_id,program_id,executive_id,organization_id,evaluation_id) VALUES ("19491","project955", "2015-12-26", "2018-12-10", "Certain sign then move nice.", "329788", "18513", "93061", "52503", "61624", "51929", "37649");
INSERT INTO project (project_id,title,start_date,end_date,abstract,funds,evaluator_id,accountable_id,program_id,executive_id,organization_id,evaluation_id) VALUES ("17615","project983", "2015-8-25", "2017-8-26", "Data everything already idea others control sound. Skin war little challenge help.", "282712", "37029", "58101", "92435", "20574", "56042", "13135");
INSERT INTO project (project_id,title,start_date,end_date,abstract,funds,evaluator_id,accountable_id,program_id,executive_id,organization_id,evaluation_id) VALUES ("73996","project761", "2019-7-6", "2022-9-1", "Beat event off prove year dark decade several. Decide beyond science could difficult man exactly player.", "461911", "63924", "79069", "25755", "90309", "25606", "69176");
INSERT INTO project (project_id,title,start_date,end_date,abstract,funds,evaluator_id,accountable_id,program_id,executive_id,organization_id,evaluation_id) VALUES ("59911","project411", "2022-2-18", "2024-10-20", "Name themselves science good police.", "895836", "98869", "52588", "83873", "58702", "56042", "26474");
INSERT INTO project (project_id,title,start_date,end_date,abstract,funds,evaluator_id,accountable_id,program_id,executive_id,organization_id,evaluation_id) VALUES ("56118","project548", "2020-12-27", "2022-3-6", "They raise pretty guess station. Physical serious now win like though central foreign.", "658739", "15197", "80621", "14805", "11779", "92199", "21576");
INSERT INTO project (project_id,title,start_date,end_date,abstract,funds,evaluator_id,accountable_id,program_id,executive_id,organization_id,evaluation_id) VALUES ("29895","project642", "2020-5-26", "2023-9-14", "Success career chair. Pm husband method mind rise find especially.", "463586", "19186", "86392", "52503", "58753", "41689", "69639");
INSERT INTO project (project_id,title,start_date,end_date,abstract,funds,evaluator_id,accountable_id,program_id,executive_id,organization_id,evaluation_id) VALUES ("39514","project328", "2019-11-18", "2021-1-22", "Administration purpose former lot professional too.", "491843", "63924", "59427", "77522", "84569", "41689", "83125");
INSERT INTO project (project_id,title,start_date,end_date,abstract,funds,evaluator_id,accountable_id,program_id,executive_id,organization_id,evaluation_id) VALUES ("36617","project346", "2015-8-26", "2018-8-6", "Our must coach far whether official also human. Enough network particular federal thing next east allow.", "732404", "85300", "96398", "31611", "26953", "26769", "65898");
INSERT INTO project (project_id,title,start_date,end_date,abstract,funds,evaluator_id,accountable_id,program_id,executive_id,organization_id,evaluation_id) VALUES ("13975","project462", "2018-2-2", "2021-11-11", "Behavior leg might push wide.", "287619", "78345", "78320", "25755", "98811", "41689", "93023");
INSERT INTO project (project_id,title,start_date,end_date,abstract,funds,evaluator_id,accountable_id,program_id,executive_id,organization_id,evaluation_id) VALUES ("13882","project300", "2021-2-4", "2023-3-18", "Guess campaign rock.", "246481", "14455", "59427", "25038", "15364", "86253", "22721");
INSERT INTO project (project_id,title,start_date,end_date,abstract,funds,evaluator_id,accountable_id,program_id,executive_id,organization_id,evaluation_id) VALUES ("99134","project421", "2016-11-15", "2019-5-26", "Television participant suffer thing.", "713762", "85488", "94276", "92435", "71127", "56042", "21576");
INSERT INTO project (project_id,title,start_date,end_date,abstract,funds,evaluator_id,accountable_id,program_id,executive_id,organization_id,evaluation_id) VALUES ("30616","project275", "2016-2-28", "2019-3-5", "Learn head prove speech.", "930301", "77639", "79818", "54232", "81490", "27617", "37119");
INSERT INTO project (project_id,title,start_date,end_date,abstract,funds,evaluator_id,accountable_id,program_id,executive_id,organization_id,evaluation_id) VALUES ("98436","project370", "2015-11-1", "2017-8-12", "Fear hear throw sound site nature seven tax.", "856460", "90119", "73114", "22662", "90309", "76885", "50849");
INSERT INTO project (project_id,title,start_date,end_date,abstract,funds,evaluator_id,accountable_id,program_id,executive_id,organization_id,evaluation_id) VALUES ("70657","project491", "2017-3-2", "2020-4-19", "Hotel country voice more political because establish.", "166276", "75162", "89993", "43265", "10628", "36903", "24792");
INSERT INTO project (project_id,title,start_date,end_date,abstract,funds,evaluator_id,accountable_id,program_id,executive_id,organization_id,evaluation_id) VALUES ("68557","project704", "2021-9-13", "2024-10-8", "Maintain itself boy test boy feeling body probably. Prepare mind capital service everything employee.", "891399", "19657", "80409", "22566", "26953", "86941", "24307");
INSERT INTO project (project_id,title,start_date,end_date,abstract,funds,evaluator_id,accountable_id,program_id,executive_id,organization_id,evaluation_id) VALUES ("71395","project845", "2017-2-4", "2019-6-17", "Suffer base check.", "532552", "53250", "33785", "92315", "36406", "20725", "89750");
INSERT INTO project (project_id,title,start_date,end_date,abstract,funds,evaluator_id,accountable_id,program_id,executive_id,organization_id,evaluation_id) VALUES ("57081","project603", "2016-10-11", "2018-10-26", "Outside whom show glass number. Choose election activity music magazine.", "781804", "59427", "75172", "61865", "30065", "86253", "20865");
INSERT INTO project (project_id,title,start_date,end_date,abstract,funds,evaluator_id,accountable_id,program_id,executive_id,organization_id,evaluation_id) VALUES ("15798","project624", "2017-5-9", "2019-9-7", "Someone say measure social can yourself night.", "363259", "67504", "18372", "52503", "82664", "41689", "51896");
INSERT INTO project (project_id,title,start_date,end_date,abstract,funds,evaluator_id,accountable_id,program_id,executive_id,organization_id,evaluation_id) VALUES ("55537","project966", "2021-3-13", "2023-12-17", "Sort free nice door three. Voice fast question debate.", "954101", "50395", "53250", "77522", "71127", "27617", "30985");
INSERT INTO project (project_id,title,start_date,end_date,abstract,funds,evaluator_id,accountable_id,program_id,executive_id,organization_id,evaluation_id) VALUES ("56502","project305", "2020-10-25", "2022-9-25", "Leader conference into race pass.", "276204", "75945", "80445", "47287", "11023", "86253", "13565");
INSERT INTO project (project_id,title,start_date,end_date,abstract,funds,evaluator_id,accountable_id,program_id,executive_id,organization_id,evaluation_id) VALUES ("97913","project952", "2019-9-19", "2022-2-2", "Picture majority range easy exactly new.", "685454", "94276", "45099", "49307", "90309", "51929", "96656");
INSERT INTO project (project_id,title,start_date,end_date,abstract,funds,evaluator_id,accountable_id,program_id,executive_id,organization_id,evaluation_id) VALUES ("75977","project112", "2015-7-25", "2017-2-24", "Mouth we although will painting hand. Inside remain type not Mr along actually.", "339049", "17072", "21349", "98234", "36455", "14185", "62881");
INSERT INTO project (project_id,title,start_date,end_date,abstract,funds,evaluator_id,accountable_id,program_id,executive_id,organization_id,evaluation_id) VALUES ("78738","project684", "2019-7-1", "2021-4-19", "Arrive finish end economy interview person.", "720657", "17321", "14092", "78653", "96315", "41689", "42240");
INSERT INTO project (project_id,title,start_date,end_date,abstract,funds,evaluator_id,accountable_id,program_id,executive_id,organization_id,evaluation_id) VALUES ("97246","project974", "2017-11-27", "2019-12-6", "Participant evidence spring learn institution discover.", "136440", "76600", "35695", "78653", "73920", "13952", "30985");
INSERT INTO project (project_id,title,start_date,end_date,abstract,funds,evaluator_id,accountable_id,program_id,executive_id,organization_id,evaluation_id) VALUES ("80168","project823", "2017-8-4", "2020-9-9", "Number maintain pull machine about stand position amount.", "640829", "28107", "37046", "25038", "26953", "44615", "74525");
INSERT INTO project (project_id,title,start_date,end_date,abstract,funds,evaluator_id,accountable_id,program_id,executive_id,organization_id,evaluation_id) VALUES ("42850","project679", "2021-2-13", "2024-10-19", "Wear ground subject page.", "833035", "81214", "19657", "86620", "95308", "51047", "20865");
INSERT INTO project (project_id,title,start_date,end_date,abstract,funds,evaluator_id,accountable_id,program_id,executive_id,organization_id,evaluation_id) VALUES ("54521","project896", "2022-11-19", "2025-10-7", "Quality best should like than manage.", "425435", "86376", "49338", "76321", "83878", "98133", "73683");
INSERT INTO project (project_id,title,start_date,end_date,abstract,funds,evaluator_id,accountable_id,program_id,executive_id,organization_id,evaluation_id) VALUES ("17532","project489", "2022-5-8", "2025-7-8", "Listen require recently large quite. Plant music write oil upon type summer.", "168176", "41282", "19186", "52503", "60736", "18327", "13323");
INSERT INTO project (project_id,title,start_date,end_date,abstract,funds,evaluator_id,accountable_id,program_id,executive_id,organization_id,evaluation_id) VALUES ("14828","project726", "2017-4-17", "2019-4-27", "Agreement generation class she establish action. Fund doctor expect pick father.", "733895", "67079", "20317", "18292", "20550", "76383", "71966");
INSERT INTO project (project_id,title,start_date,end_date,abstract,funds,evaluator_id,accountable_id,program_id,executive_id,organization_id,evaluation_id) VALUES ("60617","project894", "2015-8-3", "2018-6-3", "Everything drug two middle.", "427159", "33735", "85300", "37590", "76922", "26769", "83125");
INSERT INTO project (project_id,title,start_date,end_date,abstract,funds,evaluator_id,accountable_id,program_id,executive_id,organization_id,evaluation_id) VALUES ("29845","project416", "2018-10-16", "2020-11-27", "Nothing nature old subject draw economic our.", "296013", "47750", "54931", "61865", "57507", "87687", "42240");
INSERT INTO project (project_id,title,start_date,end_date,abstract,funds,evaluator_id,accountable_id,program_id,executive_id,organization_id,evaluation_id) VALUES ("62276","project812", "2021-4-26", "2024-12-20", "Perform wait consider put fear instead.", "463067", "36467", "38630", "67132", "42433", "14860", "81493");
INSERT INTO project (project_id,title,start_date,end_date,abstract,funds,evaluator_id,accountable_id,program_id,executive_id,organization_id,evaluation_id) VALUES ("24370","project623", "2019-5-11", "2022-10-21", "Near heart address different situation send. Meeting pattern daughter.", "741180", "35695", "52020", "26993", "20550", "34906", "76297");
INSERT INTO project (project_id,title,start_date,end_date,abstract,funds,evaluator_id,accountable_id,program_id,executive_id,organization_id,evaluation_id) VALUES ("74606","project961", "2015-6-3", "2018-11-3", "Item bad almost example account lawyer few sister. Tree learn popular.", "735208", "37046", "20317", "91424", "60944", "26769", "48840");
INSERT INTO project (project_id,title,start_date,end_date,abstract,funds,evaluator_id,accountable_id,program_id,executive_id,organization_id,evaluation_id) VALUES ("42816","project208", "2017-9-25", "2020-12-3", "She environmental would them expert cover.", "777974", "64762", "56335", "86620", "63447", "96998", "84799");
INSERT INTO project (project_id,title,start_date,end_date,abstract,funds,evaluator_id,accountable_id,program_id,executive_id,organization_id,evaluation_id) VALUES ("61361","project430", "2022-5-13", "2024-1-9", "Kind edge professional role reflect throw. Great answer deep score road ok.", "551946", "56255", "65397", "54232", "73339", "53674", "48822");
INSERT INTO project (project_id,title,start_date,end_date,abstract,funds,evaluator_id,accountable_id,program_id,executive_id,organization_id,evaluation_id) VALUES ("99077","project986", "2021-12-5", "2024-5-20", "Create house could their need.", "811463", "93061", "37562", "49307", "11023", "51929", "13565");
INSERT INTO project (project_id,title,start_date,end_date,abstract,funds,evaluator_id,accountable_id,program_id,executive_id,organization_id,evaluation_id) VALUES ("41008","project946", "2020-12-21", "2023-10-18", "Either buy brother project experience what scientist. Prepare production subject.", "132617", "35695", "96398", "17741", "20550", "92199", "57460");
INSERT INTO project (project_id,title,start_date,end_date,abstract,funds,evaluator_id,accountable_id,program_id,executive_id,organization_id,evaluation_id) VALUES ("75296","project893", "2015-12-18", "2017-6-18", "Next glass gun room.", "236713", "77306", "44171", "91424", "81490", "27617", "82996");
INSERT INTO project (project_id,title,start_date,end_date,abstract,funds,evaluator_id,accountable_id,program_id,executive_id,organization_id,evaluation_id) VALUES ("57424","project434", "2015-4-25", "2018-2-16", "Pressure nearly pay human until.", "272220", "96398", "75172", "83873", "28459", "25606", "96656");
INSERT INTO project (project_id,title,start_date,end_date,abstract,funds,evaluator_id,accountable_id,program_id,executive_id,organization_id,evaluation_id) VALUES ("86886","project162", "2022-5-23", "2025-3-15", "Agency her none artist technology matter could.", "231506", "80621", "86972", "54232", "73920", "51047", "67176");
INSERT INTO project (project_id,title,start_date,end_date,abstract,funds,evaluator_id,accountable_id,program_id,executive_id,organization_id,evaluation_id) VALUES ("31167","project650", "2021-8-24", "2023-6-21", "Those laugh impact three consider too important us.", "730794", "81241", "54931", "31611", "42433", "57732", "64584");
INSERT INTO project (project_id,title,start_date,end_date,abstract,funds,evaluator_id,accountable_id,program_id,executive_id,organization_id,evaluation_id) VALUES ("71814","project747", "2016-7-14", "2018-6-10", "Paper few office ahead suggest team must.", "574185", "56994", "86972", "51151", "58370", "87687", "20532");
INSERT INTO project (project_id,title,start_date,end_date,abstract,funds,evaluator_id,accountable_id,program_id,executive_id,organization_id,evaluation_id) VALUES ("35372","project344", "2017-4-13", "2019-7-22", "Left research election network anyone understand career.", "821231", "72994", "14455", "49307", "77912", "98133", "69176");
INSERT INTO project (project_id,title,start_date,end_date,abstract,funds,evaluator_id,accountable_id,program_id,executive_id,organization_id,evaluation_id) VALUES ("96195","project934", "2019-8-17", "2021-9-15", "Baby garden name example threat off before. Total field accept western anyone hope.", "699196", "93929", "81080", "49307", "90309", "14860", "69639");
INSERT INTO project (project_id,title,start_date,end_date,abstract,funds,evaluator_id,accountable_id,program_id,executive_id,organization_id,evaluation_id) VALUES ("80874","project252", "2022-7-3", "2025-10-18", "Ever general medical people up.", "588788", "11726", "64872", "77522", "82664", "74601", "98131");
INSERT INTO project (project_id,title,start_date,end_date,abstract,funds,evaluator_id,accountable_id,program_id,executive_id,organization_id,evaluation_id) VALUES ("69619","project441", "2015-2-25", "2018-1-1", "Why decision sense spring bag. Camera probably administration hope sister return condition.", "310453", "33745", "97285", "31611", "98031", "76383", "82242");
INSERT INTO project (project_id,title,start_date,end_date,abstract,funds,evaluator_id,accountable_id,program_id,executive_id,organization_id,evaluation_id) VALUES ("13922","project636", "2015-2-14", "2018-5-9", "Pull a cut new artist. Son ten join city their study two.", "590582", "97503", "93061", "29535", "69633", "74601", "20841");
INSERT INTO project (project_id,title,start_date,end_date,abstract,funds,evaluator_id,accountable_id,program_id,executive_id,organization_id,evaluation_id) VALUES ("87119","project534", "2021-5-10", "2024-11-23", "Nothing since indicate new prepare measure.", "176974", "61527", "14092", "18292", "98892", "76885", "65898");
INSERT INTO project (project_id,title,start_date,end_date,abstract,funds,evaluator_id,accountable_id,program_id,executive_id,organization_id,evaluation_id) VALUES ("63551","project953", "2022-2-19", "2024-5-27", "Modern continue doctor century often. Price however standard military.", "340810", "96259", "54931", "91424", "96456", "26769", "29345");
INSERT INTO project (project_id,title,start_date,end_date,abstract,funds,evaluator_id,accountable_id,program_id,executive_id,organization_id,evaluation_id) VALUES ("54413","project993", "2019-4-22", "2021-2-8", "Fast oil area want authority little maybe.", "603011", "14455", "49338", "91424", "57507", "56042", "88309");
INSERT INTO project (project_id,title,start_date,end_date,abstract,funds,evaluator_id,accountable_id,program_id,executive_id,organization_id,evaluation_id) VALUES ("16732","project206", "2016-9-19", "2019-12-7", "Reveal together hotel always Democrat yet.", "910542", "18372", "93289", "91424", "93692", "86253", "70761");
INSERT INTO project (project_id,title,start_date,end_date,abstract,funds,evaluator_id,accountable_id,program_id,executive_id,organization_id,evaluation_id) VALUES ("79766","project236", "2019-3-13", "2022-2-22", "Even lay truth present. Sister sort choice control quality whether.", "915794", "45116", "80409", "43265", "73530", "51929", "99464");
INSERT INTO project (project_id,title,start_date,end_date,abstract,funds,evaluator_id,accountable_id,program_id,executive_id,organization_id,evaluation_id) VALUES ("34073","project634", "2021-6-21", "2024-4-9", "Machine include mouth. Buy yard face step someone central.", "760911", "97821", "98809", "61865", "50685", "80890", "30397");
INSERT INTO project (project_id,title,start_date,end_date,abstract,funds,evaluator_id,accountable_id,program_id,executive_id,organization_id,evaluation_id) VALUES ("46925","project443", "2019-2-16", "2022-3-26", "Main suffer affect national method else must manage.", "193785", "96259", "75695", "69440", "76441", "25606", "71966");
INSERT INTO project (project_id,title,start_date,end_date,abstract,funds,evaluator_id,accountable_id,program_id,executive_id,organization_id,evaluation_id) VALUES ("14058","project309", "2018-5-16", "2021-4-5", "Us indeed easy sign. Protect food face himself team pressure that.", "398683", "98011", "38978", "43265", "54439", "14860", "27807");
INSERT INTO project (project_id,title,start_date,end_date,abstract,funds,evaluator_id,accountable_id,program_id,executive_id,organization_id,evaluation_id) VALUES ("82656","project313", "2022-7-15", "2024-3-27", "Institution fish how choose yourself.", "286894", "21109", "96259", "78653", "50559", "14185", "84799");
INSERT INTO project (project_id,title,start_date,end_date,abstract,funds,evaluator_id,accountable_id,program_id,executive_id,organization_id,evaluation_id) VALUES ("47072","project384", "2022-11-8", "2024-3-15", "Himself whatever prove pay baby. Friend during approach leader.", "121529", "49338", "59197", "76321", "62204", "51929", "20841");
INSERT INTO project (project_id,title,start_date,end_date,abstract,funds,evaluator_id,accountable_id,program_id,executive_id,organization_id,evaluation_id) VALUES ("40203","project117", "2015-4-26", "2018-10-13", "Player front ability my also game last. Strategy cup away discuss nice organization yourself agree.", "764137", "10047", "98809", "47287", "58702", "25606", "66167");
INSERT INTO project (project_id,title,start_date,end_date,abstract,funds,evaluator_id,accountable_id,program_id,executive_id,organization_id,evaluation_id) VALUES ("75215","project864", "2021-7-1", "2023-2-2", "Activity significant artist learn thought. Century why single number politics past.", "706133", "18372", "15197", "92315", "57507", "57732", "70761");
INSERT INTO project (project_id,title,start_date,end_date,abstract,funds,evaluator_id,accountable_id,program_id,executive_id,organization_id,evaluation_id) VALUES ("24636","project278", "2021-12-15", "2023-1-14", "No standard soon the recent onto team quality. Result push whatever per.", "490965", "82665", "13681", "49307", "60944", "86941", "93023");
INSERT INTO project (project_id,title,start_date,end_date,abstract,funds,evaluator_id,accountable_id,program_id,executive_id,organization_id,evaluation_id) VALUES ("88878","project858", "2015-10-4", "2018-5-6", "Beyond section show speech put other test reduce. Instead cover maybe must.", "849072", "11418", "52020", "29535", "66601", "76885", "62894");
INSERT INTO project (project_id,title,start_date,end_date,abstract,funds,evaluator_id,accountable_id,program_id,executive_id,organization_id,evaluation_id) VALUES ("35879","project274", "2018-3-22", "2020-1-3", "Remain skill large full close. Serve among imagine social rest these because.", "277094", "59197", "85405", "77522", "89106", "18327", "57460");
INSERT INTO project (project_id,title,start_date,end_date,abstract,funds,evaluator_id,accountable_id,program_id,executive_id,organization_id,evaluation_id) VALUES ("78990","project735", "2019-8-3", "2021-9-1", "Other box chair who cold. Arm look despite yourself resource point.", "810520", "73114", "23943", "47287", "75004", "25606", "67399");
INSERT INTO project (project_id,title,start_date,end_date,abstract,funds,evaluator_id,accountable_id,program_id,executive_id,organization_id,evaluation_id) VALUES ("96864","project614", "2015-4-4", "2018-11-26", "Ready make responsibility thank source. Home record drop bill practice identify.", "397603", "23120", "13681", "20607", "75001", "51929", "22589");
INSERT INTO project (project_id,title,start_date,end_date,abstract,funds,evaluator_id,accountable_id,program_id,executive_id,organization_id,evaluation_id) VALUES ("21313","project645", "2022-2-25", "2025-10-18", "Move nothing after. Tree us bit agent style large.", "483230", "86392", "51582", "51151", "35721", "51047", "50849");
INSERT INTO project (project_id,title,start_date,end_date,abstract,funds,evaluator_id,accountable_id,program_id,executive_id,organization_id,evaluation_id) VALUES ("29988","project593", "2017-6-8", "2020-1-2", "School pressure whatever first then.", "225590", "19845", "29781", "31514", "73920", "98133", "89750");
INSERT INTO project (project_id,title,start_date,end_date,abstract,funds,evaluator_id,accountable_id,program_id,executive_id,organization_id,evaluation_id) VALUES ("73495","project196", "2019-5-3", "2022-12-21", "What position marriage try human soon guy.", "689336", "46144", "54471", "54232", "98811", "27617", "22435");
INSERT INTO project (project_id,title,start_date,end_date,abstract,funds,evaluator_id,accountable_id,program_id,executive_id,organization_id,evaluation_id) VALUES ("66980","project691", "2020-2-6", "2022-3-16", "Seven happen art inside onto continue area. Center make save method agreement window.", "935341", "81080", "10047", "69440", "54439", "76885", "60734");
INSERT INTO project (project_id,title,start_date,end_date,abstract,funds,evaluator_id,accountable_id,program_id,executive_id,organization_id,evaluation_id) VALUES ("11290","project909", "2015-3-14", "2018-4-19", "Around modern remember stop ten answer.", "516765", "34429", "23376", "14805", "73311", "98133", "20896");
INSERT INTO project (project_id,title,start_date,end_date,abstract,funds,evaluator_id,accountable_id,program_id,executive_id,organization_id,evaluation_id) VALUES ("84509","project793", "2015-11-15", "2018-6-7", "Significant news class team. Stuff again seek upon yard official activity ten.", "610576", "84058", "36467", "92435", "30065", "44615", "30408");
INSERT INTO project (project_id,title,start_date,end_date,abstract,funds,evaluator_id,accountable_id,program_id,executive_id,organization_id,evaluation_id) VALUES ("65458","project120", "2021-9-13", "2024-11-13", "Natural myself maybe. Support home agreement exist between we chance expert.", "665813", "54128", "75031", "62755", "18543", "76383", "20841");
INSERT INTO project (project_id,title,start_date,end_date,abstract,funds,evaluator_id,accountable_id,program_id,executive_id,organization_id,evaluation_id) VALUES ("86018","project339", "2017-5-15", "2019-7-11", "Despite paper accept soldier unit western still. Successful someone wear under.", "252769", "21349", "52588", "52503", "60736", "44615", "13323");
INSERT INTO project (project_id,title,start_date,end_date,abstract,funds,evaluator_id,accountable_id,program_id,executive_id,organization_id,evaluation_id) VALUES ("75427","project258", "2017-12-1", "2019-3-2", "Democratic hand leg. Factor much suddenly society space.", "281515", "54301", "79818", "26993", "86473", "18327", "79218");
INSERT INTO project (project_id,title,start_date,end_date,abstract,funds,evaluator_id,accountable_id,program_id,executive_id,organization_id,evaluation_id) VALUES ("57555","project293", "2017-2-22", "2020-2-2", "Always laugh like world arrive. Method Republican record enter they according billion.", "563732", "78345", "33735", "43265", "73530", "51929", "71966");
INSERT INTO project (project_id,title,start_date,end_date,abstract,funds,evaluator_id,accountable_id,program_id,executive_id,organization_id,evaluation_id) VALUES ("56555","project149", "2021-9-25", "2024-4-28", "Hot perhaps matter heart too step.", "237861", "26536", "76469", "17741", "20165", "92199", "50849");
INSERT INTO project (project_id,title,start_date,end_date,abstract,funds,evaluator_id,accountable_id,program_id,executive_id,organization_id,evaluation_id) VALUES ("10176","project654", "2019-12-16", "2022-12-11", "Security while girl in action other.", "251243", "84391", "84510", "91424", "41993", "14185", "40791");
INSERT INTO project (project_id,title,start_date,end_date,abstract,funds,evaluator_id,accountable_id,program_id,executive_id,organization_id,evaluation_id) VALUES ("96320","project561", "2015-3-17", "2018-5-3", "Law quite ground series career police.", "700949", "43733", "86972", "17741", "20550", "14860", "82242");
INSERT INTO project (project_id,title,start_date,end_date,abstract,funds,evaluator_id,accountable_id,program_id,executive_id,organization_id,evaluation_id) VALUES ("81576","project218", "2018-10-22", "2021-10-20", "Itself occur account particularly. Throw run she begin yeah.", "707983", "11695", "44412", "95258", "11604", "76885", "79218");
INSERT INTO project (project_id,title,start_date,end_date,abstract,funds,evaluator_id,accountable_id,program_id,executive_id,organization_id,evaluation_id) VALUES ("46909","project780", "2016-12-18", "2019-8-9", "Forward health radio.", "123731", "84510", "84391", "76321", "86473", "36903", "59120");
INSERT INTO project (project_id,title,start_date,end_date,abstract,funds,evaluator_id,accountable_id,program_id,executive_id,organization_id,evaluation_id) VALUES ("85272","project134", "2020-4-27", "2023-4-28", "Its activity husband go.", "184929", "86256", "38978", "69440", "50685", "87687", "67205");
INSERT INTO project (project_id,title,start_date,end_date,abstract,funds,evaluator_id,accountable_id,program_id,executive_id,organization_id,evaluation_id) VALUES ("66467","project355", "2021-2-11", "2024-8-19", "White star its human Mrs brother senior.", "942540", "68634", "24821", "33604", "98811", "92199", "76297");
INSERT INTO project (project_id,title,start_date,end_date,abstract,funds,evaluator_id,accountable_id,program_id,executive_id,organization_id,evaluation_id) VALUES ("53214","project241", "2018-2-2", "2021-8-10", "Show sing maintain lot. Charge part particular company.", "251692", "92517", "99945", "29535", "61624", "51047", "29345");
INSERT INTO project (project_id,title,start_date,end_date,abstract,funds,evaluator_id,accountable_id,program_id,executive_id,organization_id,evaluation_id) VALUES ("22777","project816", "2017-9-15", "2020-10-3", "Treatment bank until room. American just feeling serious.", "386544", "64872", "56340", "76321", "42433", "80890", "69639");
INSERT INTO project (project_id,title,start_date,end_date,abstract,funds,evaluator_id,accountable_id,program_id,executive_id,organization_id,evaluation_id) VALUES ("72839","project296", "2019-11-24", "2022-7-8", "Nearly take tax contain sound. Skill central forget clearly.", "626905", "36467", "13681", "14805", "57507", "76885", "53227");

-- phone_number 
INSERT INTO phone_number (organization_id,phone) VALUES ("14185","3342824047");
INSERT INTO phone_number (organization_id,phone) VALUES ("74601","4814444235");
INSERT INTO phone_number (organization_id,phone) VALUES ("44615","6635187245");
INSERT INTO phone_number (organization_id,phone) VALUES ("25606","7350199774");
INSERT INTO phone_number (organization_id,phone) VALUES ("51047","3534110336");
INSERT INTO phone_number (organization_id,phone) VALUES ("53674","3779926408");
INSERT INTO phone_number (organization_id,phone) VALUES ("76383","8414094353");
INSERT INTO phone_number (organization_id,phone) VALUES ("14860","6973963547");
INSERT INTO phone_number (organization_id,phone) VALUES ("98133","6655959811");
INSERT INTO phone_number (organization_id,phone) VALUES ("98444","6324304643");
INSERT INTO phone_number (organization_id,phone) VALUES ("48043","3077759327");
INSERT INTO phone_number (organization_id,phone) VALUES ("76885","4749152260");
INSERT INTO phone_number (organization_id,phone) VALUES ("41689","4195097635");
INSERT INTO phone_number (organization_id,phone) VALUES ("26769","7988343747");
INSERT INTO phone_number (organization_id,phone) VALUES ("34906","7457287738");
INSERT INTO phone_number (organization_id,phone) VALUES ("48043","7414934873");
INSERT INTO phone_number (organization_id,phone) VALUES ("26769","1016068658");
INSERT INTO phone_number (organization_id,phone) VALUES ("41689","4682926967");
INSERT INTO phone_number (organization_id,phone) VALUES ("98444","7592481597");
INSERT INTO phone_number (organization_id,phone) VALUES ("74601","1169103661");
INSERT INTO phone_number (organization_id,phone) VALUES ("14185","7048263198");
INSERT INTO phone_number (organization_id,phone) VALUES ("74601","7907470610");
INSERT INTO phone_number (organization_id,phone) VALUES ("14860","8385570460");
INSERT INTO phone_number (organization_id,phone) VALUES ("20725","3043968275");
INSERT INTO phone_number (organization_id,phone) VALUES ("51047","2959835727");
INSERT INTO phone_number (organization_id,phone) VALUES ("27617","6995909710");
INSERT INTO phone_number (organization_id,phone) VALUES ("48043","8488524299");
INSERT INTO phone_number (organization_id,phone) VALUES ("86941","1239478130");
INSERT INTO phone_number (organization_id,phone) VALUES ("86941","2105962876");
INSERT INTO phone_number (organization_id,phone) VALUES ("36903","4471282282");

-- works_on_project 
INSERT INTO works_on_project (project_id,researcher_id) VALUES ("29178","47750");
INSERT INTO works_on_project (project_id,researcher_id) VALUES ("94246","52588");
INSERT INTO works_on_project (project_id,researcher_id) VALUES ("86367","72994");
INSERT INTO works_on_project (project_id,researcher_id) VALUES ("32353","83766");
INSERT INTO works_on_project (project_id,researcher_id) VALUES ("81354","90119");
INSERT INTO works_on_project (project_id,researcher_id) VALUES ("73415","98809");
INSERT INTO works_on_project (project_id,researcher_id) VALUES ("23726","19977");
INSERT INTO works_on_project (project_id,researcher_id) VALUES ("78771","52020");
INSERT INTO works_on_project (project_id,researcher_id) VALUES ("53568","29781");
INSERT INTO works_on_project (project_id,researcher_id) VALUES ("77403","67079");
INSERT INTO works_on_project (project_id,researcher_id) VALUES ("57097","10644");
INSERT INTO works_on_project (project_id,researcher_id) VALUES ("72558","38978");
INSERT INTO works_on_project (project_id,researcher_id) VALUES ("92724","77639");
INSERT INTO works_on_project (project_id,researcher_id) VALUES ("87287","81241");
INSERT INTO works_on_project (project_id,researcher_id) VALUES ("21463","84510");
INSERT INTO works_on_project (project_id,researcher_id) VALUES ("19491","98869");
INSERT INTO works_on_project (project_id,researcher_id) VALUES ("17615","61466");
INSERT INTO works_on_project (project_id,researcher_id) VALUES ("73996","84391");
INSERT INTO works_on_project (project_id,researcher_id) VALUES ("59911","37029");
INSERT INTO works_on_project (project_id,researcher_id) VALUES ("56118","53902");
INSERT INTO works_on_project (project_id,researcher_id) VALUES ("29895","85300");
INSERT INTO works_on_project (project_id,researcher_id) VALUES ("39514","93929");
INSERT INTO works_on_project (project_id,researcher_id) VALUES ("36617","75380");
INSERT INTO works_on_project (project_id,researcher_id) VALUES ("13975","93764");
INSERT INTO works_on_project (project_id,researcher_id) VALUES ("13882","54301");
INSERT INTO works_on_project (project_id,researcher_id) VALUES ("99134","87882");
INSERT INTO works_on_project (project_id,researcher_id) VALUES ("30616","19845");
INSERT INTO works_on_project (project_id,researcher_id) VALUES ("98436","40419");
INSERT INTO works_on_project (project_id,researcher_id) VALUES ("70657","61354");
INSERT INTO works_on_project (project_id,researcher_id) VALUES ("68557","80445");
INSERT INTO works_on_project (project_id,researcher_id) VALUES ("71395","79351");
INSERT INTO works_on_project (project_id,researcher_id) VALUES ("57081","36467");
INSERT INTO works_on_project (project_id,researcher_id) VALUES ("15798","98947");
INSERT INTO works_on_project (project_id,researcher_id) VALUES ("55537","65397");
INSERT INTO works_on_project (project_id,researcher_id) VALUES ("56502","72727");
INSERT INTO works_on_project (project_id,researcher_id) VALUES ("97913","10042");
INSERT INTO works_on_project (project_id,researcher_id) VALUES ("75977","34429");
INSERT INTO works_on_project (project_id,researcher_id) VALUES ("78738","37562");
INSERT INTO works_on_project (project_id,researcher_id) VALUES ("97246","97503");
INSERT INTO works_on_project (project_id,researcher_id) VALUES ("80168","54471");
INSERT INTO works_on_project (project_id,researcher_id) VALUES ("42850","78345");
INSERT INTO works_on_project (project_id,researcher_id) VALUES ("54521","96259");
INSERT INTO works_on_project (project_id,researcher_id) VALUES ("17532","51846");
INSERT INTO works_on_project (project_id,researcher_id) VALUES ("14828","91808");
INSERT INTO works_on_project (project_id,researcher_id) VALUES ("60617","28107");
INSERT INTO works_on_project (project_id,researcher_id) VALUES ("29845","46144");
INSERT INTO works_on_project (project_id,researcher_id) VALUES ("62276","79069");
INSERT INTO works_on_project (project_id,researcher_id) VALUES ("24370","27567");
INSERT INTO works_on_project (project_id,researcher_id) VALUES ("74606","15197");
INSERT INTO works_on_project (project_id,researcher_id) VALUES ("42816","94276");
INSERT INTO works_on_project (project_id,researcher_id) VALUES ("61361","35695");
INSERT INTO works_on_project (project_id,researcher_id) VALUES ("99077","53250");
INSERT INTO works_on_project (project_id,researcher_id) VALUES ("41008","26536");
INSERT INTO works_on_project (project_id,researcher_id) VALUES ("75296","79570");
INSERT INTO works_on_project (project_id,researcher_id) VALUES ("57424","92321");
INSERT INTO works_on_project (project_id,researcher_id) VALUES ("31167","11726");
INSERT INTO works_on_project (project_id,researcher_id) VALUES ("71814","14092");
INSERT INTO works_on_project (project_id,researcher_id) VALUES ("35372","82665");
INSERT INTO works_on_project (project_id,researcher_id) VALUES ("96195","33745");
INSERT INTO works_on_project (project_id,researcher_id) VALUES ("80874","86778");
INSERT INTO works_on_project (project_id,researcher_id) VALUES ("69619","56994");
INSERT INTO works_on_project (project_id,researcher_id) VALUES ("13922","98062");
INSERT INTO works_on_project (project_id,researcher_id) VALUES ("87119","56255");
INSERT INTO works_on_project (project_id,researcher_id) VALUES ("63551","38736");
INSERT INTO works_on_project (project_id,researcher_id) VALUES ("54413","19186");
INSERT INTO works_on_project (project_id,researcher_id) VALUES ("16732","76469");
INSERT INTO works_on_project (project_id,researcher_id) VALUES ("79766","54931");
INSERT INTO works_on_project (project_id,researcher_id) VALUES ("34073","17700");
INSERT INTO works_on_project (project_id,researcher_id) VALUES ("46925","75162");
INSERT INTO works_on_project (project_id,researcher_id) VALUES ("14058","20317");
INSERT INTO works_on_project (project_id,researcher_id) VALUES ("82656","17072");
INSERT INTO works_on_project (project_id,researcher_id) VALUES ("47072","81214");
INSERT INTO works_on_project (project_id,researcher_id) VALUES ("40203","65344");
INSERT INTO works_on_project (project_id,researcher_id) VALUES ("75215","75031");
INSERT INTO works_on_project (project_id,researcher_id) VALUES ("24636","33934");
INSERT INTO works_on_project (project_id,researcher_id) VALUES ("88878","14455");
INSERT INTO works_on_project (project_id,researcher_id) VALUES ("35879","33785");
INSERT INTO works_on_project (project_id,researcher_id) VALUES ("78990","69112");
INSERT INTO works_on_project (project_id,researcher_id) VALUES ("29988","99945");
INSERT INTO works_on_project (project_id,researcher_id) VALUES ("73495","75172");
INSERT INTO works_on_project (project_id,researcher_id) VALUES ("66980","83475");
INSERT INTO works_on_project (project_id,researcher_id) VALUES ("11290","80409");
INSERT INTO works_on_project (project_id,researcher_id) VALUES ("84509","84204");
INSERT INTO works_on_project (project_id,researcher_id) VALUES ("65458","33735");
INSERT INTO works_on_project (project_id,researcher_id) VALUES ("86018","18513");
INSERT INTO works_on_project (project_id,researcher_id) VALUES ("75427","41734");
INSERT INTO works_on_project (project_id,researcher_id) VALUES ("56555","30812");
INSERT INTO works_on_project (project_id,researcher_id) VALUES ("10176","75945");
INSERT INTO works_on_project (project_id,researcher_id) VALUES ("96320","10047");
INSERT INTO works_on_project (project_id,researcher_id) VALUES ("46909","89993");
INSERT INTO works_on_project (project_id,researcher_id) VALUES ("85272","50395");
INSERT INTO works_on_project (project_id,researcher_id) VALUES ("66467","17519");
INSERT INTO works_on_project (project_id,researcher_id) VALUES ("22777","17321");
INSERT INTO works_on_project (project_id,researcher_id) VALUES ("66467","75695");
INSERT INTO works_on_project (project_id,researcher_id) VALUES ("11290","77306");
INSERT INTO works_on_project (project_id,researcher_id) VALUES ("10176","56441");
INSERT INTO works_on_project (project_id,researcher_id) VALUES ("31167","23900");
INSERT INTO works_on_project (project_id,researcher_id) VALUES ("29988","97821");
INSERT INTO works_on_project (project_id,researcher_id) VALUES ("97246","89351");
INSERT INTO works_on_project (project_id,researcher_id) VALUES ("75215","57620");
INSERT INTO works_on_project (project_id,researcher_id) VALUES ("75296","21466");
INSERT INTO works_on_project (project_id,researcher_id) VALUES ("61361","56340");
INSERT INTO works_on_project (project_id,researcher_id) VALUES ("59911","81080");
INSERT INTO works_on_project (project_id,researcher_id) VALUES ("87287","23120");
INSERT INTO works_on_project (project_id,researcher_id) VALUES ("62276","64762");
INSERT INTO works_on_project (project_id,researcher_id) VALUES ("75215","61527");
INSERT INTO works_on_project (project_id,researcher_id) VALUES ("61361","24821");
INSERT INTO works_on_project (project_id,researcher_id) VALUES ("75215","73114");
INSERT INTO works_on_project (project_id,researcher_id) VALUES ("78771","16466");
INSERT INTO works_on_project (project_id,researcher_id) VALUES ("68557","79818");
INSERT INTO works_on_project (project_id,researcher_id) VALUES ("65458","83577");
INSERT INTO works_on_project (project_id,researcher_id) VALUES ("46909","28919");
INSERT INTO works_on_project (project_id,researcher_id) VALUES ("40203","23376");
INSERT INTO works_on_project (project_id,researcher_id) VALUES ("15798","35886");
INSERT INTO works_on_project (project_id,researcher_id) VALUES ("34073","82282");
INSERT INTO works_on_project (project_id,researcher_id) VALUES ("71814","86392");
INSERT INTO works_on_project (project_id,researcher_id) VALUES ("94246","48998");
INSERT INTO works_on_project (project_id,researcher_id) VALUES ("57081","44412");
INSERT INTO works_on_project (project_id,researcher_id) VALUES ("97246","22567");
INSERT INTO works_on_project (project_id,researcher_id) VALUES ("36617","41282");
INSERT INTO works_on_project (project_id,researcher_id) VALUES ("80168","45099");
INSERT INTO works_on_project (project_id,researcher_id) VALUES ("17532","19657");
INSERT INTO works_on_project (project_id,researcher_id) VALUES ("60617","19910");
INSERT INTO works_on_project (project_id,researcher_id) VALUES ("66467","11695");
INSERT INTO works_on_project (project_id,researcher_id) VALUES ("17532","94315");
INSERT INTO works_on_project (project_id,researcher_id) VALUES ("71814","38630");
INSERT INTO works_on_project (project_id,researcher_id) VALUES ("30616","92517");
INSERT INTO works_on_project (project_id,researcher_id) VALUES ("84509","59427");
INSERT INTO works_on_project (project_id,researcher_id) VALUES ("13922","61759");
INSERT INTO works_on_project (project_id,researcher_id) VALUES ("68557","32952");
INSERT INTO works_on_project (project_id,researcher_id) VALUES ("21463","67504");
INSERT INTO works_on_project (project_id,researcher_id) VALUES ("57097","80621");
INSERT INTO works_on_project (project_id,researcher_id) VALUES ("63551","22112");
INSERT INTO works_on_project (project_id,researcher_id) VALUES ("96195","69189");
INSERT INTO works_on_project (project_id,researcher_id) VALUES ("24370","63924");
INSERT INTO works_on_project (project_id,researcher_id) VALUES ("34073","83195");
INSERT INTO works_on_project (project_id,researcher_id) VALUES ("97246","86972");
INSERT INTO works_on_project (project_id,researcher_id) VALUES ("42816","14404");
INSERT INTO works_on_project (project_id,researcher_id) VALUES ("61361","86376");
INSERT INTO works_on_project (project_id,researcher_id) VALUES ("97246","98011");
INSERT INTO works_on_project (project_id,researcher_id) VALUES ("62276","59197");
INSERT INTO works_on_project (project_id,researcher_id) VALUES ("66467","43733");
INSERT INTO works_on_project (project_id,researcher_id) VALUES ("61361","49338");
INSERT INTO works_on_project (project_id,researcher_id) VALUES ("66467","37925");
INSERT INTO works_on_project (project_id,researcher_id) VALUES ("75215","96398");
INSERT INTO works_on_project (project_id,researcher_id) VALUES ("80168","28679");
INSERT INTO works_on_project (project_id,researcher_id) VALUES ("75215","51582");
INSERT INTO works_on_project (project_id,researcher_id) VALUES ("29895","66306");
INSERT INTO works_on_project (project_id,researcher_id) VALUES ("34073","55868");
INSERT INTO works_on_project (project_id,researcher_id) VALUES ("74606","85488");
INSERT INTO works_on_project (project_id,researcher_id) VALUES ("29988","69788");
INSERT INTO works_on_project (project_id,researcher_id) VALUES ("11290","26669");
INSERT INTO works_on_project (project_id,researcher_id) VALUES ("31167","58707");
INSERT INTO works_on_project (project_id,researcher_id) VALUES ("61361","76600");
INSERT INTO works_on_project (project_id,researcher_id) VALUES ("32353","95301");
INSERT INTO works_on_project (project_id,researcher_id) VALUES ("29988","95450");
INSERT INTO works_on_project (project_id,researcher_id) VALUES ("32353","10275");
INSERT INTO works_on_project (project_id,researcher_id) VALUES ("31167","13681");
INSERT INTO works_on_project (project_id,researcher_id) VALUES ("35372","64872");
INSERT INTO works_on_project (project_id,researcher_id) VALUES ("42816","56198");
INSERT INTO works_on_project (project_id,researcher_id) VALUES ("35372","54128");
INSERT INTO works_on_project (project_id,researcher_id) VALUES ("34073","20973");
INSERT INTO works_on_project (project_id,researcher_id) VALUES ("75215","23943");
INSERT INTO works_on_project (project_id,researcher_id) VALUES ("80874","86256");
INSERT INTO works_on_project (project_id,researcher_id) VALUES ("31167","45116");
INSERT INTO works_on_project (project_id,researcher_id) VALUES ("34073","21349");
INSERT INTO works_on_project (project_id,researcher_id) VALUES ("42816","37046");
INSERT INTO works_on_project (project_id,researcher_id) VALUES ("87287","58101");
INSERT INTO works_on_project (project_id,researcher_id) VALUES ("24370","84058");
INSERT INTO works_on_project (project_id,researcher_id) VALUES ("31167","61126");
INSERT INTO works_on_project (project_id,researcher_id) VALUES ("42816","91410");
INSERT INTO works_on_project (project_id,researcher_id) VALUES ("75215","99605");
INSERT INTO works_on_project (project_id,researcher_id) VALUES ("97246","68634");
INSERT INTO works_on_project (project_id,researcher_id) VALUES ("80874","76048");
INSERT INTO works_on_project (project_id,researcher_id) VALUES ("13922","29807");
INSERT INTO works_on_project (project_id,researcher_id) VALUES ("42816","85405");
INSERT INTO works_on_project (project_id,researcher_id) VALUES ("80874","33137");
INSERT INTO works_on_project (project_id,researcher_id) VALUES ("42816","21109");
INSERT INTO works_on_project (project_id,researcher_id) VALUES ("42816","93289");
INSERT INTO works_on_project (project_id,researcher_id) VALUES ("97246","77434");
INSERT INTO works_on_project (project_id,researcher_id) VALUES ("42816","14367");
INSERT INTO works_on_project (project_id,researcher_id) VALUES ("42816","62886");

-- scientific_field_project 
INSERT INTO scientific_field_project (scfield_id,project_id) VALUES ("92588","29178");
INSERT INTO scientific_field_project (scfield_id,project_id) VALUES ("65388","29178");
INSERT INTO scientific_field_project (scfield_id,project_id) VALUES ("65388","94246");
INSERT INTO scientific_field_project (scfield_id,project_id) VALUES ("40171","94246");
INSERT INTO scientific_field_project (scfield_id,project_id) VALUES ("65113","86367");
INSERT INTO scientific_field_project (scfield_id,project_id) VALUES ("92588","86367");
INSERT INTO scientific_field_project (scfield_id,project_id) VALUES ("64694","86367");
INSERT INTO scientific_field_project (scfield_id,project_id) VALUES ("23050","86367");
INSERT INTO scientific_field_project (scfield_id,project_id) VALUES ("65388","32353");
INSERT INTO scientific_field_project (scfield_id,project_id) VALUES ("98179","32353");
INSERT INTO scientific_field_project (scfield_id,project_id) VALUES ("40171","81354");
INSERT INTO scientific_field_project (scfield_id,project_id) VALUES ("64694","81354");
INSERT INTO scientific_field_project (scfield_id,project_id) VALUES ("88765","81354");
INSERT INTO scientific_field_project (scfield_id,project_id) VALUES ("22676","81354");
INSERT INTO scientific_field_project (scfield_id,project_id) VALUES ("67038","73415");
INSERT INTO scientific_field_project (scfield_id,project_id) VALUES ("65388","73415");
INSERT INTO scientific_field_project (scfield_id,project_id) VALUES ("92588","73415");
INSERT INTO scientific_field_project (scfield_id,project_id) VALUES ("65388","23726");
INSERT INTO scientific_field_project (scfield_id,project_id) VALUES ("40171","23726");
INSERT INTO scientific_field_project (scfield_id,project_id) VALUES ("67038","23726");
INSERT INTO scientific_field_project (scfield_id,project_id) VALUES ("22676","23726");
INSERT INTO scientific_field_project (scfield_id,project_id) VALUES ("88765","78771");
INSERT INTO scientific_field_project (scfield_id,project_id) VALUES ("67038","53568");
INSERT INTO scientific_field_project (scfield_id,project_id) VALUES ("98179","77403");
INSERT INTO scientific_field_project (scfield_id,project_id) VALUES ("23050","77403");
INSERT INTO scientific_field_project (scfield_id,project_id) VALUES ("88765","77403");
INSERT INTO scientific_field_project (scfield_id,project_id) VALUES ("92588","57097");
INSERT INTO scientific_field_project (scfield_id,project_id) VALUES ("67038","57097");
INSERT INTO scientific_field_project (scfield_id,project_id) VALUES ("98179","72558");
INSERT INTO scientific_field_project (scfield_id,project_id) VALUES ("23050","72558");
INSERT INTO scientific_field_project (scfield_id,project_id) VALUES ("88765","72558");
INSERT INTO scientific_field_project (scfield_id,project_id) VALUES ("65388","72558");
INSERT INTO scientific_field_project (scfield_id,project_id) VALUES ("65388","92724");
INSERT INTO scientific_field_project (scfield_id,project_id) VALUES ("40171","92724");
INSERT INTO scientific_field_project (scfield_id,project_id) VALUES ("65113","92724");
INSERT INTO scientific_field_project (scfield_id,project_id) VALUES ("65388","87287");
INSERT INTO scientific_field_project (scfield_id,project_id) VALUES ("98179","87287");
INSERT INTO scientific_field_project (scfield_id,project_id) VALUES ("22676","87287");
INSERT INTO scientific_field_project (scfield_id,project_id) VALUES ("22676","21463");
INSERT INTO scientific_field_project (scfield_id,project_id) VALUES ("88765","21463");
INSERT INTO scientific_field_project (scfield_id,project_id) VALUES ("23050","19491");
INSERT INTO scientific_field_project (scfield_id,project_id) VALUES ("88765","19491");
INSERT INTO scientific_field_project (scfield_id,project_id) VALUES ("92588","19491");
INSERT INTO scientific_field_project (scfield_id,project_id) VALUES ("22676","17615");
INSERT INTO scientific_field_project (scfield_id,project_id) VALUES ("65113","17615");
INSERT INTO scientific_field_project (scfield_id,project_id) VALUES ("92588","17615");
INSERT INTO scientific_field_project (scfield_id,project_id) VALUES ("88765","73996");
INSERT INTO scientific_field_project (scfield_id,project_id) VALUES ("64694","59911");
INSERT INTO scientific_field_project (scfield_id,project_id) VALUES ("98179","59911");
INSERT INTO scientific_field_project (scfield_id,project_id) VALUES ("40171","59911");
INSERT INTO scientific_field_project (scfield_id,project_id) VALUES ("22676","59911");
INSERT INTO scientific_field_project (scfield_id,project_id) VALUES ("40171","56118");
INSERT INTO scientific_field_project (scfield_id,project_id) VALUES ("67038","56118");
INSERT INTO scientific_field_project (scfield_id,project_id) VALUES ("40171","29895");
INSERT INTO scientific_field_project (scfield_id,project_id) VALUES ("98179","29895");
INSERT INTO scientific_field_project (scfield_id,project_id) VALUES ("22676","29895");
INSERT INTO scientific_field_project (scfield_id,project_id) VALUES ("64694","29895");
INSERT INTO scientific_field_project (scfield_id,project_id) VALUES ("23050","39514");
INSERT INTO scientific_field_project (scfield_id,project_id) VALUES ("22676","39514");
INSERT INTO scientific_field_project (scfield_id,project_id) VALUES ("64694","36617");
INSERT INTO scientific_field_project (scfield_id,project_id) VALUES ("92588","36617");
INSERT INTO scientific_field_project (scfield_id,project_id) VALUES ("65113","36617");
INSERT INTO scientific_field_project (scfield_id,project_id) VALUES ("65388","13975");
INSERT INTO scientific_field_project (scfield_id,project_id) VALUES ("92588","13975");
INSERT INTO scientific_field_project (scfield_id,project_id) VALUES ("67038","13975");
INSERT INTO scientific_field_project (scfield_id,project_id) VALUES ("23050","13882");
INSERT INTO scientific_field_project (scfield_id,project_id) VALUES ("65388","13882");
INSERT INTO scientific_field_project (scfield_id,project_id) VALUES ("64694","99134");
INSERT INTO scientific_field_project (scfield_id,project_id) VALUES ("65388","99134");
INSERT INTO scientific_field_project (scfield_id,project_id) VALUES ("65113","99134");
INSERT INTO scientific_field_project (scfield_id,project_id) VALUES ("98179","99134");
INSERT INTO scientific_field_project (scfield_id,project_id) VALUES ("22676","30616");
INSERT INTO scientific_field_project (scfield_id,project_id) VALUES ("64694","30616");
INSERT INTO scientific_field_project (scfield_id,project_id) VALUES ("65388","98436");
INSERT INTO scientific_field_project (scfield_id,project_id) VALUES ("98179","98436");
INSERT INTO scientific_field_project (scfield_id,project_id) VALUES ("65113","98436");
INSERT INTO scientific_field_project (scfield_id,project_id) VALUES ("65113","70657");
INSERT INTO scientific_field_project (scfield_id,project_id) VALUES ("88765","70657");
INSERT INTO scientific_field_project (scfield_id,project_id) VALUES ("22676","70657");
INSERT INTO scientific_field_project (scfield_id,project_id) VALUES ("98179","68557");
INSERT INTO scientific_field_project (scfield_id,project_id) VALUES ("22676","68557");
INSERT INTO scientific_field_project (scfield_id,project_id) VALUES ("23050","68557");
INSERT INTO scientific_field_project (scfield_id,project_id) VALUES ("88765","71395");
INSERT INTO scientific_field_project (scfield_id,project_id) VALUES ("40171","57081");
INSERT INTO scientific_field_project (scfield_id,project_id) VALUES ("65388","57081");
INSERT INTO scientific_field_project (scfield_id,project_id) VALUES ("22676","57081");
INSERT INTO scientific_field_project (scfield_id,project_id) VALUES ("88765","15798");
INSERT INTO scientific_field_project (scfield_id,project_id) VALUES ("64694","15798");
INSERT INTO scientific_field_project (scfield_id,project_id) VALUES ("65388","15798");
INSERT INTO scientific_field_project (scfield_id,project_id) VALUES ("23050","15798");
INSERT INTO scientific_field_project (scfield_id,project_id) VALUES ("40171","55537");
INSERT INTO scientific_field_project (scfield_id,project_id) VALUES ("65113","56502");
INSERT INTO scientific_field_project (scfield_id,project_id) VALUES ("92588","56502");
INSERT INTO scientific_field_project (scfield_id,project_id) VALUES ("40171","97913");
INSERT INTO scientific_field_project (scfield_id,project_id) VALUES ("64694","75977");
INSERT INTO scientific_field_project (scfield_id,project_id) VALUES ("65388","78738");
INSERT INTO scientific_field_project (scfield_id,project_id) VALUES ("22676","78738");
INSERT INTO scientific_field_project (scfield_id,project_id) VALUES ("64694","78738");
INSERT INTO scientific_field_project (scfield_id,project_id) VALUES ("65388","97246");
INSERT INTO scientific_field_project (scfield_id,project_id) VALUES ("22676","97246");
INSERT INTO scientific_field_project (scfield_id,project_id) VALUES ("88765","97246");
INSERT INTO scientific_field_project (scfield_id,project_id) VALUES ("23050","80168");
INSERT INTO scientific_field_project (scfield_id,project_id) VALUES ("65113","80168");
INSERT INTO scientific_field_project (scfield_id,project_id) VALUES ("88765","80168");
INSERT INTO scientific_field_project (scfield_id,project_id) VALUES ("22676","42850");
INSERT INTO scientific_field_project (scfield_id,project_id) VALUES ("40171","42850");
INSERT INTO scientific_field_project (scfield_id,project_id) VALUES ("23050","42850");
INSERT INTO scientific_field_project (scfield_id,project_id) VALUES ("98179","42850");
INSERT INTO scientific_field_project (scfield_id,project_id) VALUES ("65113","54521");
INSERT INTO scientific_field_project (scfield_id,project_id) VALUES ("88765","54521");
INSERT INTO scientific_field_project (scfield_id,project_id) VALUES ("23050","17532");
INSERT INTO scientific_field_project (scfield_id,project_id) VALUES ("92588","14828");
INSERT INTO scientific_field_project (scfield_id,project_id) VALUES ("64694","60617");
INSERT INTO scientific_field_project (scfield_id,project_id) VALUES ("88765","60617");
INSERT INTO scientific_field_project (scfield_id,project_id) VALUES ("22676","29845");
INSERT INTO scientific_field_project (scfield_id,project_id) VALUES ("65113","29845");
INSERT INTO scientific_field_project (scfield_id,project_id) VALUES ("65388","29845");
INSERT INTO scientific_field_project (scfield_id,project_id) VALUES ("67038","29845");
INSERT INTO scientific_field_project (scfield_id,project_id) VALUES ("23050","62276");
INSERT INTO scientific_field_project (scfield_id,project_id) VALUES ("65388","62276");
INSERT INTO scientific_field_project (scfield_id,project_id) VALUES ("98179","62276");
INSERT INTO scientific_field_project (scfield_id,project_id) VALUES ("92588","24370");
INSERT INTO scientific_field_project (scfield_id,project_id) VALUES ("40171","24370");
INSERT INTO scientific_field_project (scfield_id,project_id) VALUES ("67038","24370");
INSERT INTO scientific_field_project (scfield_id,project_id) VALUES ("40171","74606");
INSERT INTO scientific_field_project (scfield_id,project_id) VALUES ("22676","42816");
INSERT INTO scientific_field_project (scfield_id,project_id) VALUES ("23050","42816");
INSERT INTO scientific_field_project (scfield_id,project_id) VALUES ("67038","42816");
INSERT INTO scientific_field_project (scfield_id,project_id) VALUES ("64694","61361");
INSERT INTO scientific_field_project (scfield_id,project_id) VALUES ("64694","99077");
INSERT INTO scientific_field_project (scfield_id,project_id) VALUES ("65113","99077");
INSERT INTO scientific_field_project (scfield_id,project_id) VALUES ("92588","99077");
INSERT INTO scientific_field_project (scfield_id,project_id) VALUES ("88765","41008");
INSERT INTO scientific_field_project (scfield_id,project_id) VALUES ("23050","75296");
INSERT INTO scientific_field_project (scfield_id,project_id) VALUES ("64694","57424");
INSERT INTO scientific_field_project (scfield_id,project_id) VALUES ("88765","57424");
INSERT INTO scientific_field_project (scfield_id,project_id) VALUES ("65113","57424");
INSERT INTO scientific_field_project (scfield_id,project_id) VALUES ("67038","86886");
INSERT INTO scientific_field_project (scfield_id,project_id) VALUES ("23050","86886");
INSERT INTO scientific_field_project (scfield_id,project_id) VALUES ("22676","31167");
INSERT INTO scientific_field_project (scfield_id,project_id) VALUES ("98179","31167");
INSERT INTO scientific_field_project (scfield_id,project_id) VALUES ("67038","31167");
INSERT INTO scientific_field_project (scfield_id,project_id) VALUES ("92588","71814");
INSERT INTO scientific_field_project (scfield_id,project_id) VALUES ("88765","71814");
INSERT INTO scientific_field_project (scfield_id,project_id) VALUES ("23050","71814");
INSERT INTO scientific_field_project (scfield_id,project_id) VALUES ("40171","71814");
INSERT INTO scientific_field_project (scfield_id,project_id) VALUES ("98179","35372");
INSERT INTO scientific_field_project (scfield_id,project_id) VALUES ("65113","35372");
INSERT INTO scientific_field_project (scfield_id,project_id) VALUES ("22676","35372");
INSERT INTO scientific_field_project (scfield_id,project_id) VALUES ("65388","96195");
INSERT INTO scientific_field_project (scfield_id,project_id) VALUES ("40171","96195");
INSERT INTO scientific_field_project (scfield_id,project_id) VALUES ("65113","96195");
INSERT INTO scientific_field_project (scfield_id,project_id) VALUES ("98179","96195");
INSERT INTO scientific_field_project (scfield_id,project_id) VALUES ("65113","80874");
INSERT INTO scientific_field_project (scfield_id,project_id) VALUES ("40171","80874");
INSERT INTO scientific_field_project (scfield_id,project_id) VALUES ("92588","80874");
INSERT INTO scientific_field_project (scfield_id,project_id) VALUES ("65113","69619");
INSERT INTO scientific_field_project (scfield_id,project_id) VALUES ("64694","13922");
INSERT INTO scientific_field_project (scfield_id,project_id) VALUES ("65388","13922");
INSERT INTO scientific_field_project (scfield_id,project_id) VALUES ("40171","13922");
INSERT INTO scientific_field_project (scfield_id,project_id) VALUES ("67038","87119");
INSERT INTO scientific_field_project (scfield_id,project_id) VALUES ("88765","87119");
INSERT INTO scientific_field_project (scfield_id,project_id) VALUES ("22676","63551");
INSERT INTO scientific_field_project (scfield_id,project_id) VALUES ("64694","54413");
INSERT INTO scientific_field_project (scfield_id,project_id) VALUES ("23050","16732");
INSERT INTO scientific_field_project (scfield_id,project_id) VALUES ("88765","16732");
INSERT INTO scientific_field_project (scfield_id,project_id) VALUES ("22676","79766");
INSERT INTO scientific_field_project (scfield_id,project_id) VALUES ("98179","79766");
INSERT INTO scientific_field_project (scfield_id,project_id) VALUES ("67038","79766");
INSERT INTO scientific_field_project (scfield_id,project_id) VALUES ("88765","34073");
INSERT INTO scientific_field_project (scfield_id,project_id) VALUES ("88765","46925");
INSERT INTO scientific_field_project (scfield_id,project_id) VALUES ("23050","46925");
INSERT INTO scientific_field_project (scfield_id,project_id) VALUES ("92588","46925");
INSERT INTO scientific_field_project (scfield_id,project_id) VALUES ("40171","46925");
INSERT INTO scientific_field_project (scfield_id,project_id) VALUES ("67038","14058");
INSERT INTO scientific_field_project (scfield_id,project_id) VALUES ("65388","14058");
INSERT INTO scientific_field_project (scfield_id,project_id) VALUES ("98179","14058");
INSERT INTO scientific_field_project (scfield_id,project_id) VALUES ("23050","14058");
INSERT INTO scientific_field_project (scfield_id,project_id) VALUES ("98179","82656");
INSERT INTO scientific_field_project (scfield_id,project_id) VALUES ("23050","47072");
INSERT INTO scientific_field_project (scfield_id,project_id) VALUES ("22676","47072");
INSERT INTO scientific_field_project (scfield_id,project_id) VALUES ("65113","47072");
INSERT INTO scientific_field_project (scfield_id,project_id) VALUES ("23050","40203");
INSERT INTO scientific_field_project (scfield_id,project_id) VALUES ("88765","75215");
INSERT INTO scientific_field_project (scfield_id,project_id) VALUES ("64694","24636");
INSERT INTO scientific_field_project (scfield_id,project_id) VALUES ("40171","24636");
INSERT INTO scientific_field_project (scfield_id,project_id) VALUES ("88765","24636");
INSERT INTO scientific_field_project (scfield_id,project_id) VALUES ("64694","88878");
INSERT INTO scientific_field_project (scfield_id,project_id) VALUES ("65113","88878");
INSERT INTO scientific_field_project (scfield_id,project_id) VALUES ("92588","35879");
INSERT INTO scientific_field_project (scfield_id,project_id) VALUES ("88765","35879");
INSERT INTO scientific_field_project (scfield_id,project_id) VALUES ("88765","78990");
INSERT INTO scientific_field_project (scfield_id,project_id) VALUES ("65113","96864");
INSERT INTO scientific_field_project (scfield_id,project_id) VALUES ("88765","21313");
INSERT INTO scientific_field_project (scfield_id,project_id) VALUES ("64694","21313");
INSERT INTO scientific_field_project (scfield_id,project_id) VALUES ("65113","21313");
INSERT INTO scientific_field_project (scfield_id,project_id) VALUES ("23050","21313");
INSERT INTO scientific_field_project (scfield_id,project_id) VALUES ("65388","29988");
INSERT INTO scientific_field_project (scfield_id,project_id) VALUES ("92588","29988");
INSERT INTO scientific_field_project (scfield_id,project_id) VALUES ("64694","29988");
INSERT INTO scientific_field_project (scfield_id,project_id) VALUES ("65113","29988");
INSERT INTO scientific_field_project (scfield_id,project_id) VALUES ("40171","73495");
INSERT INTO scientific_field_project (scfield_id,project_id) VALUES ("92588","73495");
INSERT INTO scientific_field_project (scfield_id,project_id) VALUES ("67038","66980");
INSERT INTO scientific_field_project (scfield_id,project_id) VALUES ("40171","66980");
INSERT INTO scientific_field_project (scfield_id,project_id) VALUES ("23050","66980");
INSERT INTO scientific_field_project (scfield_id,project_id) VALUES ("92588","11290");
INSERT INTO scientific_field_project (scfield_id,project_id) VALUES ("65388","11290");
INSERT INTO scientific_field_project (scfield_id,project_id) VALUES ("88765","11290");
INSERT INTO scientific_field_project (scfield_id,project_id) VALUES ("65388","84509");
INSERT INTO scientific_field_project (scfield_id,project_id) VALUES ("64694","84509");
INSERT INTO scientific_field_project (scfield_id,project_id) VALUES ("40171","84509");
INSERT INTO scientific_field_project (scfield_id,project_id) VALUES ("92588","84509");
INSERT INTO scientific_field_project (scfield_id,project_id) VALUES ("40171","65458");
INSERT INTO scientific_field_project (scfield_id,project_id) VALUES ("22676","86018");
INSERT INTO scientific_field_project (scfield_id,project_id) VALUES ("23050","75427");
INSERT INTO scientific_field_project (scfield_id,project_id) VALUES ("22676","75427");
INSERT INTO scientific_field_project (scfield_id,project_id) VALUES ("88765","75427");
INSERT INTO scientific_field_project (scfield_id,project_id) VALUES ("65113","57555");
INSERT INTO scientific_field_project (scfield_id,project_id) VALUES ("64694","57555");
INSERT INTO scientific_field_project (scfield_id,project_id) VALUES ("40171","57555");
INSERT INTO scientific_field_project (scfield_id,project_id) VALUES ("88765","56555");
INSERT INTO scientific_field_project (scfield_id,project_id) VALUES ("23050","56555");
INSERT INTO scientific_field_project (scfield_id,project_id) VALUES ("64694","56555");
INSERT INTO scientific_field_project (scfield_id,project_id) VALUES ("98179","56555");
INSERT INTO scientific_field_project (scfield_id,project_id) VALUES ("92588","10176");
INSERT INTO scientific_field_project (scfield_id,project_id) VALUES ("23050","10176");
INSERT INTO scientific_field_project (scfield_id,project_id) VALUES ("98179","10176");
INSERT INTO scientific_field_project (scfield_id,project_id) VALUES ("88765","96320");
INSERT INTO scientific_field_project (scfield_id,project_id) VALUES ("65113","96320");
INSERT INTO scientific_field_project (scfield_id,project_id) VALUES ("98179","81576");
INSERT INTO scientific_field_project (scfield_id,project_id) VALUES ("23050","81576");
INSERT INTO scientific_field_project (scfield_id,project_id) VALUES ("65388","81576");
INSERT INTO scientific_field_project (scfield_id,project_id) VALUES ("92588","46909");
INSERT INTO scientific_field_project (scfield_id,project_id) VALUES ("23050","46909");
INSERT INTO scientific_field_project (scfield_id,project_id) VALUES ("65388","85272");
INSERT INTO scientific_field_project (scfield_id,project_id) VALUES ("92588","85272");
INSERT INTO scientific_field_project (scfield_id,project_id) VALUES ("40171","85272");
INSERT INTO scientific_field_project (scfield_id,project_id) VALUES ("67038","85272");
INSERT INTO scientific_field_project (scfield_id,project_id) VALUES ("22676","66467");
INSERT INTO scientific_field_project (scfield_id,project_id) VALUES ("98179","66467");
INSERT INTO scientific_field_project (scfield_id,project_id) VALUES ("88765","66467");
INSERT INTO scientific_field_project (scfield_id,project_id) VALUES ("98179","53214");
INSERT INTO scientific_field_project (scfield_id,project_id) VALUES ("40171","53214");
INSERT INTO scientific_field_project (scfield_id,project_id) VALUES ("40171","22777");
INSERT INTO scientific_field_project (scfield_id,project_id) VALUES ("22676","72839");
INSERT INTO scientific_field_project (scfield_id,project_id) VALUES ("64694","72839");

-- deliverable 
INSERT INTO deliverable (deliverable_id,project_id,title,abstract,deliverable_date) VALUES ("86021","13975","title647", "Vote true decade poor fight old.", "2019-1-10");
INSERT INTO deliverable (deliverable_id,project_id,title,abstract,deliverable_date) VALUES ("87174","10176","title393", "Upon dream factor democratic.", "2020-11-4");
INSERT INTO deliverable (deliverable_id,project_id,title,abstract,deliverable_date) VALUES ("36935","80168","title520", "Recent say identify him customer believe part budget. Way wear ever fish.", "2018-7-5");
INSERT INTO deliverable (deliverable_id,project_id,title,abstract,deliverable_date) VALUES ("95134","15798","title379", "Still anything hold third across. Truth lawyer public suddenly.", "2018-4-21");
INSERT INTO deliverable (deliverable_id,project_id,title,abstract,deliverable_date) VALUES ("33666","78738","title949", "Less itself easy organization form popular.", "2020-6-1");
INSERT INTO deliverable (deliverable_id,project_id,title,abstract,deliverable_date) VALUES ("56244","81354","title334", "Hard pay join purpose whole.", "2016-1-23");
INSERT INTO deliverable (deliverable_id,project_id,title,abstract,deliverable_date) VALUES ("58449","54521","title507", "Political appear age whether at. Season military meet capital whom character.", "2023-10-7");
INSERT INTO deliverable (deliverable_id,project_id,title,abstract,deliverable_date) VALUES ("90945","97913","title696", "Until woman behind executive story prove fear spring.", "2020-8-17");
INSERT INTO deliverable (deliverable_id,project_id,title,abstract,deliverable_date) VALUES ("52763","75215","title380", "Size issue explain image argue fish.", "2022-6-17");
INSERT INTO deliverable (deliverable_id,project_id,title,abstract,deliverable_date) VALUES ("72668","75296","title395", "Us newspaper campaign two less. Pay arm born sell I happy former.", "2016-11-5");

