-- organization 
INSERT INTO organization (organization_id,name_org,abbreviation,city,street,postal_code,org_type,funds_company,budget_uni_ministry,budget_rc1,budget_rc2) VALUES ("69287", "Company348", "C348", "Heraklion", "Kifisou139", "61945", "Company", "68731561", "0", "0", "0");
INSERT INTO organization (organization_id,name_org,abbreviation,city,street,postal_code,org_type,funds_company,budget_uni_ministry,budget_rc1,budget_rc2) VALUES ("67307", "Research Center172", "RC172", "Larisa", "Orionos92", "77881", "Research Center", "0", "0", "78951487", "15382488");
INSERT INTO organization (organization_id,name_org,abbreviation,city,street,postal_code,org_type,funds_company,budget_uni_ministry,budget_rc1,budget_rc2) VALUES ("35230", "University796", "UN796", "Heraklion", "Androutsou78", "63851", "University", "0", "76582571", "0", "0");
INSERT INTO organization (organization_id,name_org,abbreviation,city,street,postal_code,org_type,funds_company,budget_uni_ministry,budget_rc1,budget_rc2) VALUES ("89839", "University310", "UN310", "Ioannina", "Eleftheriou Venizelou69", "46904", "University", "0", "26354887", "0", "0");
INSERT INTO organization (organization_id,name_org,abbreviation,city,street,postal_code,org_type,funds_company,budget_uni_ministry,budget_rc1,budget_rc2) VALUES ("34847", "Research Center680", "RC680", "Larisa", "Mpotsari145", "97073", "Research Center", "0", "0", "61252529", "33977904");
INSERT INTO organization (organization_id,name_org,abbreviation,city,street,postal_code,org_type,funds_company,budget_uni_ministry,budget_rc1,budget_rc2) VALUES ("57217", "Research Center206", "RC206", "Thessaloniki", "Klepsydra79", "36014", "Research Center", "0", "0", "32182053", "49830303");
INSERT INTO organization (organization_id,name_org,abbreviation,city,street,postal_code,org_type,funds_company,budget_uni_ministry,budget_rc1,budget_rc2) VALUES ("90637", "University693", "UN693", "Patra", "Androutsou37", "37301", "University", "0", "29184115", "0", "0");
INSERT INTO organization (organization_id,name_org,abbreviation,city,street,postal_code,org_type,funds_company,budget_uni_ministry,budget_rc1,budget_rc2) VALUES ("71222", "University863", "UN863", "Thessaloniki", "Samothrakis109", "10263", "University", "0", "41372801", "0", "0");
INSERT INTO organization (organization_id,name_org,abbreviation,city,street,postal_code,org_type,funds_company,budget_uni_ministry,budget_rc1,budget_rc2) VALUES ("77289", "Research Center887", "RC887", "Larisa", "Mpotsari74", "72282", "Research Center", "0", "0", "79819138", "1493034");
INSERT INTO organization (organization_id,name_org,abbreviation,city,street,postal_code,org_type,funds_company,budget_uni_ministry,budget_rc1,budget_rc2) VALUES ("82332", "University275", "UN275", "Larisa", "Agathiou96", "18452", "University", "0", "91268455", "0", "0");
INSERT INTO organization (organization_id,name_org,abbreviation,city,street,postal_code,org_type,funds_company,budget_uni_ministry,budget_rc1,budget_rc2) VALUES ("45197", "Company643", "C643", "Rhode Island", "Kifisou44", "48406", "Company", "66834451", "0", "0", "0");
INSERT INTO organization (organization_id,name_org,abbreviation,city,street,postal_code,org_type,funds_company,budget_uni_ministry,budget_rc1,budget_rc2) VALUES ("98916", "University411", "UN411", "Rhode Island", "Agathiou18", "65231", "University", "0", "56005687", "0", "0");
INSERT INTO organization (organization_id,name_org,abbreviation,city,street,postal_code,org_type,funds_company,budget_uni_ministry,budget_rc1,budget_rc2) VALUES ("35470", "Research Center989", "RC989", "Athens", "Kantonia7", "55034", "Research Center", "0", "0", "46402980", "44158155");
INSERT INTO organization (organization_id,name_org,abbreviation,city,street,postal_code,org_type,funds_company,budget_uni_ministry,budget_rc1,budget_rc2) VALUES ("75114", "University103", "UN103", "Chania", "Eleftheriou Venizelou63", "77608", "University", "0", "47759647", "0", "0");
INSERT INTO organization (organization_id,name_org,abbreviation,city,street,postal_code,org_type,funds_company,budget_uni_ministry,budget_rc1,budget_rc2) VALUES ("10199", "Company102", "C102", "Patra", "Samothrakis119", "54739", "Company", "87859046", "0", "0", "0");
INSERT INTO organization (organization_id,name_org,abbreviation,city,street,postal_code,org_type,funds_company,budget_uni_ministry,budget_rc1,budget_rc2) VALUES ("11744", "Company829", "C829", "Trikala", "Ippokratous119", "95264", "Company", "61261032", "0", "0", "0");
INSERT INTO organization (organization_id,name_org,abbreviation,city,street,postal_code,org_type,funds_company,budget_uni_ministry,budget_rc1,budget_rc2) VALUES ("91877", "Company821", "C821", "Athens", "Eleftheriou Venizelou32", "55647", "Company", "22383556", "0", "0", "0");
INSERT INTO organization (organization_id,name_org,abbreviation,city,street,postal_code,org_type,funds_company,budget_uni_ministry,budget_rc1,budget_rc2) VALUES ("99261", "Research Center255", "RC255", "Athens", "Kantonia94", "83011", "Research Center", "0", "0", "19636478", "11254769");
INSERT INTO organization (organization_id,name_org,abbreviation,city,street,postal_code,org_type,funds_company,budget_uni_ministry,budget_rc1,budget_rc2) VALUES ("78799", "University350", "UN350", "Rhode Island", "Kantonia29", "73666", "University", "0", "58067923", "0", "0");
INSERT INTO organization (organization_id,name_org,abbreviation,city,street,postal_code,org_type,funds_company,budget_uni_ministry,budget_rc1,budget_rc2) VALUES ("75701", "University627", "UN627", "Patra", "Agathiou118", "83892", "University", "0", "47609546", "0", "0");
INSERT INTO organization (organization_id,name_org,abbreviation,city,street,postal_code,org_type,funds_company,budget_uni_ministry,budget_rc1,budget_rc2) VALUES ("95712", "University396", "UN396", "Athens", "Agathiou34", "22645", "University", "0", "98658814", "0", "0");
INSERT INTO organization (organization_id,name_org,abbreviation,city,street,postal_code,org_type,funds_company,budget_uni_ministry,budget_rc1,budget_rc2) VALUES ("33348", "University657", "UN657", "Patra", "Nikopoleos95", "96960", "University", "0", "64525802", "0", "0");
INSERT INTO organization (organization_id,name_org,abbreviation,city,street,postal_code,org_type,funds_company,budget_uni_ministry,budget_rc1,budget_rc2) VALUES ("57879", "University123", "UN123", "Chania", "Eleftheriou Venizelou23", "90234", "University", "0", "13043394", "0", "0");
INSERT INTO organization (organization_id,name_org,abbreviation,city,street,postal_code,org_type,funds_company,budget_uni_ministry,budget_rc1,budget_rc2) VALUES ("19731", "University979", "UN979", "Heraklion", "Samothrakis111", "26398", "University", "0", "26123099", "0", "0");
INSERT INTO organization (organization_id,name_org,abbreviation,city,street,postal_code,org_type,funds_company,budget_uni_ministry,budget_rc1,budget_rc2) VALUES ("81900", "Research Center790", "RC790", "Chania", "Evripidou23", "71246", "Research Center", "0", "0", "63238148", "74985737");
INSERT INTO organization (organization_id,name_org,abbreviation,city,street,postal_code,org_type,funds_company,budget_uni_ministry,budget_rc1,budget_rc2) VALUES ("35466", "Company862", "C862", "Larisa", "Androutsou125", "83023", "Company", "39952284", "0", "0", "0");
INSERT INTO organization (organization_id,name_org,abbreviation,city,street,postal_code,org_type,funds_company,budget_uni_ministry,budget_rc1,budget_rc2) VALUES ("45286", "Research Center282", "RC282", "Ioannina", "Eleftheriou Venizelou123", "98801", "Research Center", "0", "0", "8276434", "880140");
INSERT INTO organization (organization_id,name_org,abbreviation,city,street,postal_code,org_type,funds_company,budget_uni_ministry,budget_rc1,budget_rc2) VALUES ("24277", "Research Center891", "RC891", "Thessaloniki", "Samothrakis57", "74378", "Research Center", "0", "0", "19636137", "89348242");
INSERT INTO organization (organization_id,name_org,abbreviation,city,street,postal_code,org_type,funds_company,budget_uni_ministry,budget_rc1,budget_rc2) VALUES ("86377", "Company446", "C446", "Rhode Island", "Klepsydra128", "25087", "Company", "69914133", "0", "0", "0");
INSERT INTO organization (organization_id,name_org,abbreviation,city,street,postal_code,org_type,funds_company,budget_uni_ministry,budget_rc1,budget_rc2) VALUES ("51200", "Research Center800", "RC800", "Rhode Island", "Kantonia16", "39241", "Research Center", "0", "0", "58080306", "32630628");

-- researcher 
INSERT INTO researcher (researcher_id,first_name,last_name,birthdate,gender,organization_id,datework) VALUES ("97380", "Elizabeth", "Carpenter", "1987-3-28", "Male", "67307", "2012-3-22");
INSERT INTO researcher (researcher_id,first_name,last_name,birthdate,gender,organization_id,datework) VALUES ("87134", "Vincent", "Fernandez", "1954-1-23", "Non-Binary", "11744", "2013-5-26");
INSERT INTO researcher (researcher_id,first_name,last_name,birthdate,gender,organization_id,datework) VALUES ("70281", "Susan", "Mcpherson", "1957-1-6", "Male", "35470", "2013-5-15");
INSERT INTO researcher (researcher_id,first_name,last_name,birthdate,gender,organization_id,datework) VALUES ("59286", "Jesse", "Johnson", "1956-11-21", "Male", "67307", "2016-3-21");
INSERT INTO researcher (researcher_id,first_name,last_name,birthdate,gender,organization_id,datework) VALUES ("29498", "Karen", "Kidd", "1952-6-1", "Female", "10199", "2017-8-12");
INSERT INTO researcher (researcher_id,first_name,last_name,birthdate,gender,organization_id,datework) VALUES ("16445", "Alexis", "Keller", "1990-2-27", "Female", "78799", "2013-12-28");
INSERT INTO researcher (researcher_id,first_name,last_name,birthdate,gender,organization_id,datework) VALUES ("98316", "Stacy", "Clark", "1961-6-27", "Non-Binary", "45286", "2016-8-20");
INSERT INTO researcher (researcher_id,first_name,last_name,birthdate,gender,organization_id,datework) VALUES ("45173", "Kimberly", "Rodriguez", "1979-6-9", "Non-Binary", "99261", "2011-8-20");
INSERT INTO researcher (researcher_id,first_name,last_name,birthdate,gender,organization_id,datework) VALUES ("98362", "Monica", "Parker", "1968-9-24", "Male", "75114", "2015-2-23");
INSERT INTO researcher (researcher_id,first_name,last_name,birthdate,gender,organization_id,datework) VALUES ("75863", "Caleb", "Smith", "1955-11-4", "Male", "71222", "2010-9-24");
INSERT INTO researcher (researcher_id,first_name,last_name,birthdate,gender,organization_id,datework) VALUES ("36907", "Thomas", "Burgess", "1994-8-6", "Male", "35466", "2019-5-9");
INSERT INTO researcher (researcher_id,first_name,last_name,birthdate,gender,organization_id,datework) VALUES ("91908", "Joseph", "Robinson", "1956-1-17", "Non-Binary", "86377", "2016-11-6");
INSERT INTO researcher (researcher_id,first_name,last_name,birthdate,gender,organization_id,datework) VALUES ("41316", "Karen", "Blair", "1991-5-11", "Male", "34847", "2017-6-1");
INSERT INTO researcher (researcher_id,first_name,last_name,birthdate,gender,organization_id,datework) VALUES ("79284", "Joshua", "Thompson", "1988-3-28", "Female", "86377", "2020-7-16");
INSERT INTO researcher (researcher_id,first_name,last_name,birthdate,gender,organization_id,datework) VALUES ("86964", "Douglas", "Anderson", "1989-9-26", "Non-Binary", "81900", "2010-9-20");
INSERT INTO researcher (researcher_id,first_name,last_name,birthdate,gender,organization_id,datework) VALUES ("27306", "Ashley", "Johnson", "1957-10-13", "Male", "86377", "2021-5-14");
INSERT INTO researcher (researcher_id,first_name,last_name,birthdate,gender,organization_id,datework) VALUES ("55885", "Erika", "Jackson", "1995-12-12", "Non-Binary", "19731", "2011-9-2");
INSERT INTO researcher (researcher_id,first_name,last_name,birthdate,gender,organization_id,datework) VALUES ("56804", "Roberto", "Chase", "1958-10-6", "Male", "35230", "2012-3-22");
INSERT INTO researcher (researcher_id,first_name,last_name,birthdate,gender,organization_id,datework) VALUES ("82551", "Michael", "Schneider", "1995-11-15", "Female", "35470", "2016-8-14");
INSERT INTO researcher (researcher_id,first_name,last_name,birthdate,gender,organization_id,datework) VALUES ("56834", "Scott", "Smith", "1978-5-25", "Female", "86377", "2015-11-13");
INSERT INTO researcher (researcher_id,first_name,last_name,birthdate,gender,organization_id,datework) VALUES ("80829", "Jacqueline", "Strickland", "1965-2-22", "Non-Binary", "67307", "2013-11-21");
INSERT INTO researcher (researcher_id,first_name,last_name,birthdate,gender,organization_id,datework) VALUES ("19980", "Diana", "Choi", "1985-5-11", "Male", "82332", "2021-12-3");
INSERT INTO researcher (researcher_id,first_name,last_name,birthdate,gender,organization_id,datework) VALUES ("15430", "Candice", "Dorsey", "1963-8-12", "Non-Binary", "86377", "2011-10-28");
INSERT INTO researcher (researcher_id,first_name,last_name,birthdate,gender,organization_id,datework) VALUES ("70711", "Robert", "Kemp", "1983-2-26", "Non-Binary", "11744", "2015-12-10");
INSERT INTO researcher (researcher_id,first_name,last_name,birthdate,gender,organization_id,datework) VALUES ("85360", "William", "Zhang", "1994-10-8", "Male", "45286", "2021-8-25");
INSERT INTO researcher (researcher_id,first_name,last_name,birthdate,gender,organization_id,datework) VALUES ("51612", "Taylor", "Hart", "2000-7-16", "Non-Binary", "35230", "2010-1-1");
INSERT INTO researcher (researcher_id,first_name,last_name,birthdate,gender,organization_id,datework) VALUES ("57026", "Gregory", "Hill", "1978-4-27", "Female", "11744", "2016-12-24");
INSERT INTO researcher (researcher_id,first_name,last_name,birthdate,gender,organization_id,datework) VALUES ("31229", "Brittney", "Bird", "1956-7-25", "Male", "10199", "2018-8-2");
INSERT INTO researcher (researcher_id,first_name,last_name,birthdate,gender,organization_id,datework) VALUES ("27926", "Nicole", "Spencer", "1979-4-17", "Male", "67307", "2020-7-15");
INSERT INTO researcher (researcher_id,first_name,last_name,birthdate,gender,organization_id,datework) VALUES ("92859", "Katherine", "Dillon", "1955-12-27", "Female", "19731", "2021-5-9");
INSERT INTO researcher (researcher_id,first_name,last_name,birthdate,gender,organization_id,datework) VALUES ("79063", "Laurie", "Jones", "1987-11-13", "Non-Binary", "75701", "2016-5-25");
INSERT INTO researcher (researcher_id,first_name,last_name,birthdate,gender,organization_id,datework) VALUES ("89649", "Wanda", "Mcpherson", "1979-10-17", "Female", "90637", "2011-7-8");
INSERT INTO researcher (researcher_id,first_name,last_name,birthdate,gender,organization_id,datework) VALUES ("13273", "Amanda", "Davis", "1975-10-8", "Male", "81900", "2015-8-24");
INSERT INTO researcher (researcher_id,first_name,last_name,birthdate,gender,organization_id,datework) VALUES ("37084", "Jennifer", "Green", "1957-11-27", "Non-Binary", "35470", "2010-5-21");
INSERT INTO researcher (researcher_id,first_name,last_name,birthdate,gender,organization_id,datework) VALUES ("73748", "Bradley", "Sharp", "1994-6-13", "Non-Binary", "33348", "2022-1-16");
INSERT INTO researcher (researcher_id,first_name,last_name,birthdate,gender,organization_id,datework) VALUES ("44581", "Benjamin", "Parker", "1962-10-10", "Male", "77289", "2015-10-14");
INSERT INTO researcher (researcher_id,first_name,last_name,birthdate,gender,organization_id,datework) VALUES ("77576", "Derrick", "Pierce", "1986-3-16", "Non-Binary", "98916", "2010-5-18");
INSERT INTO researcher (researcher_id,first_name,last_name,birthdate,gender,organization_id,datework) VALUES ("11715", "Tiffany", "Stone", "1994-11-14", "Non-Binary", "35230", "2020-7-5");
INSERT INTO researcher (researcher_id,first_name,last_name,birthdate,gender,organization_id,datework) VALUES ("19438", "Amanda", "Rivera", "1964-11-21", "Female", "35470", "2015-12-4");
INSERT INTO researcher (researcher_id,first_name,last_name,birthdate,gender,organization_id,datework) VALUES ("24105", "Steven", "Daniels", "1969-10-5", "Male", "81900", "2019-7-11");
INSERT INTO researcher (researcher_id,first_name,last_name,birthdate,gender,organization_id,datework) VALUES ("63403", "Mary", "Ashley", "1998-10-23", "Male", "95712", "2021-8-4");
INSERT INTO researcher (researcher_id,first_name,last_name,birthdate,gender,organization_id,datework) VALUES ("50273", "Omar", "Summers", "1959-10-1", "Female", "33348", "2015-4-16");
INSERT INTO researcher (researcher_id,first_name,last_name,birthdate,gender,organization_id,datework) VALUES ("52687", "Carolyn", "Gonzales", "1952-11-22", "Female", "91877", "2014-8-16");
INSERT INTO researcher (researcher_id,first_name,last_name,birthdate,gender,organization_id,datework) VALUES ("97123", "Alicia", "Jones", "1977-3-5", "Male", "71222", "2019-10-26");
INSERT INTO researcher (researcher_id,first_name,last_name,birthdate,gender,organization_id,datework) VALUES ("75613", "Michael", "Rivera", "1965-12-13", "Non-Binary", "45286", "2011-8-21");
INSERT INTO researcher (researcher_id,first_name,last_name,birthdate,gender,organization_id,datework) VALUES ("79066", "Mark", "Scott", "1974-2-17", "Male", "10199", "2018-7-15");
INSERT INTO researcher (researcher_id,first_name,last_name,birthdate,gender,organization_id,datework) VALUES ("75913", "Rebekah", "Valentine", "1955-5-8", "Male", "81900", "2017-7-23");
INSERT INTO researcher (researcher_id,first_name,last_name,birthdate,gender,organization_id,datework) VALUES ("23141", "Nicholas", "Wright", "1978-8-20", "Non-Binary", "82332", "2010-4-6");
INSERT INTO researcher (researcher_id,first_name,last_name,birthdate,gender,organization_id,datework) VALUES ("60631", "Walter", "Hernandez", "1998-2-27", "Non-Binary", "35466", "2011-5-26");
INSERT INTO researcher (researcher_id,first_name,last_name,birthdate,gender,organization_id,datework) VALUES ("70812", "Danielle", "Martin", "1983-2-17", "Female", "90637", "2020-12-14");
INSERT INTO researcher (researcher_id,first_name,last_name,birthdate,gender,organization_id,datework) VALUES ("82369", "Tony", "Dominguez", "1963-5-22", "Male", "90637", "2014-8-6");
INSERT INTO researcher (researcher_id,first_name,last_name,birthdate,gender,organization_id,datework) VALUES ("55940", "Richard", "Gross", "1981-1-20", "Male", "77289", "2014-3-14");
INSERT INTO researcher (researcher_id,first_name,last_name,birthdate,gender,organization_id,datework) VALUES ("62860", "Kristen", "Lewis", "1972-9-21", "Male", "82332", "2011-6-27");
INSERT INTO researcher (researcher_id,first_name,last_name,birthdate,gender,organization_id,datework) VALUES ("76688", "Stephanie", "Sanders", "1986-8-5", "Male", "75701", "2022-7-6");
INSERT INTO researcher (researcher_id,first_name,last_name,birthdate,gender,organization_id,datework) VALUES ("91948", "Kelly", "Wallace", "1991-11-3", "Female", "75114", "2014-7-26");
INSERT INTO researcher (researcher_id,first_name,last_name,birthdate,gender,organization_id,datework) VALUES ("37372", "Samantha", "Clark", "1952-3-3", "Female", "24277", "2019-2-3");
INSERT INTO researcher (researcher_id,first_name,last_name,birthdate,gender,organization_id,datework) VALUES ("59181", "Marie", "Marshall", "1986-11-25", "Male", "81900", "2015-1-4");
INSERT INTO researcher (researcher_id,first_name,last_name,birthdate,gender,organization_id,datework) VALUES ("50368", "Christina", "Sullivan", "1986-1-8", "Male", "35466", "2011-1-10");
INSERT INTO researcher (researcher_id,first_name,last_name,birthdate,gender,organization_id,datework) VALUES ("15354", "Joshua", "Klein", "1995-2-16", "Non-Binary", "89839", "2018-6-9");
INSERT INTO researcher (researcher_id,first_name,last_name,birthdate,gender,organization_id,datework) VALUES ("62087", "Jessica", "Young", "1996-6-14", "Non-Binary", "82332", "2018-12-12");
INSERT INTO researcher (researcher_id,first_name,last_name,birthdate,gender,organization_id,datework) VALUES ("14106", "Karen", "Rogers", "1981-9-3", "Non-Binary", "35470", "2020-11-12");
INSERT INTO researcher (researcher_id,first_name,last_name,birthdate,gender,organization_id,datework) VALUES ("97067", "Eric", "Price", "1995-3-28", "Female", "35466", "2020-4-21");
INSERT INTO researcher (researcher_id,first_name,last_name,birthdate,gender,organization_id,datework) VALUES ("68105", "Steven", "Juarez", "1951-10-11", "Non-Binary", "89839", "2017-8-17");
INSERT INTO researcher (researcher_id,first_name,last_name,birthdate,gender,organization_id,datework) VALUES ("28352", "Donald", "Edwards", "1969-11-11", "Non-Binary", "35470", "2022-5-3");
INSERT INTO researcher (researcher_id,first_name,last_name,birthdate,gender,organization_id,datework) VALUES ("94685", "Julian", "Allison", "1964-3-8", "Male", "34847", "2010-6-1");
INSERT INTO researcher (researcher_id,first_name,last_name,birthdate,gender,organization_id,datework) VALUES ("88627", "Ian", "Cortez", "1979-2-19", "Female", "99261", "2018-6-13");
INSERT INTO researcher (researcher_id,first_name,last_name,birthdate,gender,organization_id,datework) VALUES ("54268", "Ashley", "Calhoun", "1998-11-26", "Non-Binary", "57879", "2010-3-12");
INSERT INTO researcher (researcher_id,first_name,last_name,birthdate,gender,organization_id,datework) VALUES ("51252", "George", "Carter", "1982-11-9", "Female", "34847", "2013-5-28");
INSERT INTO researcher (researcher_id,first_name,last_name,birthdate,gender,organization_id,datework) VALUES ("75035", "Anna", "Burton", "1972-11-14", "Male", "35230", "2016-7-27");
INSERT INTO researcher (researcher_id,first_name,last_name,birthdate,gender,organization_id,datework) VALUES ("69645", "Scott", "Kemp", "1964-11-12", "Male", "51200", "2013-9-8");
INSERT INTO researcher (researcher_id,first_name,last_name,birthdate,gender,organization_id,datework) VALUES ("91705", "Michael", "White", "1971-1-25", "Non-Binary", "11744", "2010-10-27");
INSERT INTO researcher (researcher_id,first_name,last_name,birthdate,gender,organization_id,datework) VALUES ("50892", "Nathaniel", "Castro", "1980-10-10", "Non-Binary", "71222", "2018-1-25");
INSERT INTO researcher (researcher_id,first_name,last_name,birthdate,gender,organization_id,datework) VALUES ("30800", "Deborah", "Miles", "1989-9-14", "Non-Binary", "19731", "2012-8-26");
INSERT INTO researcher (researcher_id,first_name,last_name,birthdate,gender,organization_id,datework) VALUES ("77119", "Brenda", "Lynch", "1993-12-24", "Non-Binary", "89839", "2011-11-28");
INSERT INTO researcher (researcher_id,first_name,last_name,birthdate,gender,organization_id,datework) VALUES ("46303", "Willie", "Benjamin", "1972-7-4", "Female", "77289", "2019-7-20");
INSERT INTO researcher (researcher_id,first_name,last_name,birthdate,gender,organization_id,datework) VALUES ("68933", "Linda", "Little", "1959-11-16", "Non-Binary", "35466", "2022-8-23");
INSERT INTO researcher (researcher_id,first_name,last_name,birthdate,gender,organization_id,datework) VALUES ("89498", "Amanda", "Keller", "1962-2-6", "Non-Binary", "35470", "2012-5-23");
INSERT INTO researcher (researcher_id,first_name,last_name,birthdate,gender,organization_id,datework) VALUES ("21925", "Shannon", "Allen", "1971-11-18", "Female", "86377", "2016-11-20");
INSERT INTO researcher (researcher_id,first_name,last_name,birthdate,gender,organization_id,datework) VALUES ("96273", "Billy", "Taylor", "1984-10-6", "Non-Binary", "75114", "2017-1-3");
INSERT INTO researcher (researcher_id,first_name,last_name,birthdate,gender,organization_id,datework) VALUES ("93318", "Joshua", "Molina", "1993-12-14", "Non-Binary", "24277", "2020-5-20");
INSERT INTO researcher (researcher_id,first_name,last_name,birthdate,gender,organization_id,datework) VALUES ("72262", "Laura", "Price", "1973-8-19", "Male", "35470", "2017-5-12");
INSERT INTO researcher (researcher_id,first_name,last_name,birthdate,gender,organization_id,datework) VALUES ("38788", "Frank", "Jones", "1992-12-27", "Non-Binary", "82332", "2017-4-17");
INSERT INTO researcher (researcher_id,first_name,last_name,birthdate,gender,organization_id,datework) VALUES ("34540", "Dawn", "Torres", "1981-9-11", "Non-Binary", "57879", "2013-11-5");
INSERT INTO researcher (researcher_id,first_name,last_name,birthdate,gender,organization_id,datework) VALUES ("97585", "Kristin", "Robles", "1992-5-22", "Non-Binary", "86377", "2017-7-21");
INSERT INTO researcher (researcher_id,first_name,last_name,birthdate,gender,organization_id,datework) VALUES ("27386", "Paula", "Bennett", "1981-8-13", "Female", "95712", "2016-3-7");
INSERT INTO researcher (researcher_id,first_name,last_name,birthdate,gender,organization_id,datework) VALUES ("75393", "Summer", "Walker", "1973-3-12", "Female", "78799", "2011-6-20");
INSERT INTO researcher (researcher_id,first_name,last_name,birthdate,gender,organization_id,datework) VALUES ("63824", "Thomas", "Juarez", "1961-3-13", "Non-Binary", "24277", "2010-3-22");
INSERT INTO researcher (researcher_id,first_name,last_name,birthdate,gender,organization_id,datework) VALUES ("32727", "John", "Green", "1998-1-15", "Female", "77289", "2016-8-27");
INSERT INTO researcher (researcher_id,first_name,last_name,birthdate,gender,organization_id,datework) VALUES ("54321", "Melissa", "White", "1980-2-10", "Male", "57879", "2010-1-14");
INSERT INTO researcher (researcher_id,first_name,last_name,birthdate,gender,organization_id,datework) VALUES ("21299", "Carrie", "Schmidt", "1974-5-11", "Female", "75701", "2010-4-24");
INSERT INTO researcher (researcher_id,first_name,last_name,birthdate,gender,organization_id,datework) VALUES ("11876", "Kayla", "Alexander", "2000-2-10", "Non-Binary", "75701", "2019-4-21");
INSERT INTO researcher (researcher_id,first_name,last_name,birthdate,gender,organization_id,datework) VALUES ("28288", "Tara", "Sanford", "1988-8-28", "Male", "95712", "2020-6-9");
INSERT INTO researcher (researcher_id,first_name,last_name,birthdate,gender,organization_id,datework) VALUES ("99074", "Amber", "Robbins", "1971-8-23", "Male", "77289", "2018-11-16");
INSERT INTO researcher (researcher_id,first_name,last_name,birthdate,gender,organization_id,datework) VALUES ("37708", "Kevin", "Carlson", "1983-11-11", "Female", "78799", "2013-5-14");
INSERT INTO researcher (researcher_id,first_name,last_name,birthdate,gender,organization_id,datework) VALUES ("27441", "Rose", "Nash", "1959-3-4", "Female", "75114", "2012-2-24");
INSERT INTO researcher (researcher_id,first_name,last_name,birthdate,gender,organization_id,datework) VALUES ("87810", "Jacqueline", "Turner", "1989-9-19", "Male", "77289", "2013-3-11");
INSERT INTO researcher (researcher_id,first_name,last_name,birthdate,gender,organization_id,datework) VALUES ("85259", "Sara", "Pearson", "1961-8-27", "Female", "35230", "2010-4-11");
INSERT INTO researcher (researcher_id,first_name,last_name,birthdate,gender,organization_id,datework) VALUES ("63765", "Thomas", "Wagner", "1969-9-20", "Non-Binary", "75114", "2012-5-25");
INSERT INTO researcher (researcher_id,first_name,last_name,birthdate,gender,organization_id,datework) VALUES ("11748", "Jenna", "Jordan", "2000-6-7", "Male", "57217", "2013-3-22");
INSERT INTO researcher (researcher_id,first_name,last_name,birthdate,gender,organization_id,datework) VALUES ("31532", "William", "Ramirez", "1992-5-7", "Male", "82332", "2017-1-15");
INSERT INTO researcher (researcher_id,first_name,last_name,birthdate,gender,organization_id,datework) VALUES ("77476", "Brian", "Smith", "1955-6-10", "Female", "71222", "2016-2-17");
INSERT INTO researcher (researcher_id,first_name,last_name,birthdate,gender,organization_id,datework) VALUES ("71017", "Thomas", "Edwards", "1989-3-16", "Male", "75114", "2018-1-5");
INSERT INTO researcher (researcher_id,first_name,last_name,birthdate,gender,organization_id,datework) VALUES ("46627", "Sarah", "Long", "1960-1-9", "Female", "75114", "2014-4-5");
INSERT INTO researcher (researcher_id,first_name,last_name,birthdate,gender,organization_id,datework) VALUES ("88735", "Juan", "Stevens", "1997-5-8", "Female", "91877", "2010-3-26");
INSERT INTO researcher (researcher_id,first_name,last_name,birthdate,gender,organization_id,datework) VALUES ("40711", "Katelyn", "Vance", "1984-8-18", "Male", "69287", "2014-4-12");
INSERT INTO researcher (researcher_id,first_name,last_name,birthdate,gender,organization_id,datework) VALUES ("25834", "Laura", "Kelley", "1958-3-11", "Male", "35470", "2018-4-23");
INSERT INTO researcher (researcher_id,first_name,last_name,birthdate,gender,organization_id,datework) VALUES ("60880", "Katherine", "Rice", "1996-5-26", "Female", "45286", "2019-2-21");
INSERT INTO researcher (researcher_id,first_name,last_name,birthdate,gender,organization_id,datework) VALUES ("62219", "Aaron", "George", "1983-10-27", "Female", "34847", "2013-8-23");
INSERT INTO researcher (researcher_id,first_name,last_name,birthdate,gender,organization_id,datework) VALUES ("98850", "Brandon", "Carter", "1996-7-7", "Female", "78799", "2016-8-25");
INSERT INTO researcher (researcher_id,first_name,last_name,birthdate,gender,organization_id,datework) VALUES ("34934", "Kyle", "Martin", "1957-3-15", "Non-Binary", "45197", "2020-12-21");
INSERT INTO researcher (researcher_id,first_name,last_name,birthdate,gender,organization_id,datework) VALUES ("20645", "Katie", "Turner", "1985-10-16", "Male", "45197", "2016-9-18");
INSERT INTO researcher (researcher_id,first_name,last_name,birthdate,gender,organization_id,datework) VALUES ("51796", "Jose", "Spencer", "1960-10-5", "Male", "45286", "2019-9-8");
INSERT INTO researcher (researcher_id,first_name,last_name,birthdate,gender,organization_id,datework) VALUES ("23461", "Nicholas", "Smith", "1971-11-27", "Male", "90637", "2019-12-16");
INSERT INTO researcher (researcher_id,first_name,last_name,birthdate,gender,organization_id,datework) VALUES ("67398", "Shannon", "Little", "1980-4-1", "Male", "33348", "2015-3-7");
INSERT INTO researcher (researcher_id,first_name,last_name,birthdate,gender,organization_id,datework) VALUES ("13140", "Sergio", "Stewart", "1993-6-12", "Male", "24277", "2018-2-16");
INSERT INTO researcher (researcher_id,first_name,last_name,birthdate,gender,organization_id,datework) VALUES ("30534", "Sherri", "Marshall", "1997-5-23", "Female", "24277", "2022-10-7");
INSERT INTO researcher (researcher_id,first_name,last_name,birthdate,gender,organization_id,datework) VALUES ("52756", "Paula", "Richardson", "1988-4-3", "Female", "35470", "2012-6-5");
INSERT INTO researcher (researcher_id,first_name,last_name,birthdate,gender,organization_id,datework) VALUES ("93354", "Jose", "Martinez", "1995-10-4", "Male", "35470", "2017-12-1");
INSERT INTO researcher (researcher_id,first_name,last_name,birthdate,gender,organization_id,datework) VALUES ("96512", "Darius", "Delgado", "1988-4-21", "Male", "75114", "2017-8-11");
INSERT INTO researcher (researcher_id,first_name,last_name,birthdate,gender,organization_id,datework) VALUES ("19125", "Zachary", "Wheeler", "1968-6-11", "Male", "77289", "2021-1-3");

-- program 
INSERT INTO program (program_id,name_pr,management) VALUES ("22695","program128","Allen Romero");
INSERT INTO program (program_id,name_pr,management) VALUES ("40973","program833","Dustin Pineda");
INSERT INTO program (program_id,name_pr,management) VALUES ("49251","program720","Robin Andersen");
INSERT INTO program (program_id,name_pr,management) VALUES ("12249","program943","Bonnie Saunders");
INSERT INTO program (program_id,name_pr,management) VALUES ("73758","program905","Randy Johnson");
INSERT INTO program (program_id,name_pr,management) VALUES ("52262","program638","Matthew Petersen");
INSERT INTO program (program_id,name_pr,management) VALUES ("29724","program973","Andrew Wilson");
INSERT INTO program (program_id,name_pr,management) VALUES ("83207","program957","Christina Oliver");
INSERT INTO program (program_id,name_pr,management) VALUES ("23899","program713","Michael Bennett");
INSERT INTO program (program_id,name_pr,management) VALUES ("79994","program661","Michael Anderson");
INSERT INTO program (program_id,name_pr,management) VALUES ("45886","program778","Aaron Khan");
INSERT INTO program (program_id,name_pr,management) VALUES ("99187","program902","Thomas Williams");
INSERT INTO program (program_id,name_pr,management) VALUES ("67831","program378","Nancy Mcclain");
INSERT INTO program (program_id,name_pr,management) VALUES ("23734","program517","Joshua Clark");
INSERT INTO program (program_id,name_pr,management) VALUES ("95178","program991","Benjamin Bird");
INSERT INTO program (program_id,name_pr,management) VALUES ("31036","program432","Mary Hill");
INSERT INTO program (program_id,name_pr,management) VALUES ("25430","program979","Michelle Bradley");
INSERT INTO program (program_id,name_pr,management) VALUES ("73894","program147","Megan Cross");
INSERT INTO program (program_id,name_pr,management) VALUES ("92044","program959","Rachel Davis");
INSERT INTO program (program_id,name_pr,management) VALUES ("10552","program304","Brittany Jensen");
INSERT INTO program (program_id,name_pr,management) VALUES ("51212","program455","Paul Mercado");
INSERT INTO program (program_id,name_pr,management) VALUES ("10289","program224","Summer Ali");
INSERT INTO program (program_id,name_pr,management) VALUES ("46364","program286","Tamara Clark");
INSERT INTO program (program_id,name_pr,management) VALUES ("49166","program246","Carla Oconnell");
INSERT INTO program (program_id,name_pr,management) VALUES ("38653","program885","Ashley Jones");
INSERT INTO program (program_id,name_pr,management) VALUES ("35656","program768","Brittany Johnson");
INSERT INTO program (program_id,name_pr,management) VALUES ("40471","program828","Jody Cline");
INSERT INTO program (program_id,name_pr,management) VALUES ("59643","program346","Dr. Daniel Fleming");
INSERT INTO program (program_id,name_pr,management) VALUES ("70616","program264","Stephen Watson");
INSERT INTO program (program_id,name_pr,management) VALUES ("69563","program343","Anthony Sanders");
INSERT INTO program (program_id,name_pr,management) VALUES ("11543","program580","Christopher Lee");
INSERT INTO program (program_id,name_pr,management) VALUES ("15218","program749","Amy Ward");
INSERT INTO program (program_id,name_pr,management) VALUES ("46945","program442","Elizabeth Hamilton");
INSERT INTO program (program_id,name_pr,management) VALUES ("65331","program689","April Walters");
INSERT INTO program (program_id,name_pr,management) VALUES ("16075","program871","Caitlyn Becker");
INSERT INTO program (program_id,name_pr,management) VALUES ("94034","program857","William Moore");
INSERT INTO program (program_id,name_pr,management) VALUES ("98304","program358","Tina Ramirez");
INSERT INTO program (program_id,name_pr,management) VALUES ("74600","program109","Stephen Harris");
INSERT INTO program (program_id,name_pr,management) VALUES ("18837","program696","Judy Estes");
INSERT INTO program (program_id,name_pr,management) VALUES ("62465","program948","Kelly Rogers");

-- scientific_field 
INSERT INTO scientific_field (scfield_id,name_scfield) VALUES ("36649","Mathematics");
INSERT INTO scientific_field (scfield_id,name_scfield) VALUES ("36693","Computer Science");
INSERT INTO scientific_field (scfield_id,name_scfield) VALUES ("99026","Physics");
INSERT INTO scientific_field (scfield_id,name_scfield) VALUES ("28399","Biology");
INSERT INTO scientific_field (scfield_id,name_scfield) VALUES ("13394","Chemistry");
INSERT INTO scientific_field (scfield_id,name_scfield) VALUES ("66718","Geology");
INSERT INTO scientific_field (scfield_id,name_scfield) VALUES ("70633","Law");
INSERT INTO scientific_field (scfield_id,name_scfield) VALUES ("79947","Natural Sciences");
INSERT INTO scientific_field (scfield_id,name_scfield) VALUES ("10044","Economics");
INSERT INTO scientific_field (scfield_id,name_scfield) VALUES ("60851","Irrelevant");

-- evaluation 
INSERT INTO evaluation (evaluation_id,grade,date_eval) VALUES ("16696","6", "2014-1-3");
INSERT INTO evaluation (evaluation_id,grade,date_eval) VALUES ("42202","7", "2013-3-12");
INSERT INTO evaluation (evaluation_id,grade,date_eval) VALUES ("73097","7", "2014-11-3");
INSERT INTO evaluation (evaluation_id,grade,date_eval) VALUES ("83834","9", "2013-5-5");
INSERT INTO evaluation (evaluation_id,grade,date_eval) VALUES ("49751","5", "2013-1-11");
INSERT INTO evaluation (evaluation_id,grade,date_eval) VALUES ("76642","9", "2014-12-28");
INSERT INTO evaluation (evaluation_id,grade,date_eval) VALUES ("26052","10", "2014-11-19");
INSERT INTO evaluation (evaluation_id,grade,date_eval) VALUES ("44412","10", "2014-1-13");
INSERT INTO evaluation (evaluation_id,grade,date_eval) VALUES ("89263","9", "2014-11-21");
INSERT INTO evaluation (evaluation_id,grade,date_eval) VALUES ("68757","10", "2013-5-2");
INSERT INTO evaluation (evaluation_id,grade,date_eval) VALUES ("70481","5", "2013-12-8");
INSERT INTO evaluation (evaluation_id,grade,date_eval) VALUES ("88294","5", "2014-8-9");
INSERT INTO evaluation (evaluation_id,grade,date_eval) VALUES ("82849","6", "2013-3-9");
INSERT INTO evaluation (evaluation_id,grade,date_eval) VALUES ("89612","10", "2014-8-5");
INSERT INTO evaluation (evaluation_id,grade,date_eval) VALUES ("34101","7", "2014-5-22");
INSERT INTO evaluation (evaluation_id,grade,date_eval) VALUES ("49799","7", "2013-5-7");
INSERT INTO evaluation (evaluation_id,grade,date_eval) VALUES ("90708","5", "2013-3-10");
INSERT INTO evaluation (evaluation_id,grade,date_eval) VALUES ("59027","9", "2014-4-23");
INSERT INTO evaluation (evaluation_id,grade,date_eval) VALUES ("69481","7", "2014-9-12");
INSERT INTO evaluation (evaluation_id,grade,date_eval) VALUES ("67746","5", "2014-2-28");
INSERT INTO evaluation (evaluation_id,grade,date_eval) VALUES ("86240","8", "2014-10-25");
INSERT INTO evaluation (evaluation_id,grade,date_eval) VALUES ("81088","7", "2013-12-18");
INSERT INTO evaluation (evaluation_id,grade,date_eval) VALUES ("63589","7", "2014-12-6");
INSERT INTO evaluation (evaluation_id,grade,date_eval) VALUES ("13552","7", "2014-12-9");
INSERT INTO evaluation (evaluation_id,grade,date_eval) VALUES ("31942","10", "2013-9-22");
INSERT INTO evaluation (evaluation_id,grade,date_eval) VALUES ("64777","9", "2014-11-5");
INSERT INTO evaluation (evaluation_id,grade,date_eval) VALUES ("45842","9", "2014-2-3");
INSERT INTO evaluation (evaluation_id,grade,date_eval) VALUES ("89298","8", "2014-5-6");
INSERT INTO evaluation (evaluation_id,grade,date_eval) VALUES ("84481","5", "2013-6-8");
INSERT INTO evaluation (evaluation_id,grade,date_eval) VALUES ("29929","6", "2013-6-15");
INSERT INTO evaluation (evaluation_id,grade,date_eval) VALUES ("18237","9", "2014-4-23");
INSERT INTO evaluation (evaluation_id,grade,date_eval) VALUES ("33459","6", "2013-3-26");
INSERT INTO evaluation (evaluation_id,grade,date_eval) VALUES ("46008","7", "2014-4-7");
INSERT INTO evaluation (evaluation_id,grade,date_eval) VALUES ("26788","10", "2014-2-23");
INSERT INTO evaluation (evaluation_id,grade,date_eval) VALUES ("82950","8", "2013-6-5");
INSERT INTO evaluation (evaluation_id,grade,date_eval) VALUES ("98574","7", "2013-11-13");
INSERT INTO evaluation (evaluation_id,grade,date_eval) VALUES ("87045","10", "2014-1-13");
INSERT INTO evaluation (evaluation_id,grade,date_eval) VALUES ("97382","5", "2013-6-18");
INSERT INTO evaluation (evaluation_id,grade,date_eval) VALUES ("54737","7", "2014-4-25");
INSERT INTO evaluation (evaluation_id,grade,date_eval) VALUES ("14825","5", "2014-2-20");
INSERT INTO evaluation (evaluation_id,grade,date_eval) VALUES ("71887","5", "2014-12-13");
INSERT INTO evaluation (evaluation_id,grade,date_eval) VALUES ("23848","5", "2014-10-13");
INSERT INTO evaluation (evaluation_id,grade,date_eval) VALUES ("13763","9", "2013-8-15");
INSERT INTO evaluation (evaluation_id,grade,date_eval) VALUES ("50775","5", "2014-12-10");
INSERT INTO evaluation (evaluation_id,grade,date_eval) VALUES ("58515","10", "2013-3-6");
INSERT INTO evaluation (evaluation_id,grade,date_eval) VALUES ("44699","8", "2013-10-19");
INSERT INTO evaluation (evaluation_id,grade,date_eval) VALUES ("20590","7", "2013-1-25");
INSERT INTO evaluation (evaluation_id,grade,date_eval) VALUES ("68538","7", "2014-11-17");
INSERT INTO evaluation (evaluation_id,grade,date_eval) VALUES ("51287","8", "2014-2-19");
INSERT INTO evaluation (evaluation_id,grade,date_eval) VALUES ("48175","8", "2013-1-1");

-- executive 
INSERT INTO executive (executive_id,name_ex) VALUES ("78728","Christopher Johnson");
INSERT INTO executive (executive_id,name_ex) VALUES ("84777","Amy Lopez");
INSERT INTO executive (executive_id,name_ex) VALUES ("47286","Samantha Gonzalez");
INSERT INTO executive (executive_id,name_ex) VALUES ("63865","Ryan King");
INSERT INTO executive (executive_id,name_ex) VALUES ("76293","Mr. Jason Delacruz DDS");
INSERT INTO executive (executive_id,name_ex) VALUES ("25254","Brian Jackson");
INSERT INTO executive (executive_id,name_ex) VALUES ("89634","Shannon Stewart");
INSERT INTO executive (executive_id,name_ex) VALUES ("19521","Tanya Anderson");
INSERT INTO executive (executive_id,name_ex) VALUES ("88573","Thomas Daniel");
INSERT INTO executive (executive_id,name_ex) VALUES ("38469","Valerie Russo");
INSERT INTO executive (executive_id,name_ex) VALUES ("28033","Meghan Guerra");
INSERT INTO executive (executive_id,name_ex) VALUES ("68700","Steven Cardenas");
INSERT INTO executive (executive_id,name_ex) VALUES ("57140","Melanie Tyler");
INSERT INTO executive (executive_id,name_ex) VALUES ("47424","Justin Price");
INSERT INTO executive (executive_id,name_ex) VALUES ("63213","Philip Kemp");
INSERT INTO executive (executive_id,name_ex) VALUES ("50699","Diamond Clarke");
INSERT INTO executive (executive_id,name_ex) VALUES ("79876","Lisa Alvarado");
INSERT INTO executive (executive_id,name_ex) VALUES ("79520","Jennifer Nielsen");
INSERT INTO executive (executive_id,name_ex) VALUES ("92421","Tiffany Wood");
INSERT INTO executive (executive_id,name_ex) VALUES ("50351","Tracy Blair");
INSERT INTO executive (executive_id,name_ex) VALUES ("23035","Kyle Chavez");
INSERT INTO executive (executive_id,name_ex) VALUES ("47250","Brian Little");
INSERT INTO executive (executive_id,name_ex) VALUES ("69377","Rebecca Hall");
INSERT INTO executive (executive_id,name_ex) VALUES ("11524","Mark Beasley");
INSERT INTO executive (executive_id,name_ex) VALUES ("38343","Cameron Rowe");
INSERT INTO executive (executive_id,name_ex) VALUES ("62014","Karen Williams");
INSERT INTO executive (executive_id,name_ex) VALUES ("20261","Gregory Owen");
INSERT INTO executive (executive_id,name_ex) VALUES ("58338","Madison Simon");
INSERT INTO executive (executive_id,name_ex) VALUES ("84598","April Wilson");
INSERT INTO executive (executive_id,name_ex) VALUES ("23282","Gabriel Fields");
INSERT INTO executive (executive_id,name_ex) VALUES ("31441","Katherine Pollard");
INSERT INTO executive (executive_id,name_ex) VALUES ("29030","David Nelson");
INSERT INTO executive (executive_id,name_ex) VALUES ("26407","Charles Cuevas");
INSERT INTO executive (executive_id,name_ex) VALUES ("35224","Hunter Graves");
INSERT INTO executive (executive_id,name_ex) VALUES ("99258","James Lee");
INSERT INTO executive (executive_id,name_ex) VALUES ("30938","Walter Copeland");
INSERT INTO executive (executive_id,name_ex) VALUES ("54774","Kathryn Myers");
INSERT INTO executive (executive_id,name_ex) VALUES ("19581","Manuel Meza");
INSERT INTO executive (executive_id,name_ex) VALUES ("39294","Adam Jones");
INSERT INTO executive (executive_id,name_ex) VALUES ("50314","Patricia Cole");
INSERT INTO executive (executive_id,name_ex) VALUES ("85731","Miss Ann Bradford MD");
INSERT INTO executive (executive_id,name_ex) VALUES ("28083","Courtney Berg");
INSERT INTO executive (executive_id,name_ex) VALUES ("19019","Rhonda Howell");
INSERT INTO executive (executive_id,name_ex) VALUES ("29833","Sean Martin");
INSERT INTO executive (executive_id,name_ex) VALUES ("59927","Charles Thompson");
INSERT INTO executive (executive_id,name_ex) VALUES ("91212","Amy Buckley");
INSERT INTO executive (executive_id,name_ex) VALUES ("36329","Jennifer Lee");
INSERT INTO executive (executive_id,name_ex) VALUES ("59666","Justin Powell");
INSERT INTO executive (executive_id,name_ex) VALUES ("56292","Philip Wilson");
INSERT INTO executive (executive_id,name_ex) VALUES ("54881","Michael Johnson");

-- project 
INSERT INTO project (project_id,title,start_date,end_date,abstract,funds,evaluator_id,accountable_id,program_id,executive_id,organization_id,evaluation_id) VALUES ("77768","project767", "2015-12-22", "2017-8-15", "Responsibility prepare develop under.", "984316", "55940", "77576", "95178", "99258", "71222", "68757");
INSERT INTO project (project_id,title,start_date,end_date,abstract,funds,evaluator_id,accountable_id,program_id,executive_id,organization_id,evaluation_id) VALUES ("34071","project454", "2017-9-9", "2019-12-8", "Base song firm still. Development case wall evidence benefit.", "194537", "40711", "19980", "29724", "76293", "45286", "49751");
INSERT INTO project (project_id,title,start_date,end_date,abstract,funds,evaluator_id,accountable_id,program_id,executive_id,organization_id,evaluation_id) VALUES ("35032","project561", "2020-11-13", "2022-5-20", "He use present. Determine much as more against else.", "916346", "50273", "92859", "35656", "29030", "34847", "13763");
INSERT INTO project (project_id,title,start_date,end_date,abstract,funds,evaluator_id,accountable_id,program_id,executive_id,organization_id,evaluation_id) VALUES ("23483","project907", "2022-12-21", "2024-3-18", "Reality movement baby news.", "881385", "88627", "97123", "59643", "31441", "35466", "88294");
INSERT INTO project (project_id,title,start_date,end_date,abstract,funds,evaluator_id,accountable_id,program_id,executive_id,organization_id,evaluation_id) VALUES ("59973","project216", "2020-11-14", "2023-7-26", "Fund make often sister. Season else where toward land imagine.", "604952", "27926", "91705", "35656", "59666", "11744", "18237");
INSERT INTO project (project_id,title,start_date,end_date,abstract,funds,evaluator_id,accountable_id,program_id,executive_id,organization_id,evaluation_id) VALUES ("41517","project557", "2019-12-24", "2022-3-16", "Fill child yeah manager billion pull accept.", "755652", "82551", "82551", "98304", "19581", "86377", "63589");
INSERT INTO project (project_id,title,start_date,end_date,abstract,funds,evaluator_id,accountable_id,program_id,executive_id,organization_id,evaluation_id) VALUES ("94565","project228", "2017-2-17", "2019-7-24", "Citizen why particularly light order. Day affect read forward church easy.", "849898", "28288", "56804", "49251", "76293", "57217", "98574");
INSERT INTO project (project_id,title,start_date,end_date,abstract,funds,evaluator_id,accountable_id,program_id,executive_id,organization_id,evaluation_id) VALUES ("10677","project259", "2017-9-15", "2020-12-20", "Teach could remember. Follow check positive data.", "136012", "97585", "50368", "16075", "35224", "24277", "13552");
INSERT INTO project (project_id,title,start_date,end_date,abstract,funds,evaluator_id,accountable_id,program_id,executive_id,organization_id,evaluation_id) VALUES ("38542","project434", "2017-10-25", "2020-9-14", "Draw prevent candidate conference wind picture.", "268683", "11715", "98362", "79994", "62014", "45286", "89612");
INSERT INTO project (project_id,title,start_date,end_date,abstract,funds,evaluator_id,accountable_id,program_id,executive_id,organization_id,evaluation_id) VALUES ("71582","project384", "2021-2-12", "2024-7-7", "Purpose herself but scene thought decade necessary.", "960252", "20645", "24105", "83207", "38343", "33348", "14825");
INSERT INTO project (project_id,title,start_date,end_date,abstract,funds,evaluator_id,accountable_id,program_id,executive_id,organization_id,evaluation_id) VALUES ("84317","project779", "2016-11-16", "2018-9-19", "Decade soldier none population compare. Where idea without.", "837236", "32727", "52687", "10289", "36329", "34847", "44412");
INSERT INTO project (project_id,title,start_date,end_date,abstract,funds,evaluator_id,accountable_id,program_id,executive_id,organization_id,evaluation_id) VALUES ("34187","project432", "2022-10-24", "2025-8-12", "Season television surface check. Site require available shake he.", "532532", "72262", "52756", "23899", "35224", "19731", "44699");
INSERT INTO project (project_id,title,start_date,end_date,abstract,funds,evaluator_id,accountable_id,program_id,executive_id,organization_id,evaluation_id) VALUES ("77351","project365", "2017-6-1", "2019-10-12", "Cost address significant evidence none result.", "535245", "75035", "56804", "94034", "84598", "75701", "64777");
INSERT INTO project (project_id,title,start_date,end_date,abstract,funds,evaluator_id,accountable_id,program_id,executive_id,organization_id,evaluation_id) VALUES ("37697","project897", "2022-11-10", "2025-5-1", "Public month too support at him. Individual head thank live voice.", "468642", "93318", "23461", "45886", "69377", "11744", "16696");
INSERT INTO project (project_id,title,start_date,end_date,abstract,funds,evaluator_id,accountable_id,program_id,executive_id,organization_id,evaluation_id) VALUES ("62836","project240", "2019-6-7", "2022-11-15", "Value rich trade adult particular control wind strong.", "353010", "88627", "19125", "40471", "23035", "95712", "49751");
INSERT INTO project (project_id,title,start_date,end_date,abstract,funds,evaluator_id,accountable_id,program_id,executive_id,organization_id,evaluation_id) VALUES ("61913","project474", "2018-11-24", "2021-1-20", "Ten too defense. Road yard ok art.", "582352", "28288", "19438", "46364", "35224", "90637", "69481");
INSERT INTO project (project_id,title,start_date,end_date,abstract,funds,evaluator_id,accountable_id,program_id,executive_id,organization_id,evaluation_id) VALUES ("73817","project409", "2015-8-27", "2018-7-6", "Charge involve mention find radio agree need. Computer quickly natural.", "231498", "15430", "51796", "95178", "79876", "71222", "81088");
INSERT INTO project (project_id,title,start_date,end_date,abstract,funds,evaluator_id,accountable_id,program_id,executive_id,organization_id,evaluation_id) VALUES ("62846","project595", "2015-5-14", "2018-8-16", "Once give his finish around rise. Key it successful else establish win thought pretty.", "670956", "62087", "34934", "46364", "29030", "57217", "44699");
INSERT INTO project (project_id,title,start_date,end_date,abstract,funds,evaluator_id,accountable_id,program_id,executive_id,organization_id,evaluation_id) VALUES ("37053","project107", "2018-3-10", "2021-3-2", "Case lay seek product choice arrive American. Level despite try trial husband.", "911974", "85360", "82551", "10289", "50351", "75701", "71887");
INSERT INTO project (project_id,title,start_date,end_date,abstract,funds,evaluator_id,accountable_id,program_id,executive_id,organization_id,evaluation_id) VALUES ("28539","project443", "2020-11-6", "2023-8-17", "For husband exactly society add respond. Provide fall catch fall.", "977835", "60631", "32727", "15218", "88573", "57879", "54737");
INSERT INTO project (project_id,title,start_date,end_date,abstract,funds,evaluator_id,accountable_id,program_id,executive_id,organization_id,evaluation_id) VALUES ("56819","project190", "2015-2-19", "2017-7-13", "Gun billion wait money.", "109550", "21299", "28352", "99187", "57140", "77289", "68538");
INSERT INTO project (project_id,title,start_date,end_date,abstract,funds,evaluator_id,accountable_id,program_id,executive_id,organization_id,evaluation_id) VALUES ("53808","project420", "2020-3-16", "2023-4-28", "Yes several mission according.", "149356", "31229", "34934", "15218", "38469", "34847", "14825");
INSERT INTO project (project_id,title,start_date,end_date,abstract,funds,evaluator_id,accountable_id,program_id,executive_id,organization_id,evaluation_id) VALUES ("86802","project927", "2020-12-3", "2022-1-6", "Example forget including.", "436992", "75613", "73748", "12249", "50351", "98916", "73097");
INSERT INTO project (project_id,title,start_date,end_date,abstract,funds,evaluator_id,accountable_id,program_id,executive_id,organization_id,evaluation_id) VALUES ("19314","project882", "2017-10-18", "2020-7-8", "Result through they girl present article.", "747319", "86964", "15430", "46945", "20261", "75114", "13763");
INSERT INTO project (project_id,title,start_date,end_date,abstract,funds,evaluator_id,accountable_id,program_id,executive_id,organization_id,evaluation_id) VALUES ("75087","project175", "2020-11-7", "2022-2-3", "Break method whatever under.", "431708", "63824", "68933", "11543", "36329", "86377", "50775");
INSERT INTO project (project_id,title,start_date,end_date,abstract,funds,evaluator_id,accountable_id,program_id,executive_id,organization_id,evaluation_id) VALUES ("32913","project748", "2016-11-16", "2018-12-14", "Sometimes evening defense pass marriage blue strong.", "537922", "15430", "79063", "11543", "31441", "35230", "48175");
INSERT INTO project (project_id,title,start_date,end_date,abstract,funds,evaluator_id,accountable_id,program_id,executive_id,organization_id,evaluation_id) VALUES ("19261","project685", "2018-7-12", "2021-12-24", "Member story model yard cost.", "957508", "13273", "80829", "40973", "36329", "33348", "58515");
INSERT INTO project (project_id,title,start_date,end_date,abstract,funds,evaluator_id,accountable_id,program_id,executive_id,organization_id,evaluation_id) VALUES ("37912","project709", "2021-8-5", "2024-12-5", "Bar community guess least night manager.", "762229", "92859", "63824", "22695", "59666", "71222", "26052");
INSERT INTO project (project_id,title,start_date,end_date,abstract,funds,evaluator_id,accountable_id,program_id,executive_id,organization_id,evaluation_id) VALUES ("22942","project273", "2020-10-17", "2022-9-19", "Take away drug month article up wall.", "226335", "91948", "31229", "73758", "39294", "75701", "42202");
INSERT INTO project (project_id,title,start_date,end_date,abstract,funds,evaluator_id,accountable_id,program_id,executive_id,organization_id,evaluation_id) VALUES ("62515","project275", "2022-9-19", "2024-2-5", "Community amount item respond eight. Interview miss deep house evening reach eat.", "424820", "27926", "13140", "95178", "36329", "81900", "82950");
INSERT INTO project (project_id,title,start_date,end_date,abstract,funds,evaluator_id,accountable_id,program_id,executive_id,organization_id,evaluation_id) VALUES ("82316","project636", "2021-12-21", "2023-12-24", "Language politics two condition see. View believe ago then or church.", "219215", "79066", "21299", "12249", "29833", "19731", "86240");
INSERT INTO project (project_id,title,start_date,end_date,abstract,funds,evaluator_id,accountable_id,program_id,executive_id,organization_id,evaluation_id) VALUES ("80732","project615", "2017-10-27", "2020-4-9", "Particular listen toward back resource anything cold.", "995258", "91908", "82551", "70616", "63213", "82332", "64777");
INSERT INTO project (project_id,title,start_date,end_date,abstract,funds,evaluator_id,accountable_id,program_id,executive_id,organization_id,evaluation_id) VALUES ("69630","project426", "2016-12-19", "2019-9-18", "Right energy different audience man.", "422258", "87810", "24105", "31036", "47424", "75114", "83834");
INSERT INTO project (project_id,title,start_date,end_date,abstract,funds,evaluator_id,accountable_id,program_id,executive_id,organization_id,evaluation_id) VALUES ("67364","project866", "2021-11-1", "2024-11-21", "Rock minute officer from. Through whether month.", "602380", "54268", "71017", "23734", "50314", "35470", "33459");
INSERT INTO project (project_id,title,start_date,end_date,abstract,funds,evaluator_id,accountable_id,program_id,executive_id,organization_id,evaluation_id) VALUES ("27827","project876", "2022-5-19", "2024-3-13", "Star nature theory middle task can organization.", "718875", "87134", "45173", "67831", "19521", "86377", "86240");
INSERT INTO project (project_id,title,start_date,end_date,abstract,funds,evaluator_id,accountable_id,program_id,executive_id,organization_id,evaluation_id) VALUES ("71086","project158", "2020-3-7", "2022-8-19", "Situation attack my economy. Image through level.", "780700", "23141", "19125", "52262", "28083", "11744", "31942");
INSERT INTO project (project_id,title,start_date,end_date,abstract,funds,evaluator_id,accountable_id,program_id,executive_id,organization_id,evaluation_id) VALUES ("48414","project833", "2018-2-26", "2020-11-13", "Standard social how he. Game memory from industry many science town.", "958918", "59181", "16445", "46945", "20261", "89839", "83834");
INSERT INTO project (project_id,title,start_date,end_date,abstract,funds,evaluator_id,accountable_id,program_id,executive_id,organization_id,evaluation_id) VALUES ("48482","project541", "2019-3-21", "2021-9-24", "Apply chance letter bad state. Investment listen go federal.", "215097", "88627", "59286", "12249", "28033", "33348", "73097");
INSERT INTO project (project_id,title,start_date,end_date,abstract,funds,evaluator_id,accountable_id,program_id,executive_id,organization_id,evaluation_id) VALUES ("79303","project899", "2020-8-26", "2022-7-18", "Man large everybody authority coach education. North writer remember this.", "706738", "13273", "34540", "49166", "23035", "57879", "44412");
INSERT INTO project (project_id,title,start_date,end_date,abstract,funds,evaluator_id,accountable_id,program_id,executive_id,organization_id,evaluation_id) VALUES ("79456","project466", "2016-8-21", "2018-1-20", "Tree information character attorney live many.", "188124", "79063", "97067", "38653", "62014", "95712", "64777");
INSERT INTO project (project_id,title,start_date,end_date,abstract,funds,evaluator_id,accountable_id,program_id,executive_id,organization_id,evaluation_id) VALUES ("62507","project864", "2015-5-26", "2017-4-1", "Return accept agree letter clear camera view protect.", "961980", "97585", "56834", "40973", "63865", "45197", "69481");
INSERT INTO project (project_id,title,start_date,end_date,abstract,funds,evaluator_id,accountable_id,program_id,executive_id,organization_id,evaluation_id) VALUES ("48554","project671", "2021-11-9", "2024-12-8", "Out off though structure.", "193965", "70812", "44581", "49251", "78728", "77289", "86240");
INSERT INTO project (project_id,title,start_date,end_date,abstract,funds,evaluator_id,accountable_id,program_id,executive_id,organization_id,evaluation_id) VALUES ("88448","project177", "2018-11-17", "2020-9-5", "City many strategy. Charge and care quite goal.", "870547", "28352", "20645", "79994", "28033", "34847", "58515");
INSERT INTO project (project_id,title,start_date,end_date,abstract,funds,evaluator_id,accountable_id,program_id,executive_id,organization_id,evaluation_id) VALUES ("53779","project806", "2019-3-4", "2022-8-23", "Federal make significant approach fine poor window.", "204028", "97585", "82551", "31036", "25254", "57879", "84481");
INSERT INTO project (project_id,title,start_date,end_date,abstract,funds,evaluator_id,accountable_id,program_id,executive_id,organization_id,evaluation_id) VALUES ("52516","project970", "2017-3-24", "2020-9-28", "Air early whole subject end inside.", "171103", "51612", "41316", "16075", "47250", "75114", "50775");
INSERT INTO project (project_id,title,start_date,end_date,abstract,funds,evaluator_id,accountable_id,program_id,executive_id,organization_id,evaluation_id) VALUES ("11315","project457", "2016-12-23", "2019-3-28", "Area here none college huge. Debate at do dog buy source.", "570210", "97585", "70281", "98304", "47286", "69287", "26052");
INSERT INTO project (project_id,title,start_date,end_date,abstract,funds,evaluator_id,accountable_id,program_id,executive_id,organization_id,evaluation_id) VALUES ("41304","project689", "2020-4-9", "2022-3-12", "Score eat serve truth. Go minute impact computer heart instead month.", "685457", "96273", "11876", "79994", "59666", "45197", "71887");
INSERT INTO project (project_id,title,start_date,end_date,abstract,funds,evaluator_id,accountable_id,program_id,executive_id,organization_id,evaluation_id) VALUES ("99906","project258", "2020-9-28", "2022-10-26", "Author experience everything election.", "223694", "98850", "37708", "92044", "47250", "33348", "89263");
INSERT INTO project (project_id,title,start_date,end_date,abstract,funds,evaluator_id,accountable_id,program_id,executive_id,organization_id,evaluation_id) VALUES ("96034","project575", "2022-7-16", "2024-4-2", "Compare they defense season future officer meeting road.", "986900", "98316", "11876", "29724", "63865", "57217", "82849");
INSERT INTO project (project_id,title,start_date,end_date,abstract,funds,evaluator_id,accountable_id,program_id,executive_id,organization_id,evaluation_id) VALUES ("66203","project308", "2018-9-14", "2021-3-4", "Total different camera body foreign reason throw enough. Pattern notice food hit present ahead.", "166676", "14106", "54268", "23734", "38343", "81900", "71887");

-- deliverable 
INSERT INTO deliverable (deliverable_id,project_id,title,abstract,deliverable_date) VALUES ("89060","28539","title767", "Week role year understand.", "2021-10-21");
INSERT INTO deliverable (deliverable_id,project_id,title,abstract,deliverable_date) VALUES ("17698","66203","title454", "Main share mean. Simple trade event late.", "2019-8-24");
INSERT INTO deliverable (deliverable_id,project_id,title,abstract,deliverable_date) VALUES ("64062","53808","title561", "Nice bad save Mrs civil seek relationship base.", "2021-2-2");
INSERT INTO deliverable (deliverable_id,project_id,title,abstract,deliverable_date) VALUES ("29717","62836","title907", "Under huge not test control entire. Thought fly side north simple.", "2020-5-20");
INSERT INTO deliverable (deliverable_id,project_id,title,abstract,deliverable_date) VALUES ("37566","59973","title216", "Prove lead water six responsibility money PM finish. Turn across leader less ago measure teacher.", "2021-10-23");
INSERT INTO deliverable (deliverable_id,project_id,title,abstract,deliverable_date) VALUES ("71901","41304","title557", "Turn good include receive finish affect. Song lead inside show physical event.", "2021-3-10");
INSERT INTO deliverable (deliverable_id,project_id,title,abstract,deliverable_date) VALUES ("40967","62836","title228", "Consider southern no show.", "2020-5-27");
INSERT INTO deliverable (deliverable_id,project_id,title,abstract,deliverable_date) VALUES ("82217","62515","title259", "The effect four defense continue foreign carry describe. Hair only official memory suffer.", "2023-8-12");
INSERT INTO deliverable (deliverable_id,project_id,title,abstract,deliverable_date) VALUES ("16657","27827","title434", "Test world seem evening almost difference. Education very individual first product second challenge.", "2023-4-2");
INSERT INTO deliverable (deliverable_id,project_id,title,abstract,deliverable_date) VALUES ("80121","53808","title384", "Each seven our within world keep certainly former. Yeah song drop population account money blue.", "2021-2-17");

-- phone_number 
INSERT INTO phone_number (organization_id,phone) VALUES ("45286","5522041363");
INSERT INTO phone_number (organization_id,phone) VALUES ("98916","9025763683");
INSERT INTO phone_number (organization_id,phone) VALUES ("19731","8164021772");
INSERT INTO phone_number (organization_id,phone) VALUES ("91877","9566211584");
INSERT INTO phone_number (organization_id,phone) VALUES ("86377","2601528624");
INSERT INTO phone_number (organization_id,phone) VALUES ("45286","1921466083");
INSERT INTO phone_number (organization_id,phone) VALUES ("51200","9596351610");
INSERT INTO phone_number (organization_id,phone) VALUES ("78799","2362454856");
INSERT INTO phone_number (organization_id,phone) VALUES ("99261","9350707016");
INSERT INTO phone_number (organization_id,phone) VALUES ("33348","3525129637");
INSERT INTO phone_number (organization_id,phone) VALUES ("34847","6522349326");
INSERT INTO phone_number (organization_id,phone) VALUES ("78799","5844477253");
INSERT INTO phone_number (organization_id,phone) VALUES ("45286","8053862072");
INSERT INTO phone_number (organization_id,phone) VALUES ("90637","8269638937");
INSERT INTO phone_number (organization_id,phone) VALUES ("89839","9735899268");
INSERT INTO phone_number (organization_id,phone) VALUES ("67307","3026491621");
INSERT INTO phone_number (organization_id,phone) VALUES ("35466","1714401233");
INSERT INTO phone_number (organization_id,phone) VALUES ("51200","1276045953");
INSERT INTO phone_number (organization_id,phone) VALUES ("86377","2709029511");
INSERT INTO phone_number (organization_id,phone) VALUES ("45286","7463184687");
INSERT INTO phone_number (organization_id,phone) VALUES ("24277","3115646320");
INSERT INTO phone_number (organization_id,phone) VALUES ("82332","4993268796");
INSERT INTO phone_number (organization_id,phone) VALUES ("67307","1332218316");
INSERT INTO phone_number (organization_id,phone) VALUES ("90637","6480121377");
INSERT INTO phone_number (organization_id,phone) VALUES ("78799","7673983223");
INSERT INTO phone_number (organization_id,phone) VALUES ("90637","4606810451");
INSERT INTO phone_number (organization_id,phone) VALUES ("34847","7249012013");
INSERT INTO phone_number (organization_id,phone) VALUES ("86377","3542220650");
INSERT INTO phone_number (organization_id,phone) VALUES ("45286","9019993429");
INSERT INTO phone_number (organization_id,phone) VALUES ("67307","2074335290");

-- works_on_project 
INSERT INTO works_on_project (project_id,researcher_id) VALUES ("77768","34540");
INSERT INTO works_on_project (project_id,researcher_id) VALUES ("34071","28352");
INSERT INTO works_on_project (project_id,researcher_id) VALUES ("35032","36907");
INSERT INTO works_on_project (project_id,researcher_id) VALUES ("23483","13140");
INSERT INTO works_on_project (project_id,researcher_id) VALUES ("59973","19980");
INSERT INTO works_on_project (project_id,researcher_id) VALUES ("41517","15354");
INSERT INTO works_on_project (project_id,researcher_id) VALUES ("94565","80829");
INSERT INTO works_on_project (project_id,researcher_id) VALUES ("10677","50273");
INSERT INTO works_on_project (project_id,researcher_id) VALUES ("38542","55940");
INSERT INTO works_on_project (project_id,researcher_id) VALUES ("71582","99074");
INSERT INTO works_on_project (project_id,researcher_id) VALUES ("84317","68933");
INSERT INTO works_on_project (project_id,researcher_id) VALUES ("34187","29498");
INSERT INTO works_on_project (project_id,researcher_id) VALUES ("77351","31532");
INSERT INTO works_on_project (project_id,researcher_id) VALUES ("37697","79063");
INSERT INTO works_on_project (project_id,researcher_id) VALUES ("62836","89498");
INSERT INTO works_on_project (project_id,researcher_id) VALUES ("61913","59286");
INSERT INTO works_on_project (project_id,researcher_id) VALUES ("73817","77119");
INSERT INTO works_on_project (project_id,researcher_id) VALUES ("62846","57026");
INSERT INTO works_on_project (project_id,researcher_id) VALUES ("37053","62219");
INSERT INTO works_on_project (project_id,researcher_id) VALUES ("28539","70812");
INSERT INTO works_on_project (project_id,researcher_id) VALUES ("56819","15430");
INSERT INTO works_on_project (project_id,researcher_id) VALUES ("53808","97067");
INSERT INTO works_on_project (project_id,researcher_id) VALUES ("86802","52687");
INSERT INTO works_on_project (project_id,researcher_id) VALUES ("19314","25834");
INSERT INTO works_on_project (project_id,researcher_id) VALUES ("75087","45173");
INSERT INTO works_on_project (project_id,researcher_id) VALUES ("32913","27386");
INSERT INTO works_on_project (project_id,researcher_id) VALUES ("19261","30534");
INSERT INTO works_on_project (project_id,researcher_id) VALUES ("37912","72262");
INSERT INTO works_on_project (project_id,researcher_id) VALUES ("22942","70281");
INSERT INTO works_on_project (project_id,researcher_id) VALUES ("62515","70711");
INSERT INTO works_on_project (project_id,researcher_id) VALUES ("82316","50892");
INSERT INTO works_on_project (project_id,researcher_id) VALUES ("80732","60631");
INSERT INTO works_on_project (project_id,researcher_id) VALUES ("69630","85360");
INSERT INTO works_on_project (project_id,researcher_id) VALUES ("67364","11715");
INSERT INTO works_on_project (project_id,researcher_id) VALUES ("27827","30800");
INSERT INTO works_on_project (project_id,researcher_id) VALUES ("71086","97123");
INSERT INTO works_on_project (project_id,researcher_id) VALUES ("48414","38788");
INSERT INTO works_on_project (project_id,researcher_id) VALUES ("48482","27306");
INSERT INTO works_on_project (project_id,researcher_id) VALUES ("79303","75393");
INSERT INTO works_on_project (project_id,researcher_id) VALUES ("79456","56804");
INSERT INTO works_on_project (project_id,researcher_id) VALUES ("62507","45173");
INSERT INTO works_on_project (project_id,researcher_id) VALUES ("48554","52687");
INSERT INTO works_on_project (project_id,researcher_id) VALUES ("88448","98316");
INSERT INTO works_on_project (project_id,researcher_id) VALUES ("53779","15430");
INSERT INTO works_on_project (project_id,researcher_id) VALUES ("52516","11748");
INSERT INTO works_on_project (project_id,researcher_id) VALUES ("11315","85360");
INSERT INTO works_on_project (project_id,researcher_id) VALUES ("41304","91908");
INSERT INTO works_on_project (project_id,researcher_id) VALUES ("99906","87810");
INSERT INTO works_on_project (project_id,researcher_id) VALUES ("96034","50892");
INSERT INTO works_on_project (project_id,researcher_id) VALUES ("66203","68933");
INSERT INTO works_on_project (project_id,researcher_id) VALUES ("11315","63403");
INSERT INTO works_on_project (project_id,researcher_id) VALUES ("66203","40711");
INSERT INTO works_on_project (project_id,researcher_id) VALUES ("53779","30534");
INSERT INTO works_on_project (project_id,researcher_id) VALUES ("62507","63824");
INSERT INTO works_on_project (project_id,researcher_id) VALUES ("37053","23461");
INSERT INTO works_on_project (project_id,researcher_id) VALUES ("75087","70711");
INSERT INTO works_on_project (project_id,researcher_id) VALUES ("10677","28288");
INSERT INTO works_on_project (project_id,researcher_id) VALUES ("19314","60880");
INSERT INTO works_on_project (project_id,researcher_id) VALUES ("48554","77476");
INSERT INTO works_on_project (project_id,researcher_id) VALUES ("96034","46303");
INSERT INTO works_on_project (project_id,researcher_id) VALUES ("88448","51252");
INSERT INTO works_on_project (project_id,researcher_id) VALUES ("66203","13273");
INSERT INTO works_on_project (project_id,researcher_id) VALUES ("88448","80829");
INSERT INTO works_on_project (project_id,researcher_id) VALUES ("77768","13140");
INSERT INTO works_on_project (project_id,researcher_id) VALUES ("88448","51612");
INSERT INTO works_on_project (project_id,researcher_id) VALUES ("62507","68105");
INSERT INTO works_on_project (project_id,researcher_id) VALUES ("88448","27926");
INSERT INTO works_on_project (project_id,researcher_id) VALUES ("73817","69645");
INSERT INTO works_on_project (project_id,researcher_id) VALUES ("96034","23141");
INSERT INTO works_on_project (project_id,researcher_id) VALUES ("19261","51612");
INSERT INTO works_on_project (project_id,researcher_id) VALUES ("86802","19980");
INSERT INTO works_on_project (project_id,researcher_id) VALUES ("19314","93354");
INSERT INTO works_on_project (project_id,researcher_id) VALUES ("69630","41316");
INSERT INTO works_on_project (project_id,researcher_id) VALUES ("80732","77476");
INSERT INTO works_on_project (project_id,researcher_id) VALUES ("71582","19125");
INSERT INTO works_on_project (project_id,researcher_id) VALUES ("52516","79284");
INSERT INTO works_on_project (project_id,researcher_id) VALUES ("67364","91948");
INSERT INTO works_on_project (project_id,researcher_id) VALUES ("71582","23141");
INSERT INTO works_on_project (project_id,researcher_id) VALUES ("79303","54268");
INSERT INTO works_on_project (project_id,researcher_id) VALUES ("77768","21925");
INSERT INTO works_on_project (project_id,researcher_id) VALUES ("41517","19438");
INSERT INTO works_on_project (project_id,researcher_id) VALUES ("86802","46627");
INSERT INTO works_on_project (project_id,researcher_id) VALUES ("62515","97123");
INSERT INTO works_on_project (project_id,researcher_id) VALUES ("27827","25834");
INSERT INTO works_on_project (project_id,researcher_id) VALUES ("34071","30800");
INSERT INTO works_on_project (project_id,researcher_id) VALUES ("37053","51612");
INSERT INTO works_on_project (project_id,researcher_id) VALUES ("94565","27926");
INSERT INTO works_on_project (project_id,researcher_id) VALUES ("38542","70812");
INSERT INTO works_on_project (project_id,researcher_id) VALUES ("82316","11876");
INSERT INTO works_on_project (project_id,researcher_id) VALUES ("53808","63403");
INSERT INTO works_on_project (project_id,researcher_id) VALUES ("86802","45173");
INSERT INTO works_on_project (project_id,researcher_id) VALUES ("48482","62860");
INSERT INTO works_on_project (project_id,researcher_id) VALUES ("82316","62219");
INSERT INTO works_on_project (project_id,researcher_id) VALUES ("19261","23461");
INSERT INTO works_on_project (project_id,researcher_id) VALUES ("88448","24105");
INSERT INTO works_on_project (project_id,researcher_id) VALUES ("56819","54268");
INSERT INTO works_on_project (project_id,researcher_id) VALUES ("11315","27441");
INSERT INTO works_on_project (project_id,researcher_id) VALUES ("80732","79063");
INSERT INTO works_on_project (project_id,researcher_id) VALUES ("22942","85360");
INSERT INTO works_on_project (project_id,researcher_id) VALUES ("41304","34934");

-- scientific_field_project 
INSERT INTO scientific_field_project (scfield_id,project_id) VALUES ("70633","77768");
INSERT INTO scientific_field_project (scfield_id,project_id) VALUES ("36693","34071");
INSERT INTO scientific_field_project (scfield_id,project_id) VALUES ("28399","35032");
INSERT INTO scientific_field_project (scfield_id,project_id) VALUES ("66718","23483");
INSERT INTO scientific_field_project (scfield_id,project_id) VALUES ("36649","59973");
INSERT INTO scientific_field_project (scfield_id,project_id) VALUES ("99026","41517");
INSERT INTO scientific_field_project (scfield_id,project_id) VALUES ("66718","94565");
INSERT INTO scientific_field_project (scfield_id,project_id) VALUES ("13394","10677");
INSERT INTO scientific_field_project (scfield_id,project_id) VALUES ("79947","38542");
INSERT INTO scientific_field_project (scfield_id,project_id) VALUES ("60851","71582");
INSERT INTO scientific_field_project (scfield_id,project_id) VALUES ("36693","84317");
INSERT INTO scientific_field_project (scfield_id,project_id) VALUES ("13394","34187");
INSERT INTO scientific_field_project (scfield_id,project_id) VALUES ("99026","77351");
INSERT INTO scientific_field_project (scfield_id,project_id) VALUES ("66718","37697");
INSERT INTO scientific_field_project (scfield_id,project_id) VALUES ("36649","62836");
INSERT INTO scientific_field_project (scfield_id,project_id) VALUES ("60851","61913");
INSERT INTO scientific_field_project (scfield_id,project_id) VALUES ("66718","73817");
INSERT INTO scientific_field_project (scfield_id,project_id) VALUES ("13394","62846");
INSERT INTO scientific_field_project (scfield_id,project_id) VALUES ("13394","37053");
INSERT INTO scientific_field_project (scfield_id,project_id) VALUES ("10044","28539");
INSERT INTO scientific_field_project (scfield_id,project_id) VALUES ("36693","56819");
INSERT INTO scientific_field_project (scfield_id,project_id) VALUES ("36693","53808");
INSERT INTO scientific_field_project (scfield_id,project_id) VALUES ("28399","86802");
INSERT INTO scientific_field_project (scfield_id,project_id) VALUES ("66718","19314");
INSERT INTO scientific_field_project (scfield_id,project_id) VALUES ("28399","75087");
INSERT INTO scientific_field_project (scfield_id,project_id) VALUES ("13394","32913");
INSERT INTO scientific_field_project (scfield_id,project_id) VALUES ("10044","19261");
INSERT INTO scientific_field_project (scfield_id,project_id) VALUES ("79947","37912");
INSERT INTO scientific_field_project (scfield_id,project_id) VALUES ("13394","22942");
INSERT INTO scientific_field_project (scfield_id,project_id) VALUES ("79947","62515");
INSERT INTO scientific_field_project (scfield_id,project_id) VALUES ("66718","82316");
INSERT INTO scientific_field_project (scfield_id,project_id) VALUES ("60851","80732");
INSERT INTO scientific_field_project (scfield_id,project_id) VALUES ("36649","69630");
INSERT INTO scientific_field_project (scfield_id,project_id) VALUES ("13394","67364");
INSERT INTO scientific_field_project (scfield_id,project_id) VALUES ("60851","27827");
INSERT INTO scientific_field_project (scfield_id,project_id) VALUES ("66718","71086");
INSERT INTO scientific_field_project (scfield_id,project_id) VALUES ("79947","48414");
INSERT INTO scientific_field_project (scfield_id,project_id) VALUES ("66718","48482");
INSERT INTO scientific_field_project (scfield_id,project_id) VALUES ("36693","79303");
INSERT INTO scientific_field_project (scfield_id,project_id) VALUES ("99026","79456");
INSERT INTO scientific_field_project (scfield_id,project_id) VALUES ("79947","62507");
INSERT INTO scientific_field_project (scfield_id,project_id) VALUES ("60851","48554");
INSERT INTO scientific_field_project (scfield_id,project_id) VALUES ("66718","88448");
INSERT INTO scientific_field_project (scfield_id,project_id) VALUES ("36649","53779");
INSERT INTO scientific_field_project (scfield_id,project_id) VALUES ("10044","52516");
INSERT INTO scientific_field_project (scfield_id,project_id) VALUES ("70633","11315");
INSERT INTO scientific_field_project (scfield_id,project_id) VALUES ("79947","41304");
INSERT INTO scientific_field_project (scfield_id,project_id) VALUES ("10044","99906");
INSERT INTO scientific_field_project (scfield_id,project_id) VALUES ("66718","96034");
INSERT INTO scientific_field_project (scfield_id,project_id) VALUES ("60851","66203");
INSERT INTO scientific_field_project (scfield_id,project_id) VALUES ("36693","19261");
INSERT INTO scientific_field_project (scfield_id,project_id) VALUES ("10044","62846");
INSERT INTO scientific_field_project (scfield_id,project_id) VALUES ("99026","66203");
INSERT INTO scientific_field_project (scfield_id,project_id) VALUES ("60851","48414");
INSERT INTO scientific_field_project (scfield_id,project_id) VALUES ("79947","79303");
INSERT INTO scientific_field_project (scfield_id,project_id) VALUES ("70633","62836");
INSERT INTO scientific_field_project (scfield_id,project_id) VALUES ("70633","82316");
INSERT INTO scientific_field_project (scfield_id,project_id) VALUES ("36649","34071");
INSERT INTO scientific_field_project (scfield_id,project_id) VALUES ("10044","53808");
INSERT INTO scientific_field_project (scfield_id,project_id) VALUES ("13394","79456");

