-- organization 
INSERT INTO organization (organization_id,name_org,abbreviation,city,street,postal_code,org_type,funds_company,budget_uni_ministry,budget_rc1,budget_rc2) VALUES ("67097", "University130", "UN130", "Chalkida", "Androutsou101", "74337", "University", "0", "74597017", "0", "0");
INSERT INTO organization (organization_id,name_org,abbreviation,city,street,postal_code,org_type,funds_company,budget_uni_ministry,budget_rc1,budget_rc2) VALUES ("68701", "Research Center647", "RC647", "Athens", "Eleftheriou Venizelou15", "97744", "Research Center", "0", "0", "68466390", "30495787");
INSERT INTO organization (organization_id,name_org,abbreviation,city,street,postal_code,org_type,funds_company,budget_uni_ministry,budget_rc1,budget_rc2) VALUES ("80594", "University673", "UN673", "Ioannina", "Evripidou73", "58751", "University", "0", "39248529", "0", "0");
INSERT INTO organization (organization_id,name_org,abbreviation,city,street,postal_code,org_type,funds_company,budget_uni_ministry,budget_rc1,budget_rc2) VALUES ("38344", "Company896", "C896", "Ioannina", "Nikopoleos126", "78857", "Company", "14663420", "0", "0", "0");
INSERT INTO organization (organization_id,name_org,abbreviation,city,street,postal_code,org_type,funds_company,budget_uni_ministry,budget_rc1,budget_rc2) VALUES ("87600", "University712", "UN712", "Trikala", "Klepsydra57", "99029", "University", "0", "823035", "0", "0");
INSERT INTO organization (organization_id,name_org,abbreviation,city,street,postal_code,org_type,funds_company,budget_uni_ministry,budget_rc1,budget_rc2) VALUES ("28898", "Research Center199", "RC199", "Trikala", "Orionos120", "10628", "Research Center", "0", "0", "76046767", "72948946");
INSERT INTO organization (organization_id,name_org,abbreviation,city,street,postal_code,org_type,funds_company,budget_uni_ministry,budget_rc1,budget_rc2) VALUES ("14660", "University907", "UN907", "Thessaloniki", "Agathiou148", "54324", "University", "0", "22846039", "0", "0");
INSERT INTO organization (organization_id,name_org,abbreviation,city,street,postal_code,org_type,funds_company,budget_uni_ministry,budget_rc1,budget_rc2) VALUES ("19730", "Company844", "C844", "Trikala", "Mpotsari73", "35313", "Company", "11796669", "0", "0", "0");
INSERT INTO organization (organization_id,name_org,abbreviation,city,street,postal_code,org_type,funds_company,budget_uni_ministry,budget_rc1,budget_rc2) VALUES ("41466", "University647", "UN647", "Larisa", "Eleftheriou Venizelou19", "41250", "University", "0", "56027259", "0", "0");
INSERT INTO organization (organization_id,name_org,abbreviation,city,street,postal_code,org_type,funds_company,budget_uni_ministry,budget_rc1,budget_rc2) VALUES ("25931", "Research Center761", "RC761", "Larisa", "Mpotsari117", "43382", "Research Center", "0", "0", "72795980", "58303994");
INSERT INTO organization (organization_id,name_org,abbreviation,city,street,postal_code,org_type,funds_company,budget_uni_ministry,budget_rc1,budget_rc2) VALUES ("67592", "Research Center883", "RC883", "Trikala", "Mpotsari7", "46093", "Research Center", "0", "0", "50105545", "67195253");
INSERT INTO organization (organization_id,name_org,abbreviation,city,street,postal_code,org_type,funds_company,budget_uni_ministry,budget_rc1,budget_rc2) VALUES ("51575", "Research Center359", "RC359", "Chalkida", "Kantonia94", "19857", "Research Center", "0", "0", "40150279", "35308385");
INSERT INTO organization (organization_id,name_org,abbreviation,city,street,postal_code,org_type,funds_company,budget_uni_ministry,budget_rc1,budget_rc2) VALUES ("18606", "Company931", "C931", "Heraklion", "Samothrakis133", "31611", "Company", "26904091", "0", "0", "0");
INSERT INTO organization (organization_id,name_org,abbreviation,city,street,postal_code,org_type,funds_company,budget_uni_ministry,budget_rc1,budget_rc2) VALUES ("65929", "Company179", "C179", "Ioannina", "Samothrakis117", "81518", "Company", "70171935", "0", "0", "0");
INSERT INTO organization (organization_id,name_org,abbreviation,city,street,postal_code,org_type,funds_company,budget_uni_ministry,budget_rc1,budget_rc2) VALUES ("83543", "University985", "UN985", "Ioannina", "Evripidou3", "98726", "University", "0", "91543058", "0", "0");
INSERT INTO organization (organization_id,name_org,abbreviation,city,street,postal_code,org_type,funds_company,budget_uni_ministry,budget_rc1,budget_rc2) VALUES ("76648", "Company315", "C315", "Trikala", "Samothrakis77", "77282", "Company", "55327092", "0", "0", "0");
INSERT INTO organization (organization_id,name_org,abbreviation,city,street,postal_code,org_type,funds_company,budget_uni_ministry,budget_rc1,budget_rc2) VALUES ("73782", "Company636", "C636", "Rhode Island", "Kantonia87", "72316", "Company", "71918006", "0", "0", "0");
INSERT INTO organization (organization_id,name_org,abbreviation,city,street,postal_code,org_type,funds_company,budget_uni_ministry,budget_rc1,budget_rc2) VALUES ("83054", "Company281", "C281", "Rhode Island", "Nikopoleos14", "55919", "Company", "89098309", "0", "0", "0");
INSERT INTO organization (organization_id,name_org,abbreviation,city,street,postal_code,org_type,funds_company,budget_uni_ministry,budget_rc1,budget_rc2) VALUES ("54578", "Research Center578", "RC578", "Chania", "Nikopoleos108", "88244", "Research Center", "0", "0", "67365914", "81693273");
INSERT INTO organization (organization_id,name_org,abbreviation,city,street,postal_code,org_type,funds_company,budget_uni_ministry,budget_rc1,budget_rc2) VALUES ("10775", "Research Center889", "RC889", "Thessaloniki", "Samothrakis111", "71235", "Research Center", "0", "0", "16301057", "10534667");
INSERT INTO organization (organization_id,name_org,abbreviation,city,street,postal_code,org_type,funds_company,budget_uni_ministry,budget_rc1,budget_rc2) VALUES ("43015", "Company674", "C674", "Heraklion", "Kantonia122", "39586", "Company", "54300603", "0", "0", "0");
INSERT INTO organization (organization_id,name_org,abbreviation,city,street,postal_code,org_type,funds_company,budget_uni_ministry,budget_rc1,budget_rc2) VALUES ("15257", "Research Center397", "RC397", "Thessaloniki", "Kifisou11", "31615", "Research Center", "0", "0", "28595178", "98690326");
INSERT INTO organization (organization_id,name_org,abbreviation,city,street,postal_code,org_type,funds_company,budget_uni_ministry,budget_rc1,budget_rc2) VALUES ("16442", "Company134", "C134", "Chalkida", "Eleftheriou Venizelou104", "31289", "Company", "52101219", "0", "0", "0");
INSERT INTO organization (organization_id,name_org,abbreviation,city,street,postal_code,org_type,funds_company,budget_uni_ministry,budget_rc1,budget_rc2) VALUES ("55612", "Research Center765", "RC765", "Larisa", "Evripidou112", "83715", "Research Center", "0", "0", "43464398", "42985859");
INSERT INTO organization (organization_id,name_org,abbreviation,city,street,postal_code,org_type,funds_company,budget_uni_ministry,budget_rc1,budget_rc2) VALUES ("11874", "Company242", "C242", "Patra", "Nikopoleos21", "38073", "Company", "18037609", "0", "0", "0");
INSERT INTO organization (organization_id,name_org,abbreviation,city,street,postal_code,org_type,funds_company,budget_uni_ministry,budget_rc1,budget_rc2) VALUES ("47132", "Research Center709", "RC709", "Rhode Island", "Kifisou91", "60449", "Research Center", "0", "0", "22682121", "15403793");
INSERT INTO organization (organization_id,name_org,abbreviation,city,street,postal_code,org_type,funds_company,budget_uni_ministry,budget_rc1,budget_rc2) VALUES ("20480", "Research Center727", "RC727", "Ioannina", "Klepsydra60", "98217", "Research Center", "0", "0", "75721879", "12909162");
INSERT INTO organization (organization_id,name_org,abbreviation,city,street,postal_code,org_type,funds_company,budget_uni_ministry,budget_rc1,budget_rc2) VALUES ("58378", "Company951", "C951", "Heraklion", "Samothrakis137", "65361", "Company", "10485706", "0", "0", "0");
INSERT INTO organization (organization_id,name_org,abbreviation,city,street,postal_code,org_type,funds_company,budget_uni_ministry,budget_rc1,budget_rc2) VALUES ("62839", "University821", "UN821", "Thessaloniki", "Samothrakis36", "30110", "University", "0", "7040142", "0", "0");
INSERT INTO organization (organization_id,name_org,abbreviation,city,street,postal_code,org_type,funds_company,budget_uni_ministry,budget_rc1,budget_rc2) VALUES ("75359", "Research Center849", "RC849", "Ioannina", "Samothrakis48", "71243", "Research Center", "0", "0", "21995290", "82706346");

-- researcher 
INSERT INTO researcher (researcher_id,first_name,last_name,birthdate,gender,organization_id,datework) VALUES ("38719", "Jonathan", "Moreno", "1970-7-14", "Female", "75359", "2015-5-22");
INSERT INTO researcher (researcher_id,first_name,last_name,birthdate,gender,organization_id,datework) VALUES ("58744", "Brittany", "Crawford", "1979-12-9", "Male", "67097", "2010-2-23");
INSERT INTO researcher (researcher_id,first_name,last_name,birthdate,gender,organization_id,datework) VALUES ("60106", "Carla", "Schmitt", "1985-6-10", "Female", "68701", "2020-9-20");
INSERT INTO researcher (researcher_id,first_name,last_name,birthdate,gender,organization_id,datework) VALUES ("71170", "Sandra", "Fields", "1965-1-15", "Female", "80594", "2010-8-12");
INSERT INTO researcher (researcher_id,first_name,last_name,birthdate,gender,organization_id,datework) VALUES ("88737", "Jacob", "Clark", "1987-12-8", "Female", "38344", "2015-12-5");
INSERT INTO researcher (researcher_id,first_name,last_name,birthdate,gender,organization_id,datework) VALUES ("82687", "Elizabeth", "Burke", "1964-1-2", "Female", "87600", "2019-9-11");
INSERT INTO researcher (researcher_id,first_name,last_name,birthdate,gender,organization_id,datework) VALUES ("57121", "Christopher", "Wilson", "1970-2-27", "Non-Binary", "28898", "2013-9-21");
INSERT INTO researcher (researcher_id,first_name,last_name,birthdate,gender,organization_id,datework) VALUES ("36844", "Melinda", "Graves", "1983-4-7", "Non-Binary", "14660", "2017-11-4");
INSERT INTO researcher (researcher_id,first_name,last_name,birthdate,gender,organization_id,datework) VALUES ("37968", "Craig", "Flores", "1975-4-21", "Non-Binary", "19730", "2015-2-14");
INSERT INTO researcher (researcher_id,first_name,last_name,birthdate,gender,organization_id,datework) VALUES ("75955", "Glenn", "Hood", "1959-12-19", "Non-Binary", "41466", "2012-7-15");
INSERT INTO researcher (researcher_id,first_name,last_name,birthdate,gender,organization_id,datework) VALUES ("97375", "Amanda", "Rivera", "1970-9-22", "Non-Binary", "25931", "2017-9-18");
INSERT INTO researcher (researcher_id,first_name,last_name,birthdate,gender,organization_id,datework) VALUES ("34795", "Courtney", "Ramsey", "1953-1-25", "Female", "67592", "2021-12-7");
INSERT INTO researcher (researcher_id,first_name,last_name,birthdate,gender,organization_id,datework) VALUES ("97543", "Charles", "Young", "1980-8-8", "Non-Binary", "51575", "2010-1-15");
INSERT INTO researcher (researcher_id,first_name,last_name,birthdate,gender,organization_id,datework) VALUES ("15693", "Sarah", "Bell", "1954-8-25", "Female", "18606", "2012-7-7");
INSERT INTO researcher (researcher_id,first_name,last_name,birthdate,gender,organization_id,datework) VALUES ("82076", "Brian", "Harvey", "1962-12-15", "Non-Binary", "65929", "2015-12-25");
INSERT INTO researcher (researcher_id,first_name,last_name,birthdate,gender,organization_id,datework) VALUES ("31912", "Michael", "Harris", "1989-11-15", "Non-Binary", "83543", "2017-10-8");
INSERT INTO researcher (researcher_id,first_name,last_name,birthdate,gender,organization_id,datework) VALUES ("90636", "Jack", "Berg", "1995-7-8", "Non-Binary", "76648", "2018-9-25");
INSERT INTO researcher (researcher_id,first_name,last_name,birthdate,gender,organization_id,datework) VALUES ("25145", "Debbie", "Campbell", "1976-10-6", "Male", "73782", "2021-6-6");
INSERT INTO researcher (researcher_id,first_name,last_name,birthdate,gender,organization_id,datework) VALUES ("70850", "Carl", "Lewis", "1975-12-16", "Male", "83054", "2016-12-19");
INSERT INTO researcher (researcher_id,first_name,last_name,birthdate,gender,organization_id,datework) VALUES ("11891", "Dawn", "Hayes", "1962-11-2", "Non-Binary", "54578", "2010-1-18");
INSERT INTO researcher (researcher_id,first_name,last_name,birthdate,gender,organization_id,datework) VALUES ("92601", "Larry", "Zuniga", "1980-6-9", "Non-Binary", "10775", "2017-8-16");
INSERT INTO researcher (researcher_id,first_name,last_name,birthdate,gender,organization_id,datework) VALUES ("21029", "Katelyn", "Patel", "1951-10-11", "Female", "43015", "2012-3-24");
INSERT INTO researcher (researcher_id,first_name,last_name,birthdate,gender,organization_id,datework) VALUES ("24529", "Ronald", "Lozano", "1953-1-9", "Non-Binary", "15257", "2021-10-18");
INSERT INTO researcher (researcher_id,first_name,last_name,birthdate,gender,organization_id,datework) VALUES ("76997", "Amanda", "Sanchez", "1979-6-27", "Male", "16442", "2022-5-5");
INSERT INTO researcher (researcher_id,first_name,last_name,birthdate,gender,organization_id,datework) VALUES ("81463", "Hannah", "Hamilton", "1965-4-1", "Female", "55612", "2022-2-1");
INSERT INTO researcher (researcher_id,first_name,last_name,birthdate,gender,organization_id,datework) VALUES ("53881", "David", "Serrano", "1983-6-10", "Female", "11874", "2019-11-2");
INSERT INTO researcher (researcher_id,first_name,last_name,birthdate,gender,organization_id,datework) VALUES ("90054", "Justin", "Berry", "1991-9-23", "Female", "47132", "2010-3-25");
INSERT INTO researcher (researcher_id,first_name,last_name,birthdate,gender,organization_id,datework) VALUES ("42360", "Patrick", "Garcia", "1951-10-3", "Female", "20480", "2022-2-2");
INSERT INTO researcher (researcher_id,first_name,last_name,birthdate,gender,organization_id,datework) VALUES ("54508", "Jonathon", "Austin", "1977-7-1", "Female", "58378", "2018-9-4");
INSERT INTO researcher (researcher_id,first_name,last_name,birthdate,gender,organization_id,datework) VALUES ("32868", "Michelle", "Miller", "1987-2-2", "Male", "62839", "2020-9-4");
INSERT INTO researcher (researcher_id,first_name,last_name,birthdate,gender,organization_id,datework) VALUES ("76394", "Victoria", "Boyd", "1960-2-15", "Non-Binary", "73782", "2017-6-17");
INSERT INTO researcher (researcher_id,first_name,last_name,birthdate,gender,organization_id,datework) VALUES ("54197", "Tracy", "Moore", "1986-3-17", "Male", "80594", "2021-12-25");
INSERT INTO researcher (researcher_id,first_name,last_name,birthdate,gender,organization_id,datework) VALUES ("95048", "David", "Olson", "1957-3-17", "Female", "14660", "2015-11-16");
INSERT INTO researcher (researcher_id,first_name,last_name,birthdate,gender,organization_id,datework) VALUES ("87999", "Tina", "Berry", "1991-12-17", "Female", "80594", "2010-5-19");
INSERT INTO researcher (researcher_id,first_name,last_name,birthdate,gender,organization_id,datework) VALUES ("47757", "Cheryl", "Miller", "1951-7-15", "Female", "73782", "2011-9-4");
INSERT INTO researcher (researcher_id,first_name,last_name,birthdate,gender,organization_id,datework) VALUES ("16046", "Rose", "Gordon", "1964-3-10", "Female", "47132", "2014-7-4");
INSERT INTO researcher (researcher_id,first_name,last_name,birthdate,gender,organization_id,datework) VALUES ("79505", "Justin", "Rogers", "1969-4-19", "Female", "83054", "2018-7-7");
INSERT INTO researcher (researcher_id,first_name,last_name,birthdate,gender,organization_id,datework) VALUES ("33887", "Laura", "Henderson", "1971-6-5", "Male", "18606", "2017-12-24");
INSERT INTO researcher (researcher_id,first_name,last_name,birthdate,gender,organization_id,datework) VALUES ("13277", "Jane", "Leon", "1962-7-11", "Male", "65929", "2019-4-23");
INSERT INTO researcher (researcher_id,first_name,last_name,birthdate,gender,organization_id,datework) VALUES ("43715", "Amanda", "Jackson", "1984-11-15", "Non-Binary", "62839", "2016-3-3");
INSERT INTO researcher (researcher_id,first_name,last_name,birthdate,gender,organization_id,datework) VALUES ("25526", "Amy", "Kim", "1977-1-10", "Non-Binary", "80594", "2016-4-6");
INSERT INTO researcher (researcher_id,first_name,last_name,birthdate,gender,organization_id,datework) VALUES ("91207", "Jason", "Kemp", "1972-6-27", "Male", "87600", "2012-10-25");
INSERT INTO researcher (researcher_id,first_name,last_name,birthdate,gender,organization_id,datework) VALUES ("68934", "Douglas", "Roman", "1969-11-8", "Non-Binary", "68701", "2020-1-5");
INSERT INTO researcher (researcher_id,first_name,last_name,birthdate,gender,organization_id,datework) VALUES ("27110", "Scott", "Powers", "1971-5-5", "Female", "25931", "2010-3-25");
INSERT INTO researcher (researcher_id,first_name,last_name,birthdate,gender,organization_id,datework) VALUES ("81030", "Jennifer", "Tanner", "1995-11-1", "Female", "75359", "2015-4-26");
INSERT INTO researcher (researcher_id,first_name,last_name,birthdate,gender,organization_id,datework) VALUES ("77456", "Bradley", "Lee", "1952-12-5", "Non-Binary", "75359", "2022-5-9");
INSERT INTO researcher (researcher_id,first_name,last_name,birthdate,gender,organization_id,datework) VALUES ("56061", "Logan", "Ellis", "1985-2-8", "Male", "76648", "2010-7-6");
INSERT INTO researcher (researcher_id,first_name,last_name,birthdate,gender,organization_id,datework) VALUES ("23629", "Connor", "Carter", "1951-6-4", "Male", "55612", "2022-3-13");
INSERT INTO researcher (researcher_id,first_name,last_name,birthdate,gender,organization_id,datework) VALUES ("59635", "James", "Berry", "1954-3-13", "Non-Binary", "83543", "2011-6-27");
INSERT INTO researcher (researcher_id,first_name,last_name,birthdate,gender,organization_id,datework) VALUES ("43251", "Preston", "Thompson", "1987-1-2", "Non-Binary", "83054", "2019-10-15");
INSERT INTO researcher (researcher_id,first_name,last_name,birthdate,gender,organization_id,datework) VALUES ("40242", "Joshua", "Lewis", "1950-11-20", "Female", "80594", "2010-6-3");
INSERT INTO researcher (researcher_id,first_name,last_name,birthdate,gender,organization_id,datework) VALUES ("73725", "William", "Bennett", "1952-6-1", "Non-Binary", "80594", "2014-9-20");
INSERT INTO researcher (researcher_id,first_name,last_name,birthdate,gender,organization_id,datework) VALUES ("77282", "John", "Rosario", "1975-4-26", "Female", "73782", "2022-10-12");
INSERT INTO researcher (researcher_id,first_name,last_name,birthdate,gender,organization_id,datework) VALUES ("20676", "Julie", "Gregory", "1971-3-26", "Male", "67592", "2019-3-9");
INSERT INTO researcher (researcher_id,first_name,last_name,birthdate,gender,organization_id,datework) VALUES ("71871", "Carl", "Watts", "1975-4-7", "Female", "80594", "2022-10-27");
INSERT INTO researcher (researcher_id,first_name,last_name,birthdate,gender,organization_id,datework) VALUES ("47259", "Amanda", "Gibbs", "1994-10-20", "Female", "67592", "2022-9-6");
INSERT INTO researcher (researcher_id,first_name,last_name,birthdate,gender,organization_id,datework) VALUES ("25718", "Joann", "Ferguson", "1985-2-5", "Male", "16442", "2011-4-6");
INSERT INTO researcher (researcher_id,first_name,last_name,birthdate,gender,organization_id,datework) VALUES ("27169", "Christina", "Nicholson", "1954-1-8", "Non-Binary", "87600", "2015-3-11");
INSERT INTO researcher (researcher_id,first_name,last_name,birthdate,gender,organization_id,datework) VALUES ("53797", "Kenneth", "Robinson", "1962-4-21", "Non-Binary", "68701", "2017-6-12");
INSERT INTO researcher (researcher_id,first_name,last_name,birthdate,gender,organization_id,datework) VALUES ("90826", "Donald", "Brown", "1963-7-10", "Male", "14660", "2016-9-9");
INSERT INTO researcher (researcher_id,first_name,last_name,birthdate,gender,organization_id,datework) VALUES ("42487", "Lawrence", "Townsend", "1997-8-26", "Female", "83054", "2013-8-26");
INSERT INTO researcher (researcher_id,first_name,last_name,birthdate,gender,organization_id,datework) VALUES ("50498", "Janet", "Wilcox", "1952-12-25", "Female", "62839", "2021-7-27");
INSERT INTO researcher (researcher_id,first_name,last_name,birthdate,gender,organization_id,datework) VALUES ("72862", "Michael", "Owens", "1981-2-9", "Non-Binary", "43015", "2017-4-17");
INSERT INTO researcher (researcher_id,first_name,last_name,birthdate,gender,organization_id,datework) VALUES ("38814", "Erika", "Brown", "1998-3-18", "Male", "15257", "2016-6-12");
INSERT INTO researcher (researcher_id,first_name,last_name,birthdate,gender,organization_id,datework) VALUES ("46057", "Brandon", "Clarke", "1968-11-27", "Male", "51575", "2021-4-23");
INSERT INTO researcher (researcher_id,first_name,last_name,birthdate,gender,organization_id,datework) VALUES ("54241", "Lisa", "Palmer", "1963-10-1", "Male", "55612", "2012-3-28");
INSERT INTO researcher (researcher_id,first_name,last_name,birthdate,gender,organization_id,datework) VALUES ("82990", "Kristin", "Cardenas", "1989-5-6", "Male", "68701", "2016-2-8");
INSERT INTO researcher (researcher_id,first_name,last_name,birthdate,gender,organization_id,datework) VALUES ("58083", "David", "Long", "1967-2-23", "Non-Binary", "80594", "2016-6-20");
INSERT INTO researcher (researcher_id,first_name,last_name,birthdate,gender,organization_id,datework) VALUES ("38327", "Amy", "Patterson", "1951-8-11", "Female", "68701", "2011-5-13");
INSERT INTO researcher (researcher_id,first_name,last_name,birthdate,gender,organization_id,datework) VALUES ("41249", "Lisa", "Fuentes", "1964-3-5", "Female", "41466", "2019-7-15");
INSERT INTO researcher (researcher_id,first_name,last_name,birthdate,gender,organization_id,datework) VALUES ("55607", "Albert", "Martin", "1972-8-19", "Male", "10775", "2010-4-7");
INSERT INTO researcher (researcher_id,first_name,last_name,birthdate,gender,organization_id,datework) VALUES ("56159", "Jerome", "Orr", "1984-11-25", "Non-Binary", "76648", "2018-11-16");
INSERT INTO researcher (researcher_id,first_name,last_name,birthdate,gender,organization_id,datework) VALUES ("35246", "Cameron", "Perry", "1961-9-22", "Male", "19730", "2018-12-27");
INSERT INTO researcher (researcher_id,first_name,last_name,birthdate,gender,organization_id,datework) VALUES ("81037", "Ryan", "Smith", "1983-4-10", "Male", "47132", "2019-8-3");
INSERT INTO researcher (researcher_id,first_name,last_name,birthdate,gender,organization_id,datework) VALUES ("70463", "Kimberly", "Marshall", "1975-6-28", "Male", "62839", "2017-2-4");
INSERT INTO researcher (researcher_id,first_name,last_name,birthdate,gender,organization_id,datework) VALUES ("48743", "Wayne", "Cunningham", "1967-5-4", "Female", "75359", "2018-12-8");
INSERT INTO researcher (researcher_id,first_name,last_name,birthdate,gender,organization_id,datework) VALUES ("63965", "Drew", "Beasley", "1957-6-16", "Male", "28898", "2020-10-17");
INSERT INTO researcher (researcher_id,first_name,last_name,birthdate,gender,organization_id,datework) VALUES ("66004", "James", "Rodriguez", "1958-3-27", "Female", "83054", "2021-2-3");
INSERT INTO researcher (researcher_id,first_name,last_name,birthdate,gender,organization_id,datework) VALUES ("95198", "Dominic", "Hanson", "1985-1-14", "Non-Binary", "25931", "2021-12-9");
INSERT INTO researcher (researcher_id,first_name,last_name,birthdate,gender,organization_id,datework) VALUES ("37858", "Zachary", "Rodgers", "1985-7-10", "Male", "55612", "2020-6-24");
INSERT INTO researcher (researcher_id,first_name,last_name,birthdate,gender,organization_id,datework) VALUES ("99833", "Stephen", "Fowler", "1954-5-27", "Female", "28898", "2011-4-8");
INSERT INTO researcher (researcher_id,first_name,last_name,birthdate,gender,organization_id,datework) VALUES ("34760", "Michael", "Velasquez", "1971-5-28", "Male", "68701", "2019-10-21");
INSERT INTO researcher (researcher_id,first_name,last_name,birthdate,gender,organization_id,datework) VALUES ("17676", "Rebecca", "Rodriguez", "2000-2-8", "Female", "15257", "2012-1-12");
INSERT INTO researcher (researcher_id,first_name,last_name,birthdate,gender,organization_id,datework) VALUES ("77914", "Cynthia", "Moore", "1981-9-11", "Female", "16442", "2016-12-24");
INSERT INTO researcher (researcher_id,first_name,last_name,birthdate,gender,organization_id,datework) VALUES ("92652", "Scott", "Baker", "1981-7-15", "Female", "19730", "2010-11-26");
INSERT INTO researcher (researcher_id,first_name,last_name,birthdate,gender,organization_id,datework) VALUES ("91036", "Lisa", "Morgan", "1979-3-6", "Non-Binary", "67592", "2021-1-22");
INSERT INTO researcher (researcher_id,first_name,last_name,birthdate,gender,organization_id,datework) VALUES ("41387", "Benjamin", "Melendez", "1951-1-6", "Non-Binary", "15257", "2021-5-24");
INSERT INTO researcher (researcher_id,first_name,last_name,birthdate,gender,organization_id,datework) VALUES ("82289", "Ricky", "Hernandez", "1969-7-26", "Female", "73782", "2014-12-9");
INSERT INTO researcher (researcher_id,first_name,last_name,birthdate,gender,organization_id,datework) VALUES ("68167", "Carolyn", "Baker", "1975-5-2", "Non-Binary", "73782", "2017-6-19");
INSERT INTO researcher (researcher_id,first_name,last_name,birthdate,gender,organization_id,datework) VALUES ("73700", "Gary", "Hall", "1989-1-28", "Male", "54578", "2017-2-2");
INSERT INTO researcher (researcher_id,first_name,last_name,birthdate,gender,organization_id,datework) VALUES ("84844", "Anthony", "Herrera", "1971-9-9", "Female", "58378", "2021-7-28");
INSERT INTO researcher (researcher_id,first_name,last_name,birthdate,gender,organization_id,datework) VALUES ("59041", "Steven", "Kerr", "1997-8-28", "Female", "51575", "2012-4-15");
INSERT INTO researcher (researcher_id,first_name,last_name,birthdate,gender,organization_id,datework) VALUES ("14870", "Kenneth", "Khan", "1986-4-24", "Female", "67592", "2011-8-17");
INSERT INTO researcher (researcher_id,first_name,last_name,birthdate,gender,organization_id,datework) VALUES ("29093", "Brian", "Little", "1981-5-27", "Male", "28898", "2014-2-6");
INSERT INTO researcher (researcher_id,first_name,last_name,birthdate,gender,organization_id,datework) VALUES ("19910", "Shelley", "Leach", "1981-11-8", "Non-Binary", "41466", "2022-1-9");
INSERT INTO researcher (researcher_id,first_name,last_name,birthdate,gender,organization_id,datework) VALUES ("82380", "Kevin", "Green", "1952-10-9", "Non-Binary", "19730", "2018-4-27");
INSERT INTO researcher (researcher_id,first_name,last_name,birthdate,gender,organization_id,datework) VALUES ("40862", "Toni", "Roberts", "1950-4-5", "Male", "28898", "2016-6-6");
INSERT INTO researcher (researcher_id,first_name,last_name,birthdate,gender,organization_id,datework) VALUES ("31213", "Christopher", "Kramer", "1985-6-15", "Male", "19730", "2021-1-22");
INSERT INTO researcher (researcher_id,first_name,last_name,birthdate,gender,organization_id,datework) VALUES ("29991", "Sheri", "Mercado", "1957-11-24", "Female", "68701", "2013-12-22");
INSERT INTO researcher (researcher_id,first_name,last_name,birthdate,gender,organization_id,datework) VALUES ("53192", "Barbara", "Jones", "1980-10-23", "Male", "58378", "2019-11-14");
INSERT INTO researcher (researcher_id,first_name,last_name,birthdate,gender,organization_id,datework) VALUES ("47113", "Thomas", "Perez", "1969-6-25", "Female", "28898", "2022-7-17");
INSERT INTO researcher (researcher_id,first_name,last_name,birthdate,gender,organization_id,datework) VALUES ("11525", "Amanda", "Ware", "1965-8-26", "Female", "83543", "2018-4-20");
INSERT INTO researcher (researcher_id,first_name,last_name,birthdate,gender,organization_id,datework) VALUES ("34792", "Jack", "Rose", "1955-10-23", "Male", "62839", "2015-5-25");
INSERT INTO researcher (researcher_id,first_name,last_name,birthdate,gender,organization_id,datework) VALUES ("56566", "John", "Jarvis", "1953-10-7", "Female", "38344", "2016-6-10");
INSERT INTO researcher (researcher_id,first_name,last_name,birthdate,gender,organization_id,datework) VALUES ("14381", "Julie", "Herrera", "1994-10-15", "Male", "11874", "2013-5-19");
INSERT INTO researcher (researcher_id,first_name,last_name,birthdate,gender,organization_id,datework) VALUES ("30227", "Martha", "Black", "1967-8-28", "Female", "76648", "2010-7-7");
INSERT INTO researcher (researcher_id,first_name,last_name,birthdate,gender,organization_id,datework) VALUES ("29627", "James", "Garrett", "1961-11-11", "Female", "25931", "2011-7-22");
INSERT INTO researcher (researcher_id,first_name,last_name,birthdate,gender,organization_id,datework) VALUES ("48436", "Donald", "Conway", "1950-12-3", "Female", "76648", "2018-11-3");
INSERT INTO researcher (researcher_id,first_name,last_name,birthdate,gender,organization_id,datework) VALUES ("34420", "Angela", "Jackson", "1959-7-10", "Non-Binary", "54578", "2022-7-4");
INSERT INTO researcher (researcher_id,first_name,last_name,birthdate,gender,organization_id,datework) VALUES ("28108", "Sarah", "Wagner", "1974-9-20", "Female", "51575", "2018-4-17");
INSERT INTO researcher (researcher_id,first_name,last_name,birthdate,gender,organization_id,datework) VALUES ("78108", "Mia", "Russo", "1971-1-6", "Male", "47132", "2013-6-12");
INSERT INTO researcher (researcher_id,first_name,last_name,birthdate,gender,organization_id,datework) VALUES ("25981", "Daniel", "Garcia", "1986-3-4", "Female", "62839", "2010-11-14");
INSERT INTO researcher (researcher_id,first_name,last_name,birthdate,gender,organization_id,datework) VALUES ("25436", "John", "Daniel", "1972-7-28", "Non-Binary", "80594", "2016-7-17");
INSERT INTO researcher (researcher_id,first_name,last_name,birthdate,gender,organization_id,datework) VALUES ("50817", "Gina", "Barber", "1992-8-2", "Male", "47132", "2014-5-10");
INSERT INTO researcher (researcher_id,first_name,last_name,birthdate,gender,organization_id,datework) VALUES ("72920", "Ashley", "Palmer", "1995-3-10", "Female", "18606", "2011-5-23");
INSERT INTO researcher (researcher_id,first_name,last_name,birthdate,gender,organization_id,datework) VALUES ("80778", "Carla", "Kim", "1971-4-26", "Male", "62839", "2020-6-23");
INSERT INTO researcher (researcher_id,first_name,last_name,birthdate,gender,organization_id,datework) VALUES ("47813", "Danny", "Woods", "1992-1-11", "Female", "10775", "2019-12-26");
INSERT INTO researcher (researcher_id,first_name,last_name,birthdate,gender,organization_id,datework) VALUES ("44411", "Brian", "Parker", "1977-11-13", "Non-Binary", "18606", "2022-5-19");
INSERT INTO researcher (researcher_id,first_name,last_name,birthdate,gender,organization_id,datework) VALUES ("52672", "Joy", "Blankenship", "1994-4-27", "Female", "83543", "2013-5-12");
INSERT INTO researcher (researcher_id,first_name,last_name,birthdate,gender,organization_id,datework) VALUES ("50648", "Austin", "Hill", "1978-2-15", "Male", "54578", "2020-2-27");

-- program 
INSERT INTO program (program_id,name_pr,management) VALUES ("13002","program792","Lauren Hanson");
INSERT INTO program (program_id,name_pr,management) VALUES ("89709","program274","Derrick Coleman");
INSERT INTO program (program_id,name_pr,management) VALUES ("53940","program517","Ryan Arellano");
INSERT INTO program (program_id,name_pr,management) VALUES ("19913","program813","Kimberly Turner");
INSERT INTO program (program_id,name_pr,management) VALUES ("30128","program594","Danielle Myers");
INSERT INTO program (program_id,name_pr,management) VALUES ("15761","program966","Robert Gross");
INSERT INTO program (program_id,name_pr,management) VALUES ("24669","program198","Derek Chapman");
INSERT INTO program (program_id,name_pr,management) VALUES ("67658","program267","Peter Owens");
INSERT INTO program (program_id,name_pr,management) VALUES ("41975","program618","Andre Jordan");
INSERT INTO program (program_id,name_pr,management) VALUES ("45608","program516","James Patterson");
INSERT INTO program (program_id,name_pr,management) VALUES ("89932","program136","Melissa Fleming");
INSERT INTO program (program_id,name_pr,management) VALUES ("63684","program721","Richard Thomas");
INSERT INTO program (program_id,name_pr,management) VALUES ("76119","program398","Paul Franco");
INSERT INTO program (program_id,name_pr,management) VALUES ("46558","program893","Lisa Powell");
INSERT INTO program (program_id,name_pr,management) VALUES ("49035","program295","Alexandra Winters");
INSERT INTO program (program_id,name_pr,management) VALUES ("98298","program185","Lisa Stokes");
INSERT INTO program (program_id,name_pr,management) VALUES ("69582","program534","Robert Davidson");
INSERT INTO program (program_id,name_pr,management) VALUES ("92285","program810","Michael Wood");
INSERT INTO program (program_id,name_pr,management) VALUES ("94529","program262","Eric Hunter");
INSERT INTO program (program_id,name_pr,management) VALUES ("60457","program507","Robert Hart");
INSERT INTO program (program_id,name_pr,management) VALUES ("73954","program890","Linda Perez");
INSERT INTO program (program_id,name_pr,management) VALUES ("91857","program685","Steven Brooks");
INSERT INTO program (program_id,name_pr,management) VALUES ("26177","program596","Jennifer Moore");
INSERT INTO program (program_id,name_pr,management) VALUES ("99237","program717","Chelsea Mcintyre");
INSERT INTO program (program_id,name_pr,management) VALUES ("91863","program452","Alexis Hall");
INSERT INTO program (program_id,name_pr,management) VALUES ("42606","program418","Kevin Reese");
INSERT INTO program (program_id,name_pr,management) VALUES ("75292","program110","Julie Thompson");
INSERT INTO program (program_id,name_pr,management) VALUES ("72966","program440","Brandon Scott");
INSERT INTO program (program_id,name_pr,management) VALUES ("81498","program756","Daniel Martin");
INSERT INTO program (program_id,name_pr,management) VALUES ("51793","program367","Anna Jones");
INSERT INTO program (program_id,name_pr,management) VALUES ("87777","program300","Aaron Roy");
INSERT INTO program (program_id,name_pr,management) VALUES ("15027","program961","Kimberly James");
INSERT INTO program (program_id,name_pr,management) VALUES ("11185","program958","Kevin Hernandez");
INSERT INTO program (program_id,name_pr,management) VALUES ("52537","program163","Jesus Moss");
INSERT INTO program (program_id,name_pr,management) VALUES ("73508","program537","Elizabeth Carpenter");
INSERT INTO program (program_id,name_pr,management) VALUES ("39685","program752","Kevin Christensen");
INSERT INTO program (program_id,name_pr,management) VALUES ("86089","program632","Charles Reed");
INSERT INTO program (program_id,name_pr,management) VALUES ("69326","program695","Craig Sweeney");
INSERT INTO program (program_id,name_pr,management) VALUES ("15563","program542","Lisa Hernandez");
INSERT INTO program (program_id,name_pr,management) VALUES ("90566","program847","Cody Mitchell");

-- scientific_field 
INSERT INTO scientific_field (scfield_id,name_scfield) VALUES ("34926","Mathematics");
INSERT INTO scientific_field (scfield_id,name_scfield) VALUES ("35953","Computer Science");
INSERT INTO scientific_field (scfield_id,name_scfield) VALUES ("87660","Physics");
INSERT INTO scientific_field (scfield_id,name_scfield) VALUES ("22392","Biology");
INSERT INTO scientific_field (scfield_id,name_scfield) VALUES ("69065","Chemistry");
INSERT INTO scientific_field (scfield_id,name_scfield) VALUES ("31985","Geology");
INSERT INTO scientific_field (scfield_id,name_scfield) VALUES ("45546","Law");
INSERT INTO scientific_field (scfield_id,name_scfield) VALUES ("20560","Natural Sciences");
INSERT INTO scientific_field (scfield_id,name_scfield) VALUES ("63358","Economics");
INSERT INTO scientific_field (scfield_id,name_scfield) VALUES ("15105","Irrelevant");

-- evaluation 
INSERT INTO evaluation (evaluation_id,grade,date_eval) VALUES ("73226","5", "2014-10-15");
INSERT INTO evaluation (evaluation_id,grade,date_eval) VALUES ("65089","10", "2013-8-20");
INSERT INTO evaluation (evaluation_id,grade,date_eval) VALUES ("62811","5", "2013-7-3");
INSERT INTO evaluation (evaluation_id,grade,date_eval) VALUES ("51713","8", "2013-1-10");
INSERT INTO evaluation (evaluation_id,grade,date_eval) VALUES ("76147","9", "2013-10-11");
INSERT INTO evaluation (evaluation_id,grade,date_eval) VALUES ("62147","9", "2013-4-11");
INSERT INTO evaluation (evaluation_id,grade,date_eval) VALUES ("72168","7", "2014-9-3");
INSERT INTO evaluation (evaluation_id,grade,date_eval) VALUES ("67356","8", "2013-2-12");
INSERT INTO evaluation (evaluation_id,grade,date_eval) VALUES ("73293","7", "2014-3-28");
INSERT INTO evaluation (evaluation_id,grade,date_eval) VALUES ("96686","9", "2014-11-12");
INSERT INTO evaluation (evaluation_id,grade,date_eval) VALUES ("80514","8", "2013-7-28");
INSERT INTO evaluation (evaluation_id,grade,date_eval) VALUES ("56634","9", "2013-1-13");
INSERT INTO evaluation (evaluation_id,grade,date_eval) VALUES ("77966","8", "2013-8-12");
INSERT INTO evaluation (evaluation_id,grade,date_eval) VALUES ("64373","7", "2013-9-16");
INSERT INTO evaluation (evaluation_id,grade,date_eval) VALUES ("27221","5", "2013-10-17");
INSERT INTO evaluation (evaluation_id,grade,date_eval) VALUES ("64164","10", "2014-7-3");
INSERT INTO evaluation (evaluation_id,grade,date_eval) VALUES ("17326","7", "2014-12-1");
INSERT INTO evaluation (evaluation_id,grade,date_eval) VALUES ("87151","8", "2013-2-11");
INSERT INTO evaluation (evaluation_id,grade,date_eval) VALUES ("36583","5", "2014-6-11");
INSERT INTO evaluation (evaluation_id,grade,date_eval) VALUES ("82205","8", "2013-4-18");
INSERT INTO evaluation (evaluation_id,grade,date_eval) VALUES ("72483","6", "2014-5-2");
INSERT INTO evaluation (evaluation_id,grade,date_eval) VALUES ("23169","9", "2013-6-12");
INSERT INTO evaluation (evaluation_id,grade,date_eval) VALUES ("46484","8", "2014-10-22");
INSERT INTO evaluation (evaluation_id,grade,date_eval) VALUES ("20962","7", "2013-4-11");
INSERT INTO evaluation (evaluation_id,grade,date_eval) VALUES ("66356","10", "2014-11-4");
INSERT INTO evaluation (evaluation_id,grade,date_eval) VALUES ("16355","6", "2013-3-1");
INSERT INTO evaluation (evaluation_id,grade,date_eval) VALUES ("49862","6", "2014-12-19");
INSERT INTO evaluation (evaluation_id,grade,date_eval) VALUES ("31439","9", "2013-3-24");
INSERT INTO evaluation (evaluation_id,grade,date_eval) VALUES ("64089","5", "2013-8-22");
INSERT INTO evaluation (evaluation_id,grade,date_eval) VALUES ("99111","8", "2014-12-17");
INSERT INTO evaluation (evaluation_id,grade,date_eval) VALUES ("32055","7", "2013-5-6");
INSERT INTO evaluation (evaluation_id,grade,date_eval) VALUES ("85494","10", "2014-4-12");
INSERT INTO evaluation (evaluation_id,grade,date_eval) VALUES ("81501","5", "2013-3-8");
INSERT INTO evaluation (evaluation_id,grade,date_eval) VALUES ("29958","7", "2014-11-3");
INSERT INTO evaluation (evaluation_id,grade,date_eval) VALUES ("25262","9", "2013-11-1");
INSERT INTO evaluation (evaluation_id,grade,date_eval) VALUES ("62373","7", "2013-5-4");
INSERT INTO evaluation (evaluation_id,grade,date_eval) VALUES ("72809","7", "2013-11-23");
INSERT INTO evaluation (evaluation_id,grade,date_eval) VALUES ("33173","8", "2014-10-17");
INSERT INTO evaluation (evaluation_id,grade,date_eval) VALUES ("33803","5", "2014-8-23");
INSERT INTO evaluation (evaluation_id,grade,date_eval) VALUES ("57408","8", "2013-11-2");
INSERT INTO evaluation (evaluation_id,grade,date_eval) VALUES ("61720","5", "2013-5-5");
INSERT INTO evaluation (evaluation_id,grade,date_eval) VALUES ("44968","5", "2014-5-25");
INSERT INTO evaluation (evaluation_id,grade,date_eval) VALUES ("87925","7", "2014-5-17");
INSERT INTO evaluation (evaluation_id,grade,date_eval) VALUES ("62043","10", "2014-7-9");
INSERT INTO evaluation (evaluation_id,grade,date_eval) VALUES ("59596","5", "2014-10-27");
INSERT INTO evaluation (evaluation_id,grade,date_eval) VALUES ("16934","10", "2014-12-12");
INSERT INTO evaluation (evaluation_id,grade,date_eval) VALUES ("12793","7", "2014-12-9");
INSERT INTO evaluation (evaluation_id,grade,date_eval) VALUES ("96525","7", "2013-12-3");
INSERT INTO evaluation (evaluation_id,grade,date_eval) VALUES ("48647","10", "2014-8-12");
INSERT INTO evaluation (evaluation_id,grade,date_eval) VALUES ("23798","10", "2014-7-4");

-- executive 
INSERT INTO executive (executive_id,name_ex) VALUES ("69366","Lisa Avila");
INSERT INTO executive (executive_id,name_ex) VALUES ("78174","Daniel Adkins");
INSERT INTO executive (executive_id,name_ex) VALUES ("70731","Christopher Frazier");
INSERT INTO executive (executive_id,name_ex) VALUES ("90798","Julie Kerr");
INSERT INTO executive (executive_id,name_ex) VALUES ("34890","Samuel Craig");
INSERT INTO executive (executive_id,name_ex) VALUES ("99583","Jeremy Norman");
INSERT INTO executive (executive_id,name_ex) VALUES ("98772","Tammy Stewart");
INSERT INTO executive (executive_id,name_ex) VALUES ("62532","Doris Smith");
INSERT INTO executive (executive_id,name_ex) VALUES ("31329","Renee Anderson");
INSERT INTO executive (executive_id,name_ex) VALUES ("52853","Ronald Bridges Jr.");
INSERT INTO executive (executive_id,name_ex) VALUES ("21551","Dr. Mark Dodson");
INSERT INTO executive (executive_id,name_ex) VALUES ("32961","Kathleen Johnson");
INSERT INTO executive (executive_id,name_ex) VALUES ("12111","Ryan Thomas");
INSERT INTO executive (executive_id,name_ex) VALUES ("35718","Amy Sharp");
INSERT INTO executive (executive_id,name_ex) VALUES ("24214","Corey Campbell");
INSERT INTO executive (executive_id,name_ex) VALUES ("39032","Jose Rice");
INSERT INTO executive (executive_id,name_ex) VALUES ("71688","Ian Hensley");
INSERT INTO executive (executive_id,name_ex) VALUES ("14206","Michele Krueger");
INSERT INTO executive (executive_id,name_ex) VALUES ("69934","Ashley Roberts");
INSERT INTO executive (executive_id,name_ex) VALUES ("89703","Michael Gordon");
INSERT INTO executive (executive_id,name_ex) VALUES ("74490","Jorge Hernandez");
INSERT INTO executive (executive_id,name_ex) VALUES ("21311","David Johnson");
INSERT INTO executive (executive_id,name_ex) VALUES ("67705","Amanda Chambers");
INSERT INTO executive (executive_id,name_ex) VALUES ("89706","Jody Duran DDS");
INSERT INTO executive (executive_id,name_ex) VALUES ("50443","Natalie Kent");
INSERT INTO executive (executive_id,name_ex) VALUES ("13314","David Wright");
INSERT INTO executive (executive_id,name_ex) VALUES ("60697","Alison Hansen");
INSERT INTO executive (executive_id,name_ex) VALUES ("11890","Aaron Thomas");
INSERT INTO executive (executive_id,name_ex) VALUES ("69212","Casey Ferguson");
INSERT INTO executive (executive_id,name_ex) VALUES ("83101","Richard Hill");
INSERT INTO executive (executive_id,name_ex) VALUES ("57544","John Shepard");
INSERT INTO executive (executive_id,name_ex) VALUES ("82736","Karen Flores");
INSERT INTO executive (executive_id,name_ex) VALUES ("79559","Angela Gates");
INSERT INTO executive (executive_id,name_ex) VALUES ("76567","Michael Stein");
INSERT INTO executive (executive_id,name_ex) VALUES ("70755","Brandy Robinson");
INSERT INTO executive (executive_id,name_ex) VALUES ("20747","Judy Sanchez");
INSERT INTO executive (executive_id,name_ex) VALUES ("76421","Amy Mccarthy");
INSERT INTO executive (executive_id,name_ex) VALUES ("51114","Christian White");
INSERT INTO executive (executive_id,name_ex) VALUES ("27704","Bridget Torres");
INSERT INTO executive (executive_id,name_ex) VALUES ("72324","Marc Smith");
INSERT INTO executive (executive_id,name_ex) VALUES ("81244","George Mcgee");
INSERT INTO executive (executive_id,name_ex) VALUES ("50831","Joshua Bell");
INSERT INTO executive (executive_id,name_ex) VALUES ("89243","Megan Nichols");
INSERT INTO executive (executive_id,name_ex) VALUES ("86710","Marisa Benton");
INSERT INTO executive (executive_id,name_ex) VALUES ("11408","Megan Davidson");
INSERT INTO executive (executive_id,name_ex) VALUES ("93179","Jennifer Williams");
INSERT INTO executive (executive_id,name_ex) VALUES ("67916","Jennifer Davis");
INSERT INTO executive (executive_id,name_ex) VALUES ("57129","Elizabeth Jones");
INSERT INTO executive (executive_id,name_ex) VALUES ("98087","John May");
INSERT INTO executive (executive_id,name_ex) VALUES ("64483","Lisa White");

-- project 
INSERT INTO project (project_id,title,start_date,end_date,abstract,funds,evaluator_id,accountable_id,program_id,executive_id,organization_id,evaluation_id) VALUES ("84362","project756", "2021-6-2", "2024-6-17", "Pattern itself officer beat. Sit response blue skill possible raise half risk.", "964217", "52672", "92601", "89932", "34890", "83543", "80514");
INSERT INTO project (project_id,title,start_date,end_date,abstract,funds,evaluator_id,accountable_id,program_id,executive_id,organization_id,evaluation_id) VALUES ("86253","project282", "2015-10-25", "2017-1-11", "Identify move door scientist create.", "680822", "42360", "82687", "13002", "89706", "38344", "23798");
INSERT INTO project (project_id,title,start_date,end_date,abstract,funds,evaluator_id,accountable_id,program_id,executive_id,organization_id,evaluation_id) VALUES ("26927","project624", "2017-12-11", "2020-6-27", "Sound its program others one everyone owner. Beyond different take speech reflect interesting produce.", "893100", "25436", "17676", "75292", "12111", "16442", "96525");
INSERT INTO project (project_id,title,start_date,end_date,abstract,funds,evaluator_id,accountable_id,program_id,executive_id,organization_id,evaluation_id) VALUES ("90559","project505", "2017-3-20", "2019-9-14", "Fund box simply admit behind. Close land cut after state.", "583865", "40242", "53797", "67658", "52853", "18606", "87925");
INSERT INTO project (project_id,title,start_date,end_date,abstract,funds,evaluator_id,accountable_id,program_id,executive_id,organization_id,evaluation_id) VALUES ("86512","project779", "2021-6-14", "2023-1-10", "Scientist party arm. Positive pretty with admit heavy.", "621340", "37858", "97543", "51793", "69934", "38344", "80514");
INSERT INTO project (project_id,title,start_date,end_date,abstract,funds,evaluator_id,accountable_id,program_id,executive_id,organization_id,evaluation_id) VALUES ("88845","project844", "2015-6-7", "2017-10-27", "Maybe improve ahead employee. Answer military power suddenly full wait.", "355216", "47259", "81037", "30128", "70755", "25931", "17326");
INSERT INTO project (project_id,title,start_date,end_date,abstract,funds,evaluator_id,accountable_id,program_id,executive_id,organization_id,evaluation_id) VALUES ("46984","project922", "2020-7-1", "2023-4-10", "I thousand coach ok.", "836014", "77914", "81030", "73954", "34890", "15257", "33173");
INSERT INTO project (project_id,title,start_date,end_date,abstract,funds,evaluator_id,accountable_id,program_id,executive_id,organization_id,evaluation_id) VALUES ("45193","project778", "2022-4-28", "2024-8-17", "Pass word television contain serious owner.", "811330", "53192", "34760", "49035", "69366", "51575", "23798");
INSERT INTO project (project_id,title,start_date,end_date,abstract,funds,evaluator_id,accountable_id,program_id,executive_id,organization_id,evaluation_id) VALUES ("90925","project349", "2022-5-7", "2024-8-7", "Medical professional class wear. Serious everybody follow reveal arrive.", "823796", "40862", "90054", "26177", "79559", "87600", "73226");
INSERT INTO project (project_id,title,start_date,end_date,abstract,funds,evaluator_id,accountable_id,program_id,executive_id,organization_id,evaluation_id) VALUES ("61672","project422", "2018-10-26", "2021-7-19", "Must of always reveal build. Already face bit sense executive time community.", "944407", "37968", "41249", "49035", "69212", "76648", "20962");
INSERT INTO project (project_id,title,start_date,end_date,abstract,funds,evaluator_id,accountable_id,program_id,executive_id,organization_id,evaluation_id) VALUES ("89489","project501", "2019-10-7", "2021-7-9", "Table Mrs fear anyone. Recognize Republican join work also that.", "849310", "70850", "82076", "51793", "62532", "75359", "44968");
INSERT INTO project (project_id,title,start_date,end_date,abstract,funds,evaluator_id,accountable_id,program_id,executive_id,organization_id,evaluation_id) VALUES ("51362","project444", "2016-5-1", "2019-8-18", "Watch night ready statement customer protect move. Sea stage section cover plan collection.", "418900", "34760", "99833", "69326", "76421", "62839", "87925");
INSERT INTO project (project_id,title,start_date,end_date,abstract,funds,evaluator_id,accountable_id,program_id,executive_id,organization_id,evaluation_id) VALUES ("67516","project588", "2018-8-9", "2020-6-20", "Certainly discuss drive soldier affect.", "507502", "68167", "48436", "69582", "93179", "76648", "64089");
INSERT INTO project (project_id,title,start_date,end_date,abstract,funds,evaluator_id,accountable_id,program_id,executive_id,organization_id,evaluation_id) VALUES ("61591","project127", "2018-6-6", "2020-8-6", "Would so grow answer new. Several past question material form clearly form anyone.", "808241", "27169", "50817", "69326", "99583", "83054", "85494");
INSERT INTO project (project_id,title,start_date,end_date,abstract,funds,evaluator_id,accountable_id,program_id,executive_id,organization_id,evaluation_id) VALUES ("91016","project936", "2017-5-24", "2019-10-20", "Project plan specific democratic trade politics tax table.", "751740", "82990", "82076", "90566", "89243", "11874", "96686");
INSERT INTO project (project_id,title,start_date,end_date,abstract,funds,evaluator_id,accountable_id,program_id,executive_id,organization_id,evaluation_id) VALUES ("25942","project603", "2020-10-13", "2023-4-26", "Owner natural road type.", "726878", "81037", "73725", "89709", "69934", "58378", "96525");
INSERT INTO project (project_id,title,start_date,end_date,abstract,funds,evaluator_id,accountable_id,program_id,executive_id,organization_id,evaluation_id) VALUES ("40131","project423", "2016-4-26", "2018-6-13", "Become since paper body participant same ok visit.", "739292", "66004", "47113", "86089", "76567", "20480", "62043");
INSERT INTO project (project_id,title,start_date,end_date,abstract,funds,evaluator_id,accountable_id,program_id,executive_id,organization_id,evaluation_id) VALUES ("69469","project434", "2018-3-19", "2021-3-4", "Himself thousand throughout total these left impact discover.", "297411", "58744", "84844", "91857", "86710", "20480", "20962");
INSERT INTO project (project_id,title,start_date,end_date,abstract,funds,evaluator_id,accountable_id,program_id,executive_id,organization_id,evaluation_id) VALUES ("48881","project419", "2022-6-25", "2024-3-19", "Pattern artist reduce woman require. Instead lawyer soon community share human.", "103636", "42360", "34760", "26177", "31329", "62839", "96686");
INSERT INTO project (project_id,title,start_date,end_date,abstract,funds,evaluator_id,accountable_id,program_id,executive_id,organization_id,evaluation_id) VALUES ("51348","project486", "2021-6-19", "2024-4-24", "Soldier community end build. Majority speech answer test.", "289459", "34792", "21029", "91857", "82736", "80594", "65089");
INSERT INTO project (project_id,title,start_date,end_date,abstract,funds,evaluator_id,accountable_id,program_id,executive_id,organization_id,evaluation_id) VALUES ("78002","project109", "2019-11-12", "2021-12-2", "Seat discover pattern.", "657900", "48436", "28108", "45608", "27704", "76648", "51713");
INSERT INTO project (project_id,title,start_date,end_date,abstract,funds,evaluator_id,accountable_id,program_id,executive_id,organization_id,evaluation_id) VALUES ("37344","project346", "2016-9-25", "2018-10-5", "Perform Mr here whom those girl.", "916573", "90054", "27110", "67658", "11890", "14660", "29958");
INSERT INTO project (project_id,title,start_date,end_date,abstract,funds,evaluator_id,accountable_id,program_id,executive_id,organization_id,evaluation_id) VALUES ("78630","project560", "2017-5-20", "2020-1-2", "Religious democratic Mrs identify may.", "529118", "87999", "27169", "94529", "90798", "19730", "33173");
INSERT INTO project (project_id,title,start_date,end_date,abstract,funds,evaluator_id,accountable_id,program_id,executive_id,organization_id,evaluation_id) VALUES ("30963","project292", "2020-2-25", "2023-6-6", "Assume network fire. Southern first west nearly between son.", "292890", "95048", "77914", "94529", "67916", "47132", "80514");
INSERT INTO project (project_id,title,start_date,end_date,abstract,funds,evaluator_id,accountable_id,program_id,executive_id,organization_id,evaluation_id) VALUES ("11347","project679", "2022-4-5", "2025-10-20", "Fight PM notice image rather. Book east politics agree agency its decide.", "621525", "82990", "48743", "87777", "52853", "58378", "12793");
INSERT INTO project (project_id,title,start_date,end_date,abstract,funds,evaluator_id,accountable_id,program_id,executive_id,organization_id,evaluation_id) VALUES ("91804","project101", "2018-2-12", "2020-12-4", "Produce wrong what third.", "997908", "66004", "56566", "15761", "57544", "28898", "66356");
INSERT INTO project (project_id,title,start_date,end_date,abstract,funds,evaluator_id,accountable_id,program_id,executive_id,organization_id,evaluation_id) VALUES ("81916","project470", "2018-7-18", "2020-3-18", "Charge again significant individual big talk low.", "202280", "73700", "25436", "45608", "57129", "11874", "61720");
INSERT INTO project (project_id,title,start_date,end_date,abstract,funds,evaluator_id,accountable_id,program_id,executive_id,organization_id,evaluation_id) VALUES ("98370","project820", "2021-4-22", "2024-12-17", "Subject consumer most house I store bed. Gun list record reach.", "668235", "95198", "16046", "76119", "78174", "43015", "99111");
INSERT INTO project (project_id,title,start_date,end_date,abstract,funds,evaluator_id,accountable_id,program_id,executive_id,organization_id,evaluation_id) VALUES ("98605","project727", "2016-8-21", "2019-6-9", "Glass I cultural treat pull those. Remember everyone save marriage economic so.", "416379", "82990", "82687", "98298", "69366", "47132", "81501");
INSERT INTO project (project_id,title,start_date,end_date,abstract,funds,evaluator_id,accountable_id,program_id,executive_id,organization_id,evaluation_id) VALUES ("50280","project186", "2017-12-23", "2020-9-16", "Night buy reflect heart hear environment single grow.", "736899", "54241", "55607", "86089", "69934", "58378", "85494");
INSERT INTO project (project_id,title,start_date,end_date,abstract,funds,evaluator_id,accountable_id,program_id,executive_id,organization_id,evaluation_id) VALUES ("52355","project746", "2022-9-21", "2024-2-17", "Message paper must. Different Congress our purpose our begin.", "544338", "88737", "43715", "49035", "67705", "54578", "73293");
INSERT INTO project (project_id,title,start_date,end_date,abstract,funds,evaluator_id,accountable_id,program_id,executive_id,organization_id,evaluation_id) VALUES ("15037","project448", "2019-2-11", "2022-12-21", "Woman sell fact president generation stuff. Benefit data reason mind production seat board.", "715586", "72920", "73725", "46558", "21311", "18606", "23798");
INSERT INTO project (project_id,title,start_date,end_date,abstract,funds,evaluator_id,accountable_id,program_id,executive_id,organization_id,evaluation_id) VALUES ("31334","project160", "2020-10-23", "2022-12-28", "Successful run simple.", "482816", "73725", "25145", "11185", "69934", "58378", "67356");
INSERT INTO project (project_id,title,start_date,end_date,abstract,funds,evaluator_id,accountable_id,program_id,executive_id,organization_id,evaluation_id) VALUES ("27830","project318", "2016-9-21", "2019-2-3", "Everyone politics or.", "700488", "76394", "14870", "15761", "34890", "25931", "62373");
INSERT INTO project (project_id,title,start_date,end_date,abstract,funds,evaluator_id,accountable_id,program_id,executive_id,organization_id,evaluation_id) VALUES ("99562","project376", "2018-5-15", "2020-12-13", "Mrs reduce drive loss mission.", "993431", "90826", "15693", "76119", "76421", "80594", "72168");
INSERT INTO project (project_id,title,start_date,end_date,abstract,funds,evaluator_id,accountable_id,program_id,executive_id,organization_id,evaluation_id) VALUES ("76513","project110", "2015-7-7", "2018-3-23", "Mouth cause event husband friend treat level. Entire lay well onto scene foreign mouth.", "795349", "50817", "53797", "91857", "60697", "41466", "25262");
INSERT INTO project (project_id,title,start_date,end_date,abstract,funds,evaluator_id,accountable_id,program_id,executive_id,organization_id,evaluation_id) VALUES ("89383","project556", "2018-10-6", "2021-1-20", "Hospital system share unit.", "692729", "36844", "24529", "49035", "79559", "76648", "57408");
INSERT INTO project (project_id,title,start_date,end_date,abstract,funds,evaluator_id,accountable_id,program_id,executive_id,organization_id,evaluation_id) VALUES ("81583","project718", "2021-3-17", "2024-2-2", "Consumer generation left.", "803044", "16046", "56159", "42606", "57544", "83054", "62043");
INSERT INTO project (project_id,title,start_date,end_date,abstract,funds,evaluator_id,accountable_id,program_id,executive_id,organization_id,evaluation_id) VALUES ("42370","project563", "2018-12-25", "2020-7-26", "Use example want practice couple.", "811409", "56061", "21029", "19913", "21311", "38344", "23798");
INSERT INTO project (project_id,title,start_date,end_date,abstract,funds,evaluator_id,accountable_id,program_id,executive_id,organization_id,evaluation_id) VALUES ("54051","project798", "2017-3-16", "2020-4-2", "College find knowledge while blue anything music. Country good thought occur former individual environment.", "646932", "40242", "90636", "53940", "57544", "47132", "73293");
INSERT INTO project (project_id,title,start_date,end_date,abstract,funds,evaluator_id,accountable_id,program_id,executive_id,organization_id,evaluation_id) VALUES ("39693","project249", "2020-10-18", "2022-6-12", "Surface draw take ability kid suffer strategy station.", "614768", "76997", "20676", "67658", "89243", "55612", "66356");
INSERT INTO project (project_id,title,start_date,end_date,abstract,funds,evaluator_id,accountable_id,program_id,executive_id,organization_id,evaluation_id) VALUES ("34150","project538", "2019-2-22", "2021-6-9", "Night middle fish without. How back couple what.", "909245", "77282", "92652", "67658", "20747", "19730", "66356");
INSERT INTO project (project_id,title,start_date,end_date,abstract,funds,evaluator_id,accountable_id,program_id,executive_id,organization_id,evaluation_id) VALUES ("38367","project314", "2021-6-6", "2024-7-12", "Team involve network. Fill job contain fact attorney activity.", "369242", "79505", "11891", "81498", "51114", "67592", "27221");
INSERT INTO project (project_id,title,start_date,end_date,abstract,funds,evaluator_id,accountable_id,program_id,executive_id,organization_id,evaluation_id) VALUES ("32243","project189", "2015-6-6", "2018-11-6", "Leader skin everybody deal yeah anyone.", "178151", "34760", "47757", "69326", "67916", "51575", "81501");
INSERT INTO project (project_id,title,start_date,end_date,abstract,funds,evaluator_id,accountable_id,program_id,executive_id,organization_id,evaluation_id) VALUES ("15403","project896", "2018-10-25", "2021-8-15", "Allow story bar western position various. Born whose certain then.", "287190", "28108", "41387", "52537", "81244", "16442", "17326");
INSERT INTO project (project_id,title,start_date,end_date,abstract,funds,evaluator_id,accountable_id,program_id,executive_id,organization_id,evaluation_id) VALUES ("17637","project128", "2017-3-20", "2020-12-8", "Method letter our show training stand.", "838209", "72862", "97543", "92285", "82736", "75359", "64373");
INSERT INTO project (project_id,title,start_date,end_date,abstract,funds,evaluator_id,accountable_id,program_id,executive_id,organization_id,evaluation_id) VALUES ("40110","project334", "2020-7-1", "2022-5-21", "Model officer place blue majority good.", "234106", "21029", "79505", "99237", "24214", "51575", "16355");
INSERT INTO project (project_id,title,start_date,end_date,abstract,funds,evaluator_id,accountable_id,program_id,executive_id,organization_id,evaluation_id) VALUES ("42748","project804", "2021-9-14", "2023-10-19", "Recent parent list. Democrat today smile forward necessary.", "173980", "60106", "91036", "91863", "82736", "25931", "62043");
INSERT INTO project (project_id,title,start_date,end_date,abstract,funds,evaluator_id,accountable_id,program_id,executive_id,organization_id,evaluation_id) VALUES ("72346","project692", "2020-11-15", "2022-8-3", "Race good turn up central source environment.", "454198", "40862", "46057", "63684", "39032", "55612", "62811");
INSERT INTO project (project_id,title,start_date,end_date,abstract,funds,evaluator_id,accountable_id,program_id,executive_id,organization_id,evaluation_id) VALUES ("61248","project516", "2020-7-24", "2022-4-8", "Film tax assume war charge forget body.", "138484", "75955", "76394", "13002", "69934", "83054", "96525");

-- deliverable 
INSERT INTO deliverable (deliverable_id,project_id,title,abstract,deliverable_date) VALUES ("36618","61248","title756", "Leave resource among enter determine.", "2021-6-0");
INSERT INTO deliverable (deliverable_id,project_id,title,abstract,deliverable_date) VALUES ("28905","50280","title282", "Away important mention. Push tell reach note study answer.", "2018-11-25");
INSERT INTO deliverable (deliverable_id,project_id,title,abstract,deliverable_date) VALUES ("91828","61248","title624", "Fish practice success technology just.", "2021-6-25");
INSERT INTO deliverable (deliverable_id,project_id,title,abstract,deliverable_date) VALUES ("15213","72346","title505", "Major mean image term person organization father.", "2021-10-1");
INSERT INTO deliverable (deliverable_id,project_id,title,abstract,deliverable_date) VALUES ("95150","52355","title779", "Produce goal usually ball. Cause present woman meeting space most.", "2023-8-23");
INSERT INTO deliverable (deliverable_id,project_id,title,abstract,deliverable_date) VALUES ("32487","54051","title844", "Action meeting cost PM blue garden.", "2018-2-0");
INSERT INTO deliverable (deliverable_id,project_id,title,abstract,deliverable_date) VALUES ("67999","15037","title922", "Send wear dog important decision opportunity. You specific fall young recently baby.", "2020-1-23");
INSERT INTO deliverable (deliverable_id,project_id,title,abstract,deliverable_date) VALUES ("65351","40110","title778", "Herself industry later she tell off option deal. Play who such anyone his physical away.", "2021-6-15");
INSERT INTO deliverable (deliverable_id,project_id,title,abstract,deliverable_date) VALUES ("36749","91016","title349", "Three reveal language what election spring drop. Again weight common nature TV family.", "2018-4-9");
INSERT INTO deliverable (deliverable_id,project_id,title,abstract,deliverable_date) VALUES ("78339","40110","title422", "Article from likely fire chair. Standard down walk often be.", "2021-6-20");

-- phone_number 
INSERT INTO phone_number (organization_id,phone) VALUES ("20480","6452327124");
INSERT INTO phone_number (organization_id,phone) VALUES ("14660","4786949412");
INSERT INTO phone_number (organization_id,phone) VALUES ("55612","4051123495");
INSERT INTO phone_number (organization_id,phone) VALUES ("19730","6936382507");
INSERT INTO phone_number (organization_id,phone) VALUES ("41466","2274690481");
INSERT INTO phone_number (organization_id,phone) VALUES ("28898","6693259715");
INSERT INTO phone_number (organization_id,phone) VALUES ("28898","7731804152");
INSERT INTO phone_number (organization_id,phone) VALUES ("38344","7676655937");
INSERT INTO phone_number (organization_id,phone) VALUES ("25931","5585423987");
INSERT INTO phone_number (organization_id,phone) VALUES ("51575","9945691162");
INSERT INTO phone_number (organization_id,phone) VALUES ("11874","9758464507");
INSERT INTO phone_number (organization_id,phone) VALUES ("19730","9723347193");
INSERT INTO phone_number (organization_id,phone) VALUES ("15257","2603964729");
INSERT INTO phone_number (organization_id,phone) VALUES ("54578","3973466663");
INSERT INTO phone_number (organization_id,phone) VALUES ("87600","5868663936");
INSERT INTO phone_number (organization_id,phone) VALUES ("54578","3595783733");
INSERT INTO phone_number (organization_id,phone) VALUES ("76648","1117383976");
INSERT INTO phone_number (organization_id,phone) VALUES ("68701","5017850879");
INSERT INTO phone_number (organization_id,phone) VALUES ("47132","2883143766");
INSERT INTO phone_number (organization_id,phone) VALUES ("83543","7850375200");
INSERT INTO phone_number (organization_id,phone) VALUES ("43015","8935708045");
INSERT INTO phone_number (organization_id,phone) VALUES ("75359","5334219427");
INSERT INTO phone_number (organization_id,phone) VALUES ("83543","3254826389");
INSERT INTO phone_number (organization_id,phone) VALUES ("18606","7679217812");
INSERT INTO phone_number (organization_id,phone) VALUES ("65929","5797036134");
INSERT INTO phone_number (organization_id,phone) VALUES ("58378","2758941076");
INSERT INTO phone_number (organization_id,phone) VALUES ("16442","9360022921");
INSERT INTO phone_number (organization_id,phone) VALUES ("38344","4595666521");
INSERT INTO phone_number (organization_id,phone) VALUES ("65929","2757669122");
INSERT INTO phone_number (organization_id,phone) VALUES ("11874","1752568695");

-- works_on_project 
INSERT INTO works_on_project (project_id,researcher_id) VALUES ("84362","31912");
INSERT INTO works_on_project (project_id,researcher_id) VALUES ("86253","88737");
INSERT INTO works_on_project (project_id,researcher_id) VALUES ("26927","77914");
INSERT INTO works_on_project (project_id,researcher_id) VALUES ("90559","15693");
INSERT INTO works_on_project (project_id,researcher_id) VALUES ("86512","88737");
INSERT INTO works_on_project (project_id,researcher_id) VALUES ("88845","97375");
INSERT INTO works_on_project (project_id,researcher_id) VALUES ("46984","17676");
INSERT INTO works_on_project (project_id,researcher_id) VALUES ("45193","59041");
INSERT INTO works_on_project (project_id,researcher_id) VALUES ("90925","91207");
INSERT INTO works_on_project (project_id,researcher_id) VALUES ("61672","56061");
INSERT INTO works_on_project (project_id,researcher_id) VALUES ("89489","77456");
INSERT INTO works_on_project (project_id,researcher_id) VALUES ("51362","70463");
INSERT INTO works_on_project (project_id,researcher_id) VALUES ("67516","56159");
INSERT INTO works_on_project (project_id,researcher_id) VALUES ("61591","43251");
INSERT INTO works_on_project (project_id,researcher_id) VALUES ("91016","53881");
INSERT INTO works_on_project (project_id,researcher_id) VALUES ("25942","54508");
INSERT INTO works_on_project (project_id,researcher_id) VALUES ("40131","42360");
INSERT INTO works_on_project (project_id,researcher_id) VALUES ("69469","42360");
INSERT INTO works_on_project (project_id,researcher_id) VALUES ("48881","25981");
INSERT INTO works_on_project (project_id,researcher_id) VALUES ("51348","71871");
INSERT INTO works_on_project (project_id,researcher_id) VALUES ("78002","90636");
INSERT INTO works_on_project (project_id,researcher_id) VALUES ("37344","95048");
INSERT INTO works_on_project (project_id,researcher_id) VALUES ("78630","35246");
INSERT INTO works_on_project (project_id,researcher_id) VALUES ("30963","90054");
INSERT INTO works_on_project (project_id,researcher_id) VALUES ("11347","53192");
INSERT INTO works_on_project (project_id,researcher_id) VALUES ("91804","57121");
INSERT INTO works_on_project (project_id,researcher_id) VALUES ("81916","14381");
INSERT INTO works_on_project (project_id,researcher_id) VALUES ("98370","72862");
INSERT INTO works_on_project (project_id,researcher_id) VALUES ("98605","50817");
INSERT INTO works_on_project (project_id,researcher_id) VALUES ("50280","54508");
INSERT INTO works_on_project (project_id,researcher_id) VALUES ("52355","50648");
INSERT INTO works_on_project (project_id,researcher_id) VALUES ("15037","33887");
INSERT INTO works_on_project (project_id,researcher_id) VALUES ("31334","53192");
INSERT INTO works_on_project (project_id,researcher_id) VALUES ("27830","29627");
INSERT INTO works_on_project (project_id,researcher_id) VALUES ("99562","25526");
INSERT INTO works_on_project (project_id,researcher_id) VALUES ("76513","75955");
INSERT INTO works_on_project (project_id,researcher_id) VALUES ("89383","56159");
INSERT INTO works_on_project (project_id,researcher_id) VALUES ("81583","79505");
INSERT INTO works_on_project (project_id,researcher_id) VALUES ("42370","56566");
INSERT INTO works_on_project (project_id,researcher_id) VALUES ("54051","90054");
INSERT INTO works_on_project (project_id,researcher_id) VALUES ("39693","54241");
INSERT INTO works_on_project (project_id,researcher_id) VALUES ("34150","31213");
INSERT INTO works_on_project (project_id,researcher_id) VALUES ("38367","47259");
INSERT INTO works_on_project (project_id,researcher_id) VALUES ("32243","97543");
INSERT INTO works_on_project (project_id,researcher_id) VALUES ("15403","76997");
INSERT INTO works_on_project (project_id,researcher_id) VALUES ("17637","77456");
INSERT INTO works_on_project (project_id,researcher_id) VALUES ("40110","97543");
INSERT INTO works_on_project (project_id,researcher_id) VALUES ("42748","95198");
INSERT INTO works_on_project (project_id,researcher_id) VALUES ("72346","81463");
INSERT INTO works_on_project (project_id,researcher_id) VALUES ("61248","66004");
INSERT INTO works_on_project (project_id,researcher_id) VALUES ("34150","52672");
INSERT INTO works_on_project (project_id,researcher_id) VALUES ("15403","88737");
INSERT INTO works_on_project (project_id,researcher_id) VALUES ("90559","25718");
INSERT INTO works_on_project (project_id,researcher_id) VALUES ("81583","72920");
INSERT INTO works_on_project (project_id,researcher_id) VALUES ("31334","88737");
INSERT INTO works_on_project (project_id,researcher_id) VALUES ("25942","27110");
INSERT INTO works_on_project (project_id,researcher_id) VALUES ("61248","17676");
INSERT INTO works_on_project (project_id,researcher_id) VALUES ("27830","59041");
INSERT INTO works_on_project (project_id,researcher_id) VALUES ("61672","27169");
INSERT INTO works_on_project (project_id,researcher_id) VALUES ("27830","56159");
INSERT INTO works_on_project (project_id,researcher_id) VALUES ("40110","38719");
INSERT INTO works_on_project (project_id,researcher_id) VALUES ("40110","25981");
INSERT INTO works_on_project (project_id,researcher_id) VALUES ("26927","90636");
INSERT INTO works_on_project (project_id,researcher_id) VALUES ("37344","43251");
INSERT INTO works_on_project (project_id,researcher_id) VALUES ("99562","53881");
INSERT INTO works_on_project (project_id,researcher_id) VALUES ("40110","53192");
INSERT INTO works_on_project (project_id,researcher_id) VALUES ("61672","42360");
INSERT INTO works_on_project (project_id,researcher_id) VALUES ("90559","42360");
INSERT INTO works_on_project (project_id,researcher_id) VALUES ("17637","80778");
INSERT INTO works_on_project (project_id,researcher_id) VALUES ("91016","25526");

INSERT INTO works_on_project (project_id,researcher_id) VALUES ("76513","36844");
INSERT INTO works_on_project (project_id,researcher_id) VALUES ("72346","37968");
INSERT INTO works_on_project (project_id,researcher_id) VALUES ("50280","81037");
INSERT INTO works_on_project (project_id,researcher_id) VALUES ("15403","53192");
INSERT INTO works_on_project (project_id,researcher_id) VALUES ("98370","57121");

INSERT INTO works_on_project (project_id,researcher_id) VALUES ("67516","21029");
INSERT INTO works_on_project (project_id,researcher_id) VALUES ("89489","16046");
INSERT INTO works_on_project (project_id,researcher_id) VALUES ("54051","54508");
INSERT INTO works_on_project (project_id,researcher_id) VALUES ("15037","50648");
INSERT INTO works_on_project (project_id,researcher_id) VALUES ("78630","44411");
INSERT INTO works_on_project (project_id,researcher_id) VALUES ("61591","84844");
INSERT INTO works_on_project (project_id,researcher_id) VALUES ("40110","97375");
INSERT INTO works_on_project (project_id,researcher_id) VALUES ("61591","71871");
INSERT INTO works_on_project (project_id,researcher_id) VALUES ("11347","75955");
INSERT INTO works_on_project (project_id,researcher_id) VALUES ("52355","48436");
INSERT INTO works_on_project (project_id,researcher_id) VALUES ("52355","66004");
INSERT INTO works_on_project (project_id,researcher_id) VALUES ("40110","56566");
INSERT INTO works_on_project (project_id,researcher_id) VALUES ("45193","50817");
INSERT INTO works_on_project (project_id,researcher_id) VALUES ("11347","54241");
INSERT INTO works_on_project (project_id,researcher_id) VALUES ("89383","92652");
INSERT INTO works_on_project (project_id,researcher_id) VALUES ("39693","20676");
INSERT INTO works_on_project (project_id,researcher_id) VALUES ("61248","28108");
INSERT INTO works_on_project (project_id,researcher_id) VALUES ("52355","76997");
INSERT INTO works_on_project (project_id,researcher_id) VALUES ("32243","77456");
INSERT INTO works_on_project (project_id,researcher_id) VALUES ("15403","97543");
INSERT INTO works_on_project (project_id,researcher_id) VALUES ("69469","95198");
INSERT INTO works_on_project (project_id,researcher_id) VALUES ("81916","54241");
INSERT INTO works_on_project (project_id,researcher_id) VALUES ("11347","66004");

-- scientific_field_project 
INSERT INTO scientific_field_project (scfield_id,project_id) VALUES ("15105","84362");
INSERT INTO scientific_field_project (scfield_id,project_id) VALUES ("69065","86253");
INSERT INTO scientific_field_project (scfield_id,project_id) VALUES ("87660","26927");
INSERT INTO scientific_field_project (scfield_id,project_id) VALUES ("22392","90559");
INSERT INTO scientific_field_project (scfield_id,project_id) VALUES ("31985","86512");
INSERT INTO scientific_field_project (scfield_id,project_id) VALUES ("87660","88845");
INSERT INTO scientific_field_project (scfield_id,project_id) VALUES ("22392","46984");
INSERT INTO scientific_field_project (scfield_id,project_id) VALUES ("69065","45193");
INSERT INTO scientific_field_project (scfield_id,project_id) VALUES ("35953","90925");
INSERT INTO scientific_field_project (scfield_id,project_id) VALUES ("69065","61672");
INSERT INTO scientific_field_project (scfield_id,project_id) VALUES ("87660","89489");
INSERT INTO scientific_field_project (scfield_id,project_id) VALUES ("35953","51362");
INSERT INTO scientific_field_project (scfield_id,project_id) VALUES ("45546","67516");
INSERT INTO scientific_field_project (scfield_id,project_id) VALUES ("20560","61591");
INSERT INTO scientific_field_project (scfield_id,project_id) VALUES ("35953","91016");
INSERT INTO scientific_field_project (scfield_id,project_id) VALUES ("22392","25942");
INSERT INTO scientific_field_project (scfield_id,project_id) VALUES ("34926","40131");
INSERT INTO scientific_field_project (scfield_id,project_id) VALUES ("20560","69469");
INSERT INTO scientific_field_project (scfield_id,project_id) VALUES ("35953","48881");
INSERT INTO scientific_field_project (scfield_id,project_id) VALUES ("20560","51348");
INSERT INTO scientific_field_project (scfield_id,project_id) VALUES ("63358","78002");
INSERT INTO scientific_field_project (scfield_id,project_id) VALUES ("31985","37344");
INSERT INTO scientific_field_project (scfield_id,project_id) VALUES ("35953","78630");
INSERT INTO scientific_field_project (scfield_id,project_id) VALUES ("20560","30963");
INSERT INTO scientific_field_project (scfield_id,project_id) VALUES ("63358","11347");
INSERT INTO scientific_field_project (scfield_id,project_id) VALUES ("35953","91804");
INSERT INTO scientific_field_project (scfield_id,project_id) VALUES ("31985","81916");
INSERT INTO scientific_field_project (scfield_id,project_id) VALUES ("87660","98370");
INSERT INTO scientific_field_project (scfield_id,project_id) VALUES ("87660","98605");
INSERT INTO scientific_field_project (scfield_id,project_id) VALUES ("87660","50280");
INSERT INTO scientific_field_project (scfield_id,project_id) VALUES ("63358","52355");
INSERT INTO scientific_field_project (scfield_id,project_id) VALUES ("31985","15037");
INSERT INTO scientific_field_project (scfield_id,project_id) VALUES ("45546","31334");
INSERT INTO scientific_field_project (scfield_id,project_id) VALUES ("34926","27830");
INSERT INTO scientific_field_project (scfield_id,project_id) VALUES ("87660","99562");
INSERT INTO scientific_field_project (scfield_id,project_id) VALUES ("63358","76513");
INSERT INTO scientific_field_project (scfield_id,project_id) VALUES ("22392","89383");
INSERT INTO scientific_field_project (scfield_id,project_id) VALUES ("45546","81583");
INSERT INTO scientific_field_project (scfield_id,project_id) VALUES ("35953","42370");
INSERT INTO scientific_field_project (scfield_id,project_id) VALUES ("63358","54051");
INSERT INTO scientific_field_project (scfield_id,project_id) VALUES ("31985","39693");
INSERT INTO scientific_field_project (scfield_id,project_id) VALUES ("22392","34150");
INSERT INTO scientific_field_project (scfield_id,project_id) VALUES ("34926","38367");
INSERT INTO scientific_field_project (scfield_id,project_id) VALUES ("45546","32243");
INSERT INTO scientific_field_project (scfield_id,project_id) VALUES ("45546","15403");
INSERT INTO scientific_field_project (scfield_id,project_id) VALUES ("31985","17637");
INSERT INTO scientific_field_project (scfield_id,project_id) VALUES ("45546","40110");
INSERT INTO scientific_field_project (scfield_id,project_id) VALUES ("87660","42748");
INSERT INTO scientific_field_project (scfield_id,project_id) VALUES ("69065","72346");
INSERT INTO scientific_field_project (scfield_id,project_id) VALUES ("87660","61248");
INSERT INTO scientific_field_project (scfield_id,project_id) VALUES ("15105","45193");
INSERT INTO scientific_field_project (scfield_id,project_id) VALUES ("22392","37344");
INSERT INTO scientific_field_project (scfield_id,project_id) VALUES ("22392","88845");
INSERT INTO scientific_field_project (scfield_id,project_id) VALUES ("35953","98370");
INSERT INTO scientific_field_project (scfield_id,project_id) VALUES ("15105","42748");
INSERT INTO scientific_field_project (scfield_id,project_id) VALUES ("45546","45193");
INSERT INTO scientific_field_project (scfield_id,project_id) VALUES ("69065","51348");

INSERT INTO scientific_field_project (scfield_id,project_id) VALUES ("63358","48881");
INSERT INTO scientific_field_project (scfield_id,project_id) VALUES ("35953","25942");

