-- organization 
INSERT INTO organization (organization_id,name_org,abbreviation,city,street,postal_code,org_type,funds_company,budget_uni_ministry,budget_rc1,budget_rc2) VALUES ("24604", "Company126", "C126", "Larisa", "Eleftheriou Venizelou64", "17825", "Company", "72629489", "0", "0", "0");
INSERT INTO organization (organization_id,name_org,abbreviation,city,street,postal_code,org_type,funds_company,budget_uni_ministry,budget_rc1,budget_rc2) VALUES ("36971", "Company845", "C845", "Athens", "Samothrakis112", "52964", "Company", "19069524", "0", "0", "0");
INSERT INTO organization (organization_id,name_org,abbreviation,city,street,postal_code,org_type,funds_company,budget_uni_ministry,budget_rc1,budget_rc2) VALUES ("91678", "Company520", "C520", "Chania", "Mpotsari30", "19223", "Company", "17483310", "0", "0", "0");
INSERT INTO organization (organization_id,name_org,abbreviation,city,street,postal_code,org_type,funds_company,budget_uni_ministry,budget_rc1,budget_rc2) VALUES ("73540", "Research Center150", "RC150", "Chania", "Kifisou133", "25553", "Research Center", "0", "0", "58945616", "50220617");
INSERT INTO organization (organization_id,name_org,abbreviation,city,street,postal_code,org_type,funds_company,budget_uni_ministry,budget_rc1,budget_rc2) VALUES ("78157", "Company853", "C853", "Rhode Island", "Ippokratous75", "12282", "Company", "93801477", "0", "0", "0");
INSERT INTO organization (organization_id,name_org,abbreviation,city,street,postal_code,org_type,funds_company,budget_uni_ministry,budget_rc1,budget_rc2) VALUES ("20105", "University934", "UN934", "Rhode Island", "Androutsou146", "29968", "University", "0", "20202474", "0", "0");
INSERT INTO organization (organization_id,name_org,abbreviation,city,street,postal_code,org_type,funds_company,budget_uni_ministry,budget_rc1,budget_rc2) VALUES ("54659", "University691", "UN691", "Trikala", "Samothrakis127", "27703", "University", "0", "38597711", "0", "0");
INSERT INTO organization (organization_id,name_org,abbreviation,city,street,postal_code,org_type,funds_company,budget_uni_ministry,budget_rc1,budget_rc2) VALUES ("33784", "Research Center470", "RC470", "Rhode Island", "Eleftheriou Venizelou115", "67178", "Research Center", "0", "0", "74551519", "70475809");
INSERT INTO organization (organization_id,name_org,abbreviation,city,street,postal_code,org_type,funds_company,budget_uni_ministry,budget_rc1,budget_rc2) VALUES ("32878", "Research Center893", "RC893", "Thessaloniki", "Agathiou120", "74205", "Research Center", "0", "0", "76060129", "90077443");
INSERT INTO organization (organization_id,name_org,abbreviation,city,street,postal_code,org_type,funds_company,budget_uni_ministry,budget_rc1,budget_rc2) VALUES ("83251", "University439", "UN439", "Ioannina", "Kantonia134", "22810", "University", "0", "75860979", "0", "0");
INSERT INTO organization (organization_id,name_org,abbreviation,city,street,postal_code,org_type,funds_company,budget_uni_ministry,budget_rc1,budget_rc2) VALUES ("63051", "University919", "UN919", "Trikala", "Eleftheriou Venizelou96", "84724", "University", "0", "76653607", "0", "0");
INSERT INTO organization (organization_id,name_org,abbreviation,city,street,postal_code,org_type,funds_company,budget_uni_ministry,budget_rc1,budget_rc2) VALUES ("58297", "Research Center370", "RC370", "Patra", "Androutsou89", "28111", "Research Center", "0", "0", "13039062", "93601543");
INSERT INTO organization (organization_id,name_org,abbreviation,city,street,postal_code,org_type,funds_company,budget_uni_ministry,budget_rc1,budget_rc2) VALUES ("48721", "Research Center297", "RC297", "Athens", "Samothrakis53", "33680", "Research Center", "0", "0", "36127031", "20769614");
INSERT INTO organization (organization_id,name_org,abbreviation,city,street,postal_code,org_type,funds_company,budget_uni_ministry,budget_rc1,budget_rc2) VALUES ("85429", "Company540", "C540", "Chalkida", "Eleftheriou Venizelou127", "51774", "Company", "48368432", "0", "0", "0");
INSERT INTO organization (organization_id,name_org,abbreviation,city,street,postal_code,org_type,funds_company,budget_uni_ministry,budget_rc1,budget_rc2) VALUES ("78206", "University999", "UN999", "Trikala", "Klepsydra8", "79474", "University", "0", "36168581", "0", "0");
INSERT INTO organization (organization_id,name_org,abbreviation,city,street,postal_code,org_type,funds_company,budget_uni_ministry,budget_rc1,budget_rc2) VALUES ("52155", "Company368", "C368", "Trikala", "Samothrakis146", "92803", "Company", "66413844", "0", "0", "0");
INSERT INTO organization (organization_id,name_org,abbreviation,city,street,postal_code,org_type,funds_company,budget_uni_ministry,budget_rc1,budget_rc2) VALUES ("94153", "Company457", "C457", "Athens", "Ippokratous65", "47981", "Company", "7514626", "0", "0", "0");
INSERT INTO organization (organization_id,name_org,abbreviation,city,street,postal_code,org_type,funds_company,budget_uni_ministry,budget_rc1,budget_rc2) VALUES ("17398", "University461", "UN461", "Rhode Island", "Androutsou129", "30023", "University", "0", "58111133", "0", "0");
INSERT INTO organization (organization_id,name_org,abbreviation,city,street,postal_code,org_type,funds_company,budget_uni_ministry,budget_rc1,budget_rc2) VALUES ("55285", "University305", "UN305", "Trikala", "Samothrakis40", "53912", "University", "0", "78306097", "0", "0");
INSERT INTO organization (organization_id,name_org,abbreviation,city,street,postal_code,org_type,funds_company,budget_uni_ministry,budget_rc1,budget_rc2) VALUES ("36499", "Research Center949", "RC949", "Chania", "Nikopoleos145", "55216", "Research Center", "0", "0", "68799549", "58207427");
INSERT INTO organization (organization_id,name_org,abbreviation,city,street,postal_code,org_type,funds_company,budget_uni_ministry,budget_rc1,budget_rc2) VALUES ("91629", "Company899", "C899", "Trikala", "Ippokratous90", "88440", "Company", "90128195", "0", "0", "0");
INSERT INTO organization (organization_id,name_org,abbreviation,city,street,postal_code,org_type,funds_company,budget_uni_ministry,budget_rc1,budget_rc2) VALUES ("27046", "Company666", "C666", "Chania", "Androutsou117", "44315", "Company", "48855513", "0", "0", "0");
INSERT INTO organization (organization_id,name_org,abbreviation,city,street,postal_code,org_type,funds_company,budget_uni_ministry,budget_rc1,budget_rc2) VALUES ("28082", "Research Center360", "RC360", "Rhode Island", "Klepsydra91", "84876", "Research Center", "0", "0", "83850973", "62272780");
INSERT INTO organization (organization_id,name_org,abbreviation,city,street,postal_code,org_type,funds_company,budget_uni_ministry,budget_rc1,budget_rc2) VALUES ("41733", "Company917", "C917", "Trikala", "Nikopoleos93", "85113", "Company", "66160458", "0", "0", "0");
INSERT INTO organization (organization_id,name_org,abbreviation,city,street,postal_code,org_type,funds_company,budget_uni_ministry,budget_rc1,budget_rc2) VALUES ("19079", "Research Center386", "RC386", "Chalkida", "Kifisou20", "81047", "Research Center", "0", "0", "62891694", "28114453");
INSERT INTO organization (organization_id,name_org,abbreviation,city,street,postal_code,org_type,funds_company,budget_uni_ministry,budget_rc1,budget_rc2) VALUES ("86334", "Research Center792", "RC792", "Heraklion", "Eleftheriou Venizelou101", "14168", "Research Center", "0", "0", "30763412", "1052890");
INSERT INTO organization (organization_id,name_org,abbreviation,city,street,postal_code,org_type,funds_company,budget_uni_ministry,budget_rc1,budget_rc2) VALUES ("57684", "Research Center901", "RC901", "Larisa", "Kifisou142", "83274", "Research Center", "0", "0", "11234588", "43526004");
INSERT INTO organization (organization_id,name_org,abbreviation,city,street,postal_code,org_type,funds_company,budget_uni_ministry,budget_rc1,budget_rc2) VALUES ("56491", "University529", "UN529", "Athens", "Samothrakis144", "99526", "University", "0", "10293328", "0", "0");
INSERT INTO organization (organization_id,name_org,abbreviation,city,street,postal_code,org_type,funds_company,budget_uni_ministry,budget_rc1,budget_rc2) VALUES ("61742", "Research Center622", "RC622", "Heraklion", "Orionos71", "18553", "Research Center", "0", "0", "31091534", "66197547");
INSERT INTO organization (organization_id,name_org,abbreviation,city,street,postal_code,org_type,funds_company,budget_uni_ministry,budget_rc1,budget_rc2) VALUES ("19393", "Research Center227", "RC227", "Chania", "Mpotsari57", "64106", "Research Center", "0", "0", "47187480", "81251470");

-- researcher 
INSERT INTO researcher (researcher_id,first_name,last_name,birthdate,gender,organization_id,datework) VALUES ("30518", "Kenneth", "Torres", "1966-4-1", "Non-Binary", "19393", "2022-2-10");
INSERT INTO researcher (researcher_id,first_name,last_name,birthdate,gender,organization_id,datework) VALUES ("96456", "Christopher", "Garcia", "1989-7-23", "Non-Binary", "24604", "2017-7-6");
INSERT INTO researcher (researcher_id,first_name,last_name,birthdate,gender,organization_id,datework) VALUES ("78152", "Michele", "Sutton", "1982-12-12", "Male", "36971", "2018-11-19");
INSERT INTO researcher (researcher_id,first_name,last_name,birthdate,gender,organization_id,datework) VALUES ("69421", "Kenneth", "Flynn", "1992-12-14", "Male", "91678", "2016-4-14");
INSERT INTO researcher (researcher_id,first_name,last_name,birthdate,gender,organization_id,datework) VALUES ("73772", "Sean", "Morgan", "1971-10-7", "Non-Binary", "73540", "2019-3-5");
INSERT INTO researcher (researcher_id,first_name,last_name,birthdate,gender,organization_id,datework) VALUES ("26130", "John", "Young", "1994-4-18", "Female", "78157", "2016-9-26");
INSERT INTO researcher (researcher_id,first_name,last_name,birthdate,gender,organization_id,datework) VALUES ("76342", "Ashley", "Jackson", "1978-7-15", "Non-Binary", "20105", "2020-5-16");
INSERT INTO researcher (researcher_id,first_name,last_name,birthdate,gender,organization_id,datework) VALUES ("12140", "Carolyn", "Schultz", "1987-2-16", "Non-Binary", "54659", "2019-12-6");
INSERT INTO researcher (researcher_id,first_name,last_name,birthdate,gender,organization_id,datework) VALUES ("67009", "Abigail", "Ross", "1984-6-19", "Female", "33784", "2014-3-19");
INSERT INTO researcher (researcher_id,first_name,last_name,birthdate,gender,organization_id,datework) VALUES ("16835", "Jeffrey", "Taylor", "1968-6-20", "Female", "32878", "2019-4-9");
INSERT INTO researcher (researcher_id,first_name,last_name,birthdate,gender,organization_id,datework) VALUES ("62872", "Tony", "Rios", "1988-3-6", "Non-Binary", "83251", "2010-8-20");
INSERT INTO researcher (researcher_id,first_name,last_name,birthdate,gender,organization_id,datework) VALUES ("54385", "Thomas", "Clark", "1990-4-17", "Non-Binary", "63051", "2010-2-4");
INSERT INTO researcher (researcher_id,first_name,last_name,birthdate,gender,organization_id,datework) VALUES ("88970", "Brittany", "Smith", "1983-11-18", "Male", "58297", "2018-2-16");
INSERT INTO researcher (researcher_id,first_name,last_name,birthdate,gender,organization_id,datework) VALUES ("97253", "Emily", "Harris", "1965-6-12", "Male", "48721", "2014-8-10");
INSERT INTO researcher (researcher_id,first_name,last_name,birthdate,gender,organization_id,datework) VALUES ("32910", "Ruth", "Crane", "1995-1-5", "Male", "85429", "2013-9-7");
INSERT INTO researcher (researcher_id,first_name,last_name,birthdate,gender,organization_id,datework) VALUES ("57786", "Danny", "Haynes", "1995-9-23", "Non-Binary", "78206", "2010-4-11");
INSERT INTO researcher (researcher_id,first_name,last_name,birthdate,gender,organization_id,datework) VALUES ("40297", "Zachary", "Fox", "1984-7-9", "Female", "52155", "2016-6-10");
INSERT INTO researcher (researcher_id,first_name,last_name,birthdate,gender,organization_id,datework) VALUES ("80591", "Corey", "Maldonado", "1977-1-17", "Female", "94153", "2020-10-25");
INSERT INTO researcher (researcher_id,first_name,last_name,birthdate,gender,organization_id,datework) VALUES ("65277", "James", "Martinez", "1995-5-17", "Non-Binary", "17398", "2022-7-7");
INSERT INTO researcher (researcher_id,first_name,last_name,birthdate,gender,organization_id,datework) VALUES ("32978", "Drew", "Russell", "1978-1-10", "Non-Binary", "55285", "2019-1-3");
INSERT INTO researcher (researcher_id,first_name,last_name,birthdate,gender,organization_id,datework) VALUES ("99681", "Kimberly", "Mclean", "1999-12-20", "Female", "36499", "2014-8-22");
INSERT INTO researcher (researcher_id,first_name,last_name,birthdate,gender,organization_id,datework) VALUES ("70887", "Rose", "Contreras", "1968-8-28", "Male", "91629", "2011-6-15");
INSERT INTO researcher (researcher_id,first_name,last_name,birthdate,gender,organization_id,datework) VALUES ("80983", "Patricia", "Jackson", "1981-11-20", "Female", "27046", "2018-6-13");
INSERT INTO researcher (researcher_id,first_name,last_name,birthdate,gender,organization_id,datework) VALUES ("49158", "Wendy", "Barker", "1973-1-4", "Non-Binary", "28082", "2020-11-28");
INSERT INTO researcher (researcher_id,first_name,last_name,birthdate,gender,organization_id,datework) VALUES ("40020", "Steven", "Mullins", "1982-3-27", "Male", "41733", "2014-8-25");
INSERT INTO researcher (researcher_id,first_name,last_name,birthdate,gender,organization_id,datework) VALUES ("23575", "Travis", "Morris", "2000-7-8", "Non-Binary", "19079", "2015-11-3");
INSERT INTO researcher (researcher_id,first_name,last_name,birthdate,gender,organization_id,datework) VALUES ("50351", "Yolanda", "Tate", "1973-11-17", "Female", "86334", "2019-3-18");
INSERT INTO researcher (researcher_id,first_name,last_name,birthdate,gender,organization_id,datework) VALUES ("83798", "Scott", "Hughes", "1991-7-11", "Male", "57684", "2015-3-11");
INSERT INTO researcher (researcher_id,first_name,last_name,birthdate,gender,organization_id,datework) VALUES ("17860", "Richard", "Moore", "1966-2-6", "Male", "56491", "2012-9-23");
INSERT INTO researcher (researcher_id,first_name,last_name,birthdate,gender,organization_id,datework) VALUES ("77644", "Jose", "Lopez", "1987-11-1", "Male", "61742", "2011-5-5");
INSERT INTO researcher (researcher_id,first_name,last_name,birthdate,gender,organization_id,datework) VALUES ("67086", "Alexander", "Ellis", "1965-7-1", "Female", "27046", "2022-10-24");
INSERT INTO researcher (researcher_id,first_name,last_name,birthdate,gender,organization_id,datework) VALUES ("82659", "Brandon", "Hines", "1987-8-11", "Male", "83251", "2016-5-5");
INSERT INTO researcher (researcher_id,first_name,last_name,birthdate,gender,organization_id,datework) VALUES ("19315", "Thomas", "Lucas", "1978-3-19", "Male", "78206", "2016-6-7");
INSERT INTO researcher (researcher_id,first_name,last_name,birthdate,gender,organization_id,datework) VALUES ("81758", "Alexis", "Hernandez", "1979-4-3", "Non-Binary", "54659", "2022-7-7");
INSERT INTO researcher (researcher_id,first_name,last_name,birthdate,gender,organization_id,datework) VALUES ("69193", "Lisa", "Orr", "1954-3-26", "Female", "86334", "2013-6-5");
INSERT INTO researcher (researcher_id,first_name,last_name,birthdate,gender,organization_id,datework) VALUES ("56811", "Sheryl", "Wright", "1996-8-26", "Male", "41733", "2021-12-25");
INSERT INTO researcher (researcher_id,first_name,last_name,birthdate,gender,organization_id,datework) VALUES ("25836", "Edward", "Rodriguez", "1958-11-11", "Female", "56491", "2013-8-18");
INSERT INTO researcher (researcher_id,first_name,last_name,birthdate,gender,organization_id,datework) VALUES ("91405", "Daniel", "Peters", "1972-4-18", "Male", "83251", "2016-11-27");
INSERT INTO researcher (researcher_id,first_name,last_name,birthdate,gender,organization_id,datework) VALUES ("53811", "Tamara", "Cooley", "1993-2-5", "Male", "63051", "2016-7-1");
INSERT INTO researcher (researcher_id,first_name,last_name,birthdate,gender,organization_id,datework) VALUES ("69682", "Lori", "Sexton", "1959-5-24", "Female", "32878", "2016-3-23");
INSERT INTO researcher (researcher_id,first_name,last_name,birthdate,gender,organization_id,datework) VALUES ("80267", "Brenda", "Williams", "1971-5-19", "Non-Binary", "86334", "2018-8-2");
INSERT INTO researcher (researcher_id,first_name,last_name,birthdate,gender,organization_id,datework) VALUES ("66853", "John", "Short", "1983-5-3", "Male", "56491", "2022-12-2");
INSERT INTO researcher (researcher_id,first_name,last_name,birthdate,gender,organization_id,datework) VALUES ("80472", "Nathan", "Cook", "1951-1-22", "Non-Binary", "57684", "2016-11-21");
INSERT INTO researcher (researcher_id,first_name,last_name,birthdate,gender,organization_id,datework) VALUES ("93543", "Daniel", "Webb", "1975-7-25", "Female", "85429", "2016-7-26");
INSERT INTO researcher (researcher_id,first_name,last_name,birthdate,gender,organization_id,datework) VALUES ("84849", "Sharon", "Brooks", "1998-2-13", "Non-Binary", "83251", "2020-3-26");
INSERT INTO researcher (researcher_id,first_name,last_name,birthdate,gender,organization_id,datework) VALUES ("30983", "Craig", "Oconnor", "1952-5-25", "Female", "36971", "2018-9-16");
INSERT INTO researcher (researcher_id,first_name,last_name,birthdate,gender,organization_id,datework) VALUES ("13424", "Anna", "Raymond", "1982-6-24", "Non-Binary", "20105", "2012-8-22");
INSERT INTO researcher (researcher_id,first_name,last_name,birthdate,gender,organization_id,datework) VALUES ("30798", "Megan", "Campbell", "1983-12-14", "Female", "28082", "2017-12-27");
INSERT INTO researcher (researcher_id,first_name,last_name,birthdate,gender,organization_id,datework) VALUES ("48361", "Marcus", "Roberts", "1980-4-13", "Female", "19393", "2014-12-14");
INSERT INTO researcher (researcher_id,first_name,last_name,birthdate,gender,organization_id,datework) VALUES ("29348", "Donna", "Phillips", "1972-12-8", "Non-Binary", "41733", "2022-1-23");
INSERT INTO researcher (researcher_id,first_name,last_name,birthdate,gender,organization_id,datework) VALUES ("39737", "Reginald", "Davidson", "1980-7-3", "Male", "91629", "2019-12-22");
INSERT INTO researcher (researcher_id,first_name,last_name,birthdate,gender,organization_id,datework) VALUES ("34639", "Gregory", "Coffey", "1972-9-13", "Male", "78206", "2015-10-27");
INSERT INTO researcher (researcher_id,first_name,last_name,birthdate,gender,organization_id,datework) VALUES ("88000", "Martin", "Gould", "1979-9-27", "Female", "19079", "2012-1-23");
INSERT INTO researcher (researcher_id,first_name,last_name,birthdate,gender,organization_id,datework) VALUES ("56094", "Jocelyn", "Walker", "1995-12-16", "Female", "52155", "2017-6-23");
INSERT INTO researcher (researcher_id,first_name,last_name,birthdate,gender,organization_id,datework) VALUES ("43926", "Donald", "Larsen", "1992-12-22", "Male", "19079", "2022-2-24");
INSERT INTO researcher (researcher_id,first_name,last_name,birthdate,gender,organization_id,datework) VALUES ("25256", "Robert", "Scott", "1970-10-20", "Female", "57684", "2016-11-12");
INSERT INTO researcher (researcher_id,first_name,last_name,birthdate,gender,organization_id,datework) VALUES ("25773", "Kelly", "Koch", "1959-10-6", "Non-Binary", "36971", "2013-4-13");
INSERT INTO researcher (researcher_id,first_name,last_name,birthdate,gender,organization_id,datework) VALUES ("83355", "Shannon", "Wells", "1972-10-12", "Non-Binary", "78157", "2013-11-7");
INSERT INTO researcher (researcher_id,first_name,last_name,birthdate,gender,organization_id,datework) VALUES ("50901", "Steven", "Finley", "1996-11-19", "Female", "94153", "2010-1-26");
INSERT INTO researcher (researcher_id,first_name,last_name,birthdate,gender,organization_id,datework) VALUES ("76998", "Christopher", "Mitchell", "1988-3-18", "Non-Binary", "85429", "2018-8-4");
INSERT INTO researcher (researcher_id,first_name,last_name,birthdate,gender,organization_id,datework) VALUES ("86524", "Valerie", "Aguilar", "1958-5-8", "Female", "91629", "2019-12-9");
INSERT INTO researcher (researcher_id,first_name,last_name,birthdate,gender,organization_id,datework) VALUES ("59873", "Kyle", "Ray", "1979-10-14", "Male", "19393", "2013-4-4");
INSERT INTO researcher (researcher_id,first_name,last_name,birthdate,gender,organization_id,datework) VALUES ("38290", "Janet", "Fernandez", "2000-4-12", "Male", "28082", "2013-7-3");
INSERT INTO researcher (researcher_id,first_name,last_name,birthdate,gender,organization_id,datework) VALUES ("14775", "Daniel", "Moore", "1952-3-5", "Male", "19079", "2012-5-17");
INSERT INTO researcher (researcher_id,first_name,last_name,birthdate,gender,organization_id,datework) VALUES ("13288", "Edward", "May", "2000-5-11", "Non-Binary", "57684", "2022-4-5");
INSERT INTO researcher (researcher_id,first_name,last_name,birthdate,gender,organization_id,datework) VALUES ("42103", "Douglas", "Martinez", "1979-9-24", "Female", "91678", "2021-6-25");
INSERT INTO researcher (researcher_id,first_name,last_name,birthdate,gender,organization_id,datework) VALUES ("65830", "Marissa", "Wilson", "1972-6-15", "Female", "63051", "2012-11-14");
INSERT INTO researcher (researcher_id,first_name,last_name,birthdate,gender,organization_id,datework) VALUES ("14281", "Mary", "Parsons", "1967-10-17", "Female", "54659", "2019-12-3");
INSERT INTO researcher (researcher_id,first_name,last_name,birthdate,gender,organization_id,datework) VALUES ("89412", "Laura", "Little", "1994-10-12", "Non-Binary", "63051", "2016-8-8");
INSERT INTO researcher (researcher_id,first_name,last_name,birthdate,gender,organization_id,datework) VALUES ("21036", "Suzanne", "Jones", "1960-11-26", "Female", "28082", "2012-10-28");
INSERT INTO researcher (researcher_id,first_name,last_name,birthdate,gender,organization_id,datework) VALUES ("42090", "Antonio", "Young", "1997-4-15", "Male", "54659", "2015-5-6");
INSERT INTO researcher (researcher_id,first_name,last_name,birthdate,gender,organization_id,datework) VALUES ("42243", "Kelly", "Dillon", "1958-4-7", "Female", "36499", "2012-8-5");
INSERT INTO researcher (researcher_id,first_name,last_name,birthdate,gender,organization_id,datework) VALUES ("67296", "Lynn", "Buckley", "1992-9-12", "Female", "32878", "2015-4-26");
INSERT INTO researcher (researcher_id,first_name,last_name,birthdate,gender,organization_id,datework) VALUES ("23457", "Margaret", "Matthews", "1958-9-26", "Male", "91629", "2010-7-23");
INSERT INTO researcher (researcher_id,first_name,last_name,birthdate,gender,organization_id,datework) VALUES ("24472", "Timothy", "Green", "1997-7-13", "Male", "73540", "2015-3-1");
INSERT INTO researcher (researcher_id,first_name,last_name,birthdate,gender,organization_id,datework) VALUES ("45215", "Kerri", "Trujillo", "1995-4-17", "Female", "73540", "2015-11-3");
INSERT INTO researcher (researcher_id,first_name,last_name,birthdate,gender,organization_id,datework) VALUES ("87481", "Molly", "Singleton", "1975-4-12", "Male", "78157", "2017-8-3");
INSERT INTO researcher (researcher_id,first_name,last_name,birthdate,gender,organization_id,datework) VALUES ("26373", "Amy", "Collins", "1985-8-8", "Female", "27046", "2011-6-26");
INSERT INTO researcher (researcher_id,first_name,last_name,birthdate,gender,organization_id,datework) VALUES ("70971", "Miranda", "Parker", "1973-7-10", "Female", "78157", "2010-7-20");
INSERT INTO researcher (researcher_id,first_name,last_name,birthdate,gender,organization_id,datework) VALUES ("20459", "David", "Harris", "1978-11-3", "Non-Binary", "83251", "2020-1-27");
INSERT INTO researcher (researcher_id,first_name,last_name,birthdate,gender,organization_id,datework) VALUES ("47180", "Roger", "Lopez", "1979-4-21", "Female", "28082", "2012-9-24");
INSERT INTO researcher (researcher_id,first_name,last_name,birthdate,gender,organization_id,datework) VALUES ("61735", "Emily", "Rivera", "1953-12-20", "Non-Binary", "52155", "2013-1-5");
INSERT INTO researcher (researcher_id,first_name,last_name,birthdate,gender,organization_id,datework) VALUES ("76702", "Kyle", "Hendricks", "1977-10-25", "Female", "32878", "2016-1-19");
INSERT INTO researcher (researcher_id,first_name,last_name,birthdate,gender,organization_id,datework) VALUES ("63938", "Kenneth", "Estes", "1952-10-22", "Male", "56491", "2020-11-7");
INSERT INTO researcher (researcher_id,first_name,last_name,birthdate,gender,organization_id,datework) VALUES ("30230", "Madison", "Guerrero", "1987-6-10", "Male", "78157", "2012-3-16");
INSERT INTO researcher (researcher_id,first_name,last_name,birthdate,gender,organization_id,datework) VALUES ("76452", "Heather", "Turner", "1971-9-15", "Non-Binary", "78157", "2022-5-26");
INSERT INTO researcher (researcher_id,first_name,last_name,birthdate,gender,organization_id,datework) VALUES ("20592", "April", "Hayes", "1965-1-12", "Male", "63051", "2022-5-17");
INSERT INTO researcher (researcher_id,first_name,last_name,birthdate,gender,organization_id,datework) VALUES ("50968", "Martin", "Allen", "1956-2-20", "Female", "57684", "2013-5-21");
INSERT INTO researcher (researcher_id,first_name,last_name,birthdate,gender,organization_id,datework) VALUES ("45365", "Debra", "Gonzales", "1990-12-11", "Male", "19393", "2015-11-17");
INSERT INTO researcher (researcher_id,first_name,last_name,birthdate,gender,organization_id,datework) VALUES ("61190", "Julia", "Fernandez", "1996-6-24", "Male", "33784", "2019-12-6");
INSERT INTO researcher (researcher_id,first_name,last_name,birthdate,gender,organization_id,datework) VALUES ("36250", "Alison", "Nicholson", "1952-12-24", "Non-Binary", "20105", "2010-5-19");
INSERT INTO researcher (researcher_id,first_name,last_name,birthdate,gender,organization_id,datework) VALUES ("11011", "David", "Delacruz", "1997-1-4", "Male", "91678", "2013-5-21");
INSERT INTO researcher (researcher_id,first_name,last_name,birthdate,gender,organization_id,datework) VALUES ("30214", "Emily", "Jenkins", "1985-11-8", "Male", "33784", "2021-1-24");
INSERT INTO researcher (researcher_id,first_name,last_name,birthdate,gender,organization_id,datework) VALUES ("53381", "Shannon", "Garner", "1996-4-16", "Non-Binary", "58297", "2020-12-24");
INSERT INTO researcher (researcher_id,first_name,last_name,birthdate,gender,organization_id,datework) VALUES ("84030", "Summer", "Klein", "1968-10-12", "Male", "36971", "2019-8-15");
INSERT INTO researcher (researcher_id,first_name,last_name,birthdate,gender,organization_id,datework) VALUES ("74848", "Kevin", "Patrick", "1982-8-1", "Non-Binary", "17398", "2011-1-4");
INSERT INTO researcher (researcher_id,first_name,last_name,birthdate,gender,organization_id,datework) VALUES ("71423", "Brandi", "Anderson", "1972-6-16", "Non-Binary", "17398", "2015-12-27");
INSERT INTO researcher (researcher_id,first_name,last_name,birthdate,gender,organization_id,datework) VALUES ("11050", "Heather", "Perry", "2000-11-16", "Non-Binary", "61742", "2011-1-28");
INSERT INTO researcher (researcher_id,first_name,last_name,birthdate,gender,organization_id,datework) VALUES ("33363", "Heather", "Hill", "1963-3-20", "Male", "91629", "2017-6-15");
INSERT INTO researcher (researcher_id,first_name,last_name,birthdate,gender,organization_id,datework) VALUES ("59686", "Jessica", "Walters", "1990-6-27", "Female", "32878", "2017-4-25");
INSERT INTO researcher (researcher_id,first_name,last_name,birthdate,gender,organization_id,datework) VALUES ("86878", "Victoria", "Cox", "1955-2-6", "Male", "56491", "2017-7-5");
INSERT INTO researcher (researcher_id,first_name,last_name,birthdate,gender,organization_id,datework) VALUES ("92070", "Jonathan", "Holmes", "1973-8-12", "Non-Binary", "94153", "2015-3-16");
INSERT INTO researcher (researcher_id,first_name,last_name,birthdate,gender,organization_id,datework) VALUES ("80602", "Spencer", "Livingston", "1950-12-24", "Non-Binary", "56491", "2021-7-15");
INSERT INTO researcher (researcher_id,first_name,last_name,birthdate,gender,organization_id,datework) VALUES ("64903", "Richard", "Wu", "1974-9-24", "Male", "55285", "2013-9-4");
INSERT INTO researcher (researcher_id,first_name,last_name,birthdate,gender,organization_id,datework) VALUES ("63088", "Elizabeth", "Stevenson", "1977-2-2", "Female", "36971", "2016-3-4");
INSERT INTO researcher (researcher_id,first_name,last_name,birthdate,gender,organization_id,datework) VALUES ("27373", "Sandra", "Adams", "1976-11-1", "Female", "83251", "2017-3-27");
INSERT INTO researcher (researcher_id,first_name,last_name,birthdate,gender,organization_id,datework) VALUES ("58160", "Timothy", "Daniels", "1974-8-10", "Non-Binary", "27046", "2019-10-3");
INSERT INTO researcher (researcher_id,first_name,last_name,birthdate,gender,organization_id,datework) VALUES ("77903", "John", "Williams", "1965-1-20", "Male", "78206", "2012-3-10");
INSERT INTO researcher (researcher_id,first_name,last_name,birthdate,gender,organization_id,datework) VALUES ("36061", "Meagan", "Anderson", "1981-5-28", "Male", "36971", "2011-7-10");
INSERT INTO researcher (researcher_id,first_name,last_name,birthdate,gender,organization_id,datework) VALUES ("97436", "Brandon", "Hicks", "1997-5-7", "Female", "52155", "2018-3-15");
INSERT INTO researcher (researcher_id,first_name,last_name,birthdate,gender,organization_id,datework) VALUES ("89024", "Dawn", "Levy", "1976-5-26", "Non-Binary", "36499", "2013-8-26");
INSERT INTO researcher (researcher_id,first_name,last_name,birthdate,gender,organization_id,datework) VALUES ("23928", "Randy", "Hunt", "1990-8-12", "Non-Binary", "61742", "2011-5-18");
INSERT INTO researcher (researcher_id,first_name,last_name,birthdate,gender,organization_id,datework) VALUES ("66954", "Christina", "Moore", "2000-4-5", "Non-Binary", "63051", "2014-2-13");
INSERT INTO researcher (researcher_id,first_name,last_name,birthdate,gender,organization_id,datework) VALUES ("92442", "Anna", "Mcclain", "1970-1-2", "Non-Binary", "94153", "2017-5-27");
INSERT INTO researcher (researcher_id,first_name,last_name,birthdate,gender,organization_id,datework) VALUES ("82340", "Chad", "Glass", "1964-11-23", "Female", "78206", "2018-9-5");
INSERT INTO researcher (researcher_id,first_name,last_name,birthdate,gender,organization_id,datework) VALUES ("91559", "Steve", "Michael", "1958-9-4", "Male", "63051", "2021-10-6");
INSERT INTO researcher (researcher_id,first_name,last_name,birthdate,gender,organization_id,datework) VALUES ("57160", "Elizabeth", "Fisher", "1964-9-26", "Non-Binary", "91629", "2015-3-7");
INSERT INTO researcher (researcher_id,first_name,last_name,birthdate,gender,organization_id,datework) VALUES ("52513", "Kathy", "Buchanan", "1960-5-25", "Female", "36499", "2021-1-27");
INSERT INTO researcher (researcher_id,first_name,last_name,birthdate,gender,organization_id,datework) VALUES ("57139", "Brian", "Collins", "1987-9-22", "Non-Binary", "19393", "2017-4-5");
INSERT INTO researcher (researcher_id,first_name,last_name,birthdate,gender,organization_id,datework) VALUES ("79346", "Andrea", "Estrada", "1979-5-17", "Female", "27046", "2015-8-12");
INSERT INTO researcher (researcher_id,first_name,last_name,birthdate,gender,organization_id,datework) VALUES ("13547", "Kyle", "Jackson", "1968-3-22", "Female", "56491", "2020-5-18");
INSERT INTO researcher (researcher_id,first_name,last_name,birthdate,gender,organization_id,datework) VALUES ("20598", "Travis", "Thomas", "1977-8-3", "Female", "54659", "2016-9-1");
INSERT INTO researcher (researcher_id,first_name,last_name,birthdate,gender,organization_id,datework) VALUES ("53649", "Michelle", "Fernandez", "1973-11-4", "Non-Binary", "83251", "2020-7-15");
INSERT INTO researcher (researcher_id,first_name,last_name,birthdate,gender,organization_id,datework) VALUES ("20334", "Clinton", "Gonzales", "1990-11-20", "Male", "78206", "2018-1-20");
INSERT INTO researcher (researcher_id,first_name,last_name,birthdate,gender,organization_id,datework) VALUES ("65873", "Theresa", "Mitchell", "1984-6-21", "Non-Binary", "73540", "2011-2-18");
INSERT INTO researcher (researcher_id,first_name,last_name,birthdate,gender,organization_id,datework) VALUES ("90687", "Christopher", "Frey", "1968-10-12", "Female", "36971", "2012-1-3");
INSERT INTO researcher (researcher_id,first_name,last_name,birthdate,gender,organization_id,datework) VALUES ("83836", "Michael", "Collins", "1967-12-7", "Non-Binary", "91678", "2022-1-22");
INSERT INTO researcher (researcher_id,first_name,last_name,birthdate,gender,organization_id,datework) VALUES ("14461", "Susan", "Robinson", "1986-6-28", "Male", "19393", "2011-8-20");
INSERT INTO researcher (researcher_id,first_name,last_name,birthdate,gender,organization_id,datework) VALUES ("23890", "Damon", "Scott", "1961-8-24", "Male", "48721", "2021-7-28");
INSERT INTO researcher (researcher_id,first_name,last_name,birthdate,gender,organization_id,datework) VALUES ("34541", "Diana", "Montgomery", "1969-6-7", "Non-Binary", "58297", "2020-3-7");
INSERT INTO researcher (researcher_id,first_name,last_name,birthdate,gender,organization_id,datework) VALUES ("35088", "Michael", "Wise", "1985-8-7", "Female", "73540", "2015-2-11");
INSERT INTO researcher (researcher_id,first_name,last_name,birthdate,gender,organization_id,datework) VALUES ("12370", "Austin", "Robertson", "1950-3-3", "Male", "86334", "2019-12-23");
INSERT INTO researcher (researcher_id,first_name,last_name,birthdate,gender,organization_id,datework) VALUES ("68862", "Glenn", "Lamb", "1952-5-23", "Male", "48721", "2016-8-1");
INSERT INTO researcher (researcher_id,first_name,last_name,birthdate,gender,organization_id,datework) VALUES ("30225", "Elizabeth", "Armstrong", "1968-11-5", "Female", "48721", "2010-2-16");
INSERT INTO researcher (researcher_id,first_name,last_name,birthdate,gender,organization_id,datework) VALUES ("92679", "Julie", "Wright", "1995-10-16", "Female", "83251", "2015-5-5");
INSERT INTO researcher (researcher_id,first_name,last_name,birthdate,gender,organization_id,datework) VALUES ("15220", "Paul", "Cortez", "1998-7-21", "Female", "27046", "2013-8-3");
INSERT INTO researcher (researcher_id,first_name,last_name,birthdate,gender,organization_id,datework) VALUES ("24650", "Joseph", "Ruiz", "1950-11-22", "Female", "28082", "2019-5-22");
INSERT INTO researcher (researcher_id,first_name,last_name,birthdate,gender,organization_id,datework) VALUES ("19266", "Joseph", "Lopez", "1993-5-1", "Female", "63051", "2022-6-1");
INSERT INTO researcher (researcher_id,first_name,last_name,birthdate,gender,organization_id,datework) VALUES ("57739", "Troy", "Walker", "1963-5-18", "Male", "86334", "2013-12-26");
INSERT INTO researcher (researcher_id,first_name,last_name,birthdate,gender,organization_id,datework) VALUES ("95147", "Amber", "White", "1999-6-16", "Non-Binary", "19393", "2022-2-13");
INSERT INTO researcher (researcher_id,first_name,last_name,birthdate,gender,organization_id,datework) VALUES ("72189", "Brenda", "Joseph", "1967-2-23", "Female", "73540", "2013-3-28");
INSERT INTO researcher (researcher_id,first_name,last_name,birthdate,gender,organization_id,datework) VALUES ("29369", "Robin", "Brown", "1992-1-6", "Non-Binary", "85429", "2011-9-11");
INSERT INTO researcher (researcher_id,first_name,last_name,birthdate,gender,organization_id,datework) VALUES ("44273", "Angela", "Coleman", "1979-2-2", "Male", "54659", "2021-2-24");
INSERT INTO researcher (researcher_id,first_name,last_name,birthdate,gender,organization_id,datework) VALUES ("88636", "Gregory", "Palmer", "1958-8-28", "Female", "57684", "2019-10-22");
INSERT INTO researcher (researcher_id,first_name,last_name,birthdate,gender,organization_id,datework) VALUES ("20117", "Jacob", "Perez", "1998-2-23", "Male", "41733", "2021-3-13");
INSERT INTO researcher (researcher_id,first_name,last_name,birthdate,gender,organization_id,datework) VALUES ("22284", "Steven", "Holden", "1962-2-9", "Female", "78157", "2018-11-9");
INSERT INTO researcher (researcher_id,first_name,last_name,birthdate,gender,organization_id,datework) VALUES ("97482", "Dakota", "Gonzalez", "1965-4-23", "Female", "86334", "2021-6-18");
INSERT INTO researcher (researcher_id,first_name,last_name,birthdate,gender,organization_id,datework) VALUES ("31003", "William", "Obrien", "1992-6-26", "Male", "61742", "2017-4-15");
INSERT INTO researcher (researcher_id,first_name,last_name,birthdate,gender,organization_id,datework) VALUES ("30892", "Mary", "Rocha", "1982-1-18", "Non-Binary", "28082", "2020-8-13");
INSERT INTO researcher (researcher_id,first_name,last_name,birthdate,gender,organization_id,datework) VALUES ("95507", "Margaret", "Crane", "1979-4-23", "Male", "36499", "2022-5-23");
INSERT INTO researcher (researcher_id,first_name,last_name,birthdate,gender,organization_id,datework) VALUES ("15746", "Marvin", "Acosta", "1953-12-28", "Non-Binary", "91629", "2019-7-15");
INSERT INTO researcher (researcher_id,first_name,last_name,birthdate,gender,organization_id,datework) VALUES ("39395", "Alfred", "Price", "1963-2-27", "Female", "55285", "2018-11-26");
INSERT INTO researcher (researcher_id,first_name,last_name,birthdate,gender,organization_id,datework) VALUES ("10045", "Shaun", "Hayden", "1956-4-19", "Non-Binary", "20105", "2013-10-6");
INSERT INTO researcher (researcher_id,first_name,last_name,birthdate,gender,organization_id,datework) VALUES ("51439", "Andrea", "Chang", "1959-11-15", "Female", "78206", "2016-7-3");
INSERT INTO researcher (researcher_id,first_name,last_name,birthdate,gender,organization_id,datework) VALUES ("38612", "Joseph", "Howell", "1957-7-18", "Male", "91678", "2017-1-27");
INSERT INTO researcher (researcher_id,first_name,last_name,birthdate,gender,organization_id,datework) VALUES ("24998", "Crystal", "Santana", "1969-7-3", "Non-Binary", "78157", "2016-4-10");
INSERT INTO researcher (researcher_id,first_name,last_name,birthdate,gender,organization_id,datework) VALUES ("62161", "Deborah", "Castillo", "1959-10-8", "Non-Binary", "56491", "2019-11-3");
INSERT INTO researcher (researcher_id,first_name,last_name,birthdate,gender,organization_id,datework) VALUES ("84899", "Christopher", "Welch", "1971-11-2", "Male", "19079", "2019-10-7");
INSERT INTO researcher (researcher_id,first_name,last_name,birthdate,gender,organization_id,datework) VALUES ("33384", "Amy", "Bentley", "1989-8-24", "Non-Binary", "32878", "2014-2-15");
INSERT INTO researcher (researcher_id,first_name,last_name,birthdate,gender,organization_id,datework) VALUES ("72064", "James", "Curry", "1980-9-19", "Female", "83251", "2020-7-8");
INSERT INTO researcher (researcher_id,first_name,last_name,birthdate,gender,organization_id,datework) VALUES ("19930", "Katherine", "Mclaughlin", "1983-2-8", "Female", "36971", "2017-10-25");
INSERT INTO researcher (researcher_id,first_name,last_name,birthdate,gender,organization_id,datework) VALUES ("91293", "Patricia", "Fitzgerald", "1995-4-21", "Male", "28082", "2017-2-20");
INSERT INTO researcher (researcher_id,first_name,last_name,birthdate,gender,organization_id,datework) VALUES ("28113", "Marc", "Neal", "1956-4-22", "Female", "83251", "2018-5-9");
INSERT INTO researcher (researcher_id,first_name,last_name,birthdate,gender,organization_id,datework) VALUES ("32884", "Phyllis", "Price", "1968-6-7", "Female", "86334", "2010-7-11");
INSERT INTO researcher (researcher_id,first_name,last_name,birthdate,gender,organization_id,datework) VALUES ("22570", "Vanessa", "Bruce", "1970-10-25", "Male", "94153", "2020-12-20");
INSERT INTO researcher (researcher_id,first_name,last_name,birthdate,gender,organization_id,datework) VALUES ("66757", "Tammy", "Cantrell", "1954-1-12", "Female", "41733", "2017-5-26");
INSERT INTO researcher (researcher_id,first_name,last_name,birthdate,gender,organization_id,datework) VALUES ("77982", "Jennifer", "Pena", "1956-7-7", "Male", "78206", "2016-2-24");
INSERT INTO researcher (researcher_id,first_name,last_name,birthdate,gender,organization_id,datework) VALUES ("89957", "Robin", "Walker", "1952-3-22", "Female", "57684", "2016-10-25");
INSERT INTO researcher (researcher_id,first_name,last_name,birthdate,gender,organization_id,datework) VALUES ("71857", "Shaun", "Ramirez", "1967-12-16", "Female", "48721", "2015-3-25");
INSERT INTO researcher (researcher_id,first_name,last_name,birthdate,gender,organization_id,datework) VALUES ("37379", "Pamela", "Mendoza", "1975-4-11", "Non-Binary", "41733", "2021-3-5");
INSERT INTO researcher (researcher_id,first_name,last_name,birthdate,gender,organization_id,datework) VALUES ("71341", "Timothy", "Smith", "1955-12-15", "Male", "78157", "2020-6-12");
INSERT INTO researcher (researcher_id,first_name,last_name,birthdate,gender,organization_id,datework) VALUES ("61866", "William", "Todd", "1956-4-19", "Non-Binary", "41733", "2013-12-24");
INSERT INTO researcher (researcher_id,first_name,last_name,birthdate,gender,organization_id,datework) VALUES ("12691", "Olivia", "Mcgrath", "1988-8-19", "Male", "94153", "2012-6-24");
INSERT INTO researcher (researcher_id,first_name,last_name,birthdate,gender,organization_id,datework) VALUES ("44452", "Gary", "Murray", "1952-9-7", "Male", "83251", "2019-7-10");
INSERT INTO researcher (researcher_id,first_name,last_name,birthdate,gender,organization_id,datework) VALUES ("20610", "William", "Ortiz", "1968-2-14", "Female", "20105", "2022-1-11");
INSERT INTO researcher (researcher_id,first_name,last_name,birthdate,gender,organization_id,datework) VALUES ("56817", "Christina", "Johnson", "1997-9-2", "Non-Binary", "19393", "2012-12-23");
INSERT INTO researcher (researcher_id,first_name,last_name,birthdate,gender,organization_id,datework) VALUES ("23275", "Manuel", "Richardson", "1981-4-18", "Female", "57684", "2010-3-24");
INSERT INTO researcher (researcher_id,first_name,last_name,birthdate,gender,organization_id,datework) VALUES ("71303", "Amber", "Larsen", "1978-5-27", "Non-Binary", "91678", "2014-10-7");
INSERT INTO researcher (researcher_id,first_name,last_name,birthdate,gender,organization_id,datework) VALUES ("35443", "Barry", "Curry", "1976-4-14", "Male", "61742", "2015-6-9");
INSERT INTO researcher (researcher_id,first_name,last_name,birthdate,gender,organization_id,datework) VALUES ("33357", "Michael", "Ruiz", "1971-8-4", "Non-Binary", "91678", "2013-2-19");
INSERT INTO researcher (researcher_id,first_name,last_name,birthdate,gender,organization_id,datework) VALUES ("29966", "Craig", "Mitchell", "1982-11-13", "Male", "91629", "2020-12-10");
INSERT INTO researcher (researcher_id,first_name,last_name,birthdate,gender,organization_id,datework) VALUES ("34881", "Mary", "Weaver", "1993-6-1", "Male", "63051", "2019-7-27");
INSERT INTO researcher (researcher_id,first_name,last_name,birthdate,gender,organization_id,datework) VALUES ("18687", "Ashlee", "Lynch", "1953-10-20", "Non-Binary", "78157", "2010-1-10");
INSERT INTO researcher (researcher_id,first_name,last_name,birthdate,gender,organization_id,datework) VALUES ("39472", "Jennifer", "Obrien", "1992-2-5", "Male", "19393", "2014-8-16");
INSERT INTO researcher (researcher_id,first_name,last_name,birthdate,gender,organization_id,datework) VALUES ("49300", "Ashley", "Williams", "1975-7-11", "Female", "33784", "2014-3-10");
INSERT INTO researcher (researcher_id,first_name,last_name,birthdate,gender,organization_id,datework) VALUES ("23802", "Erica", "York", "1962-2-28", "Non-Binary", "36499", "2012-9-22");
INSERT INTO researcher (researcher_id,first_name,last_name,birthdate,gender,organization_id,datework) VALUES ("26100", "Marie", "Howell", "1965-5-23", "Male", "83251", "2020-11-28");
INSERT INTO researcher (researcher_id,first_name,last_name,birthdate,gender,organization_id,datework) VALUES ("73403", "Kelly", "Lutz", "1977-9-5", "Non-Binary", "20105", "2018-6-2");
INSERT INTO researcher (researcher_id,first_name,last_name,birthdate,gender,organization_id,datework) VALUES ("28482", "Charles", "Zuniga", "1972-4-21", "Non-Binary", "33784", "2018-6-14");
INSERT INTO researcher (researcher_id,first_name,last_name,birthdate,gender,organization_id,datework) VALUES ("87955", "Justin", "Martin", "1963-11-3", "Male", "86334", "2016-5-26");
INSERT INTO researcher (researcher_id,first_name,last_name,birthdate,gender,organization_id,datework) VALUES ("87918", "Morgan", "Young", "1996-7-21", "Male", "55285", "2018-7-28");
INSERT INTO researcher (researcher_id,first_name,last_name,birthdate,gender,organization_id,datework) VALUES ("26599", "Stacey", "Jacobson", "1952-12-6", "Female", "52155", "2013-4-8");
INSERT INTO researcher (researcher_id,first_name,last_name,birthdate,gender,organization_id,datework) VALUES ("96554", "Erica", "Phillips", "1983-9-9", "Male", "28082", "2021-8-17");
INSERT INTO researcher (researcher_id,first_name,last_name,birthdate,gender,organization_id,datework) VALUES ("62127", "Terri", "Powers", "1986-11-15", "Female", "63051", "2014-4-26");
INSERT INTO researcher (researcher_id,first_name,last_name,birthdate,gender,organization_id,datework) VALUES ("64635", "Carrie", "Gonzalez", "1983-10-21", "Female", "52155", "2019-7-11");
INSERT INTO researcher (researcher_id,first_name,last_name,birthdate,gender,organization_id,datework) VALUES ("74730", "Christopher", "Nunez", "1999-10-16", "Male", "85429", "2012-6-10");
INSERT INTO researcher (researcher_id,first_name,last_name,birthdate,gender,organization_id,datework) VALUES ("96806", "Elizabeth", "Gomez", "1959-11-14", "Non-Binary", "73540", "2018-10-5");
INSERT INTO researcher (researcher_id,first_name,last_name,birthdate,gender,organization_id,datework) VALUES ("29091", "Jennifer", "Smith", "1968-2-1", "Female", "19393", "2017-12-12");
INSERT INTO researcher (researcher_id,first_name,last_name,birthdate,gender,organization_id,datework) VALUES ("39075", "Kevin", "Schmidt", "1970-12-17", "Male", "41733", "2018-10-12");
INSERT INTO researcher (researcher_id,first_name,last_name,birthdate,gender,organization_id,datework) VALUES ("92785", "Jane", "Miller", "1971-7-10", "Non-Binary", "58297", "2019-8-8");
INSERT INTO researcher (researcher_id,first_name,last_name,birthdate,gender,organization_id,datework) VALUES ("44641", "Morgan", "Wheeler", "1960-4-15", "Male", "36499", "2021-8-27");
INSERT INTO researcher (researcher_id,first_name,last_name,birthdate,gender,organization_id,datework) VALUES ("52490", "Lisa", "Rivera", "1953-10-5", "Non-Binary", "85429", "2015-10-12");
INSERT INTO researcher (researcher_id,first_name,last_name,birthdate,gender,organization_id,datework) VALUES ("48289", "Julie", "Martin", "1993-8-7", "Non-Binary", "61742", "2020-3-6");
INSERT INTO researcher (researcher_id,first_name,last_name,birthdate,gender,organization_id,datework) VALUES ("54895", "Wendy", "Smith", "1963-11-26", "Female", "19393", "2016-11-14");
INSERT INTO researcher (researcher_id,first_name,last_name,birthdate,gender,organization_id,datework) VALUES ("72139", "Desiree", "Henderson", "1973-4-25", "Non-Binary", "55285", "2020-4-3");
INSERT INTO researcher (researcher_id,first_name,last_name,birthdate,gender,organization_id,datework) VALUES ("90987", "Amy", "Luna", "1952-5-12", "Non-Binary", "91629", "2022-8-27");
INSERT INTO researcher (researcher_id,first_name,last_name,birthdate,gender,organization_id,datework) VALUES ("24551", "Stephanie", "Gonzales", "1987-2-15", "Female", "19079", "2014-12-22");
INSERT INTO researcher (researcher_id,first_name,last_name,birthdate,gender,organization_id,datework) VALUES ("51476", "Wendy", "Simmons", "1970-8-23", "Female", "19393", "2022-11-7");
INSERT INTO researcher (researcher_id,first_name,last_name,birthdate,gender,organization_id,datework) VALUES ("37854", "Michelle", "Carter", "1975-6-11", "Non-Binary", "28082", "2021-11-2");
INSERT INTO researcher (researcher_id,first_name,last_name,birthdate,gender,organization_id,datework) VALUES ("10362", "Larry", "Branch", "1975-10-17", "Male", "83251", "2021-2-16");
INSERT INTO researcher (researcher_id,first_name,last_name,birthdate,gender,organization_id,datework) VALUES ("21626", "Kayla", "Chandler", "1995-2-22", "Male", "91678", "2022-4-3");
INSERT INTO researcher (researcher_id,first_name,last_name,birthdate,gender,organization_id,datework) VALUES ("72882", "Patricia", "Bryant", "1961-4-15", "Female", "54659", "2016-4-16");
INSERT INTO researcher (researcher_id,first_name,last_name,birthdate,gender,organization_id,datework) VALUES ("26527", "Andrew", "Webb", "1986-3-7", "Female", "20105", "2011-7-16");
INSERT INTO researcher (researcher_id,first_name,last_name,birthdate,gender,organization_id,datework) VALUES ("21465", "Walter", "Jones", "1977-5-9", "Male", "55285", "2015-8-17");
INSERT INTO researcher (researcher_id,first_name,last_name,birthdate,gender,organization_id,datework) VALUES ("99082", "Thomas", "Smith", "1969-9-25", "Female", "91629", "2010-10-23");
INSERT INTO researcher (researcher_id,first_name,last_name,birthdate,gender,organization_id,datework) VALUES ("23731", "Erin", "Chen", "1971-8-19", "Male", "63051", "2019-9-9");
INSERT INTO researcher (researcher_id,first_name,last_name,birthdate,gender,organization_id,datework) VALUES ("28174", "Nathan", "Santos", "1999-4-13", "Non-Binary", "73540", "2019-10-26");
INSERT INTO researcher (researcher_id,first_name,last_name,birthdate,gender,organization_id,datework) VALUES ("68417", "Toni", "Sanchez", "1989-9-17", "Male", "63051", "2017-7-18");
INSERT INTO researcher (researcher_id,first_name,last_name,birthdate,gender,organization_id,datework) VALUES ("46443", "Rachel", "Garcia", "1991-1-14", "Male", "33784", "2019-8-11");
INSERT INTO researcher (researcher_id,first_name,last_name,birthdate,gender,organization_id,datework) VALUES ("53934", "Charles", "Scott", "2000-1-22", "Male", "54659", "2016-9-8");
INSERT INTO researcher (researcher_id,first_name,last_name,birthdate,gender,organization_id,datework) VALUES ("29470", "Kristin", "Ortega", "1970-10-3", "Non-Binary", "17398", "2022-9-18");
INSERT INTO researcher (researcher_id,first_name,last_name,birthdate,gender,organization_id,datework) VALUES ("74671", "Michael", "Sharp", "1966-8-21", "Female", "85429", "2014-9-18");
INSERT INTO researcher (researcher_id,first_name,last_name,birthdate,gender,organization_id,datework) VALUES ("60961", "Benjamin", "Carlson", "1967-11-27", "Non-Binary", "32878", "2021-10-13");
INSERT INTO researcher (researcher_id,first_name,last_name,birthdate,gender,organization_id,datework) VALUES ("25821", "Ashley", "Cooper", "1977-4-7", "Male", "54659", "2013-10-3");
INSERT INTO researcher (researcher_id,first_name,last_name,birthdate,gender,organization_id,datework) VALUES ("38907", "Holly", "Dennis", "1963-8-2", "Female", "27046", "2017-4-10");
INSERT INTO researcher (researcher_id,first_name,last_name,birthdate,gender,organization_id,datework) VALUES ("69162", "Randy", "Ward", "1971-6-19", "Female", "94153", "2013-8-21");
INSERT INTO researcher (researcher_id,first_name,last_name,birthdate,gender,organization_id,datework) VALUES ("28435", "Kevin", "Washington", "1990-4-18", "Female", "63051", "2013-2-12");
INSERT INTO researcher (researcher_id,first_name,last_name,birthdate,gender,organization_id,datework) VALUES ("89465", "David", "Dunn", "1991-7-3", "Non-Binary", "86334", "2010-6-21");
INSERT INTO researcher (researcher_id,first_name,last_name,birthdate,gender,organization_id,datework) VALUES ("94730", "John", "Shepard", "1990-7-24", "Male", "73540", "2013-3-4");
INSERT INTO researcher (researcher_id,first_name,last_name,birthdate,gender,organization_id,datework) VALUES ("19952", "Christine", "Saunders", "1957-5-5", "Female", "83251", "2022-3-15");
INSERT INTO researcher (researcher_id,first_name,last_name,birthdate,gender,organization_id,datework) VALUES ("81519", "Raymond", "Cameron", "1990-10-16", "Non-Binary", "78157", "2022-1-15");
INSERT INTO researcher (researcher_id,first_name,last_name,birthdate,gender,organization_id,datework) VALUES ("85903", "Michael", "Li", "1975-7-10", "Female", "83251", "2012-1-12");
INSERT INTO researcher (researcher_id,first_name,last_name,birthdate,gender,organization_id,datework) VALUES ("92112", "Richard", "White", "1987-7-17", "Male", "36971", "2016-6-21");
INSERT INTO researcher (researcher_id,first_name,last_name,birthdate,gender,organization_id,datework) VALUES ("79556", "Carlos", "Murray", "1994-3-9", "Female", "78206", "2017-12-8");
INSERT INTO researcher (researcher_id,first_name,last_name,birthdate,gender,organization_id,datework) VALUES ("78243", "Patricia", "Griffith", "1973-8-24", "Female", "28082", "2017-11-18");
INSERT INTO researcher (researcher_id,first_name,last_name,birthdate,gender,organization_id,datework) VALUES ("38124", "Darrell", "Banks", "1961-7-21", "Male", "36499", "2010-3-10");
INSERT INTO researcher (researcher_id,first_name,last_name,birthdate,gender,organization_id,datework) VALUES ("83707", "Amber", "Wall", "1972-5-2", "Male", "73540", "2011-5-9");
INSERT INTO researcher (researcher_id,first_name,last_name,birthdate,gender,organization_id,datework) VALUES ("46776", "Brenda", "Warren", "1992-12-26", "Male", "94153", "2019-10-10");
INSERT INTO researcher (researcher_id,first_name,last_name,birthdate,gender,organization_id,datework) VALUES ("53072", "Jeremy", "Boyd", "1977-12-6", "Non-Binary", "83251", "2016-6-6");
INSERT INTO researcher (researcher_id,first_name,last_name,birthdate,gender,organization_id,datework) VALUES ("99262", "Michael", "Bailey", "1994-9-24", "Non-Binary", "28082", "2011-11-12");
INSERT INTO researcher (researcher_id,first_name,last_name,birthdate,gender,organization_id,datework) VALUES ("65492", "Debra", "Gardner", "1954-6-14", "Non-Binary", "78206", "2020-7-12");
INSERT INTO researcher (researcher_id,first_name,last_name,birthdate,gender,organization_id,datework) VALUES ("30730", "Jacob", "Robbins", "1986-10-7", "Male", "17398", "2012-1-8");
INSERT INTO researcher (researcher_id,first_name,last_name,birthdate,gender,organization_id,datework) VALUES ("81985", "Jo", "Ramos", "1992-11-23", "Male", "19079", "2014-7-8");
INSERT INTO researcher (researcher_id,first_name,last_name,birthdate,gender,organization_id,datework) VALUES ("77856", "Eduardo", "Duncan", "1985-3-21", "Male", "41733", "2010-8-11");
INSERT INTO researcher (researcher_id,first_name,last_name,birthdate,gender,organization_id,datework) VALUES ("52914", "Ricky", "Lopez", "1965-8-11", "Male", "17398", "2010-3-4");
INSERT INTO researcher (researcher_id,first_name,last_name,birthdate,gender,organization_id,datework) VALUES ("58644", "Kelly", "Smith", "1961-10-28", "Male", "19393", "2019-4-6");
INSERT INTO researcher (researcher_id,first_name,last_name,birthdate,gender,organization_id,datework) VALUES ("95776", "Veronica", "Cabrera", "1967-2-11", "Non-Binary", "58297", "2013-4-13");
INSERT INTO researcher (researcher_id,first_name,last_name,birthdate,gender,organization_id,datework) VALUES ("64725", "Peter", "Mullins", "1960-11-18", "Female", "55285", "2016-11-1");
INSERT INTO researcher (researcher_id,first_name,last_name,birthdate,gender,organization_id,datework) VALUES ("38885", "Mathew", "Jackson", "1984-3-7", "Male", "91629", "2019-9-5");
INSERT INTO researcher (researcher_id,first_name,last_name,birthdate,gender,organization_id,datework) VALUES ("79837", "Evan", "White", "1977-2-23", "Male", "85429", "2020-3-20");
INSERT INTO researcher (researcher_id,first_name,last_name,birthdate,gender,organization_id,datework) VALUES ("36546", "Michelle", "Harris", "1991-4-18", "Female", "32878", "2018-11-27");
INSERT INTO researcher (researcher_id,first_name,last_name,birthdate,gender,organization_id,datework) VALUES ("66864", "Michael", "Gray", "1953-9-4", "Male", "19393", "2016-5-8");
INSERT INTO researcher (researcher_id,first_name,last_name,birthdate,gender,organization_id,datework) VALUES ("74047", "Timothy", "Pearson", "1988-4-17", "Non-Binary", "54659", "2012-8-21");
INSERT INTO researcher (researcher_id,first_name,last_name,birthdate,gender,organization_id,datework) VALUES ("50808", "Jennifer", "Ryan", "1974-9-19", "Male", "33784", "2013-8-24");
INSERT INTO researcher (researcher_id,first_name,last_name,birthdate,gender,organization_id,datework) VALUES ("87911", "Andrea", "Graham", "1995-11-12", "Female", "94153", "2016-1-18");
INSERT INTO researcher (researcher_id,first_name,last_name,birthdate,gender,organization_id,datework) VALUES ("47634", "April", "Gill", "1992-8-1", "Male", "19079", "2012-3-12");
INSERT INTO researcher (researcher_id,first_name,last_name,birthdate,gender,organization_id,datework) VALUES ("89621", "William", "Phillips", "1963-1-4", "Non-Binary", "73540", "2012-11-6");
INSERT INTO researcher (researcher_id,first_name,last_name,birthdate,gender,organization_id,datework) VALUES ("67715", "Jordan", "Hansen", "1992-5-8", "Non-Binary", "27046", "2014-2-15");
INSERT INTO researcher (researcher_id,first_name,last_name,birthdate,gender,organization_id,datework) VALUES ("79795", "Richard", "Lopez", "1984-11-23", "Male", "91678", "2011-2-7");
INSERT INTO researcher (researcher_id,first_name,last_name,birthdate,gender,organization_id,datework) VALUES ("92705", "Jonathan", "Richmond", "1985-10-19", "Non-Binary", "57684", "2021-9-9");
INSERT INTO researcher (researcher_id,first_name,last_name,birthdate,gender,organization_id,datework) VALUES ("19577", "Willie", "Gutierrez", "1968-10-24", "Male", "17398", "2019-5-1");
INSERT INTO researcher (researcher_id,first_name,last_name,birthdate,gender,organization_id,datework) VALUES ("95547", "Linda", "Hanson", "1998-2-9", "Male", "20105", "2020-11-4");
INSERT INTO researcher (researcher_id,first_name,last_name,birthdate,gender,organization_id,datework) VALUES ("99287", "Lisa", "Rice", "1992-11-27", "Non-Binary", "41733", "2018-10-24");
INSERT INTO researcher (researcher_id,first_name,last_name,birthdate,gender,organization_id,datework) VALUES ("92657", "Donna", "Knapp", "1963-7-11", "Female", "36971", "2019-10-10");
INSERT INTO researcher (researcher_id,first_name,last_name,birthdate,gender,organization_id,datework) VALUES ("47259", "Jason", "Stanton", "1973-4-26", "Female", "55285", "2016-1-3");
INSERT INTO researcher (researcher_id,first_name,last_name,birthdate,gender,organization_id,datework) VALUES ("20174", "Christopher", "Leon", "1990-3-16", "Male", "55285", "2016-11-2");
INSERT INTO researcher (researcher_id,first_name,last_name,birthdate,gender,organization_id,datework) VALUES ("16453", "Vanessa", "Barrett", "1964-8-25", "Female", "36971", "2017-12-25");
INSERT INTO researcher (researcher_id,first_name,last_name,birthdate,gender,organization_id,datework) VALUES ("23107", "Steven", "Mclaughlin", "1977-2-8", "Male", "55285", "2013-6-12");
INSERT INTO researcher (researcher_id,first_name,last_name,birthdate,gender,organization_id,datework) VALUES ("80789", "Kyle", "Villanueva", "1953-3-8", "Female", "85429", "2010-1-19");
INSERT INTO researcher (researcher_id,first_name,last_name,birthdate,gender,organization_id,datework) VALUES ("52000", "Michael", "Miranda", "1964-11-25", "Non-Binary", "19393", "2020-3-7");
INSERT INTO researcher (researcher_id,first_name,last_name,birthdate,gender,organization_id,datework) VALUES ("57924", "Kenneth", "Cooper", "1998-9-9", "Male", "19079", "2011-8-27");
INSERT INTO researcher (researcher_id,first_name,last_name,birthdate,gender,organization_id,datework) VALUES ("75557", "Jasmine", "Hamilton", "1952-9-14", "Female", "17398", "2021-8-24");
INSERT INTO researcher (researcher_id,first_name,last_name,birthdate,gender,organization_id,datework) VALUES ("49075", "Joshua", "Cohen", "1951-9-4", "Non-Binary", "17398", "2022-4-8");
INSERT INTO researcher (researcher_id,first_name,last_name,birthdate,gender,organization_id,datework) VALUES ("15620", "Keith", "Baird", "1957-6-22", "Male", "86334", "2013-8-28");
INSERT INTO researcher (researcher_id,first_name,last_name,birthdate,gender,organization_id,datework) VALUES ("90245", "James", "Olson", "1956-12-1", "Male", "27046", "2022-5-4");
INSERT INTO researcher (researcher_id,first_name,last_name,birthdate,gender,organization_id,datework) VALUES ("89842", "Melissa", "Ryan", "1955-3-5", "Non-Binary", "27046", "2013-3-13");
INSERT INTO researcher (researcher_id,first_name,last_name,birthdate,gender,organization_id,datework) VALUES ("51425", "Katherine", "Grant", "1975-3-1", "Non-Binary", "73540", "2016-6-11");
INSERT INTO researcher (researcher_id,first_name,last_name,birthdate,gender,organization_id,datework) VALUES ("48457", "Joshua", "Hill", "1978-4-17", "Male", "73540", "2017-12-21");
INSERT INTO researcher (researcher_id,first_name,last_name,birthdate,gender,organization_id,datework) VALUES ("71236", "Karen", "Moreno", "1997-7-25", "Male", "61742", "2015-5-21");
INSERT INTO researcher (researcher_id,first_name,last_name,birthdate,gender,organization_id,datework) VALUES ("13527", "Marissa", "Harvey", "1968-12-12", "Female", "27046", "2019-2-2");
INSERT INTO researcher (researcher_id,first_name,last_name,birthdate,gender,organization_id,datework) VALUES ("45597", "Tyler", "Schmidt", "1968-3-3", "Male", "36971", "2019-10-9");
INSERT INTO researcher (researcher_id,first_name,last_name,birthdate,gender,organization_id,datework) VALUES ("41316", "Blake", "Stone", "1977-5-24", "Non-Binary", "86334", "2022-10-12");
INSERT INTO researcher (researcher_id,first_name,last_name,birthdate,gender,organization_id,datework) VALUES ("61232", "Patrick", "Jackson", "1983-9-23", "Non-Binary", "41733", "2010-12-15");
INSERT INTO researcher (researcher_id,first_name,last_name,birthdate,gender,organization_id,datework) VALUES ("78057", "Nicholas", "Wilson", "1962-12-3", "Male", "85429", "2017-8-26");
INSERT INTO researcher (researcher_id,first_name,last_name,birthdate,gender,organization_id,datework) VALUES ("13004", "Anita", "Coleman", "1989-1-9", "Non-Binary", "91678", "2020-1-22");
INSERT INTO researcher (researcher_id,first_name,last_name,birthdate,gender,organization_id,datework) VALUES ("89443", "Robert", "Vasquez", "1964-3-3", "Female", "86334", "2014-9-15");
INSERT INTO researcher (researcher_id,first_name,last_name,birthdate,gender,organization_id,datework) VALUES ("92952", "Danny", "Chavez", "1969-12-2", "Male", "27046", "2021-5-16");
INSERT INTO researcher (researcher_id,first_name,last_name,birthdate,gender,organization_id,datework) VALUES ("69395", "Timothy", "Nguyen", "1950-4-13", "Non-Binary", "91678", "2020-2-7");
INSERT INTO researcher (researcher_id,first_name,last_name,birthdate,gender,organization_id,datework) VALUES ("62888", "Michelle", "Caldwell", "1976-6-26", "Male", "54659", "2011-4-17");
INSERT INTO researcher (researcher_id,first_name,last_name,birthdate,gender,organization_id,datework) VALUES ("31309", "Angela", "Smith", "1965-3-28", "Female", "20105", "2020-1-11");
INSERT INTO researcher (researcher_id,first_name,last_name,birthdate,gender,organization_id,datework) VALUES ("39676", "Sara", "Monroe", "1996-2-6", "Non-Binary", "28082", "2013-11-5");
INSERT INTO researcher (researcher_id,first_name,last_name,birthdate,gender,organization_id,datework) VALUES ("51800", "Mary", "Singh", "1996-5-22", "Non-Binary", "91678", "2015-9-18");
INSERT INTO researcher (researcher_id,first_name,last_name,birthdate,gender,organization_id,datework) VALUES ("99175", "Scott", "Alvarez", "1961-3-13", "Male", "83251", "2019-3-7");
INSERT INTO researcher (researcher_id,first_name,last_name,birthdate,gender,organization_id,datework) VALUES ("55461", "Michelle", "Bradley", "1956-8-9", "Male", "32878", "2010-5-26");
INSERT INTO researcher (researcher_id,first_name,last_name,birthdate,gender,organization_id,datework) VALUES ("98077", "Maureen", "Hansen", "1983-4-26", "Non-Binary", "78206", "2021-2-23");
INSERT INTO researcher (researcher_id,first_name,last_name,birthdate,gender,organization_id,datework) VALUES ("80040", "Kim", "Ibarra", "1974-1-24", "Non-Binary", "73540", "2019-4-14");
INSERT INTO researcher (researcher_id,first_name,last_name,birthdate,gender,organization_id,datework) VALUES ("10768", "Joseph", "Powers", "1955-4-3", "Male", "33784", "2014-7-6");
INSERT INTO researcher (researcher_id,first_name,last_name,birthdate,gender,organization_id,datework) VALUES ("61432", "Chloe", "Willis", "1961-2-26", "Female", "91629", "2012-11-4");
INSERT INTO researcher (researcher_id,first_name,last_name,birthdate,gender,organization_id,datework) VALUES ("19757", "Laura", "Mcbride", "1965-3-7", "Male", "83251", "2018-8-25");
INSERT INTO researcher (researcher_id,first_name,last_name,birthdate,gender,organization_id,datework) VALUES ("79764", "Sandy", "Shaw", "1975-4-13", "Male", "78157", "2014-7-15");

-- program 
INSERT INTO program (program_id,name_pr,management) VALUES ("54348","program360","Paul Smith");
INSERT INTO program (program_id,name_pr,management) VALUES ("83060","program910","Brittany Moore");
INSERT INTO program (program_id,name_pr,management) VALUES ("90693","program973","Richard Nunez");
INSERT INTO program (program_id,name_pr,management) VALUES ("11140","program592","Melissa Miller");
INSERT INTO program (program_id,name_pr,management) VALUES ("75237","program195","Ashley Garcia");
INSERT INTO program (program_id,name_pr,management) VALUES ("85735","program276","Kelly Olsen MD");
INSERT INTO program (program_id,name_pr,management) VALUES ("20994","program766","Kaitlyn Peterson");
INSERT INTO program (program_id,name_pr,management) VALUES ("11529","program421","Jamie Garcia");
INSERT INTO program (program_id,name_pr,management) VALUES ("66221","program101","Leroy Rush");
INSERT INTO program (program_id,name_pr,management) VALUES ("65761","program588","Shane Rodriguez");
INSERT INTO program (program_id,name_pr,management) VALUES ("74014","program760","Caleb Lawrence Jr.");
INSERT INTO program (program_id,name_pr,management) VALUES ("40895","program385","Christopher Snow");
INSERT INTO program (program_id,name_pr,management) VALUES ("33925","program339","Sherry Cruz");
INSERT INTO program (program_id,name_pr,management) VALUES ("50324","program587","David Robinson");
INSERT INTO program (program_id,name_pr,management) VALUES ("29793","program249","Valerie Morrison");
INSERT INTO program (program_id,name_pr,management) VALUES ("18164","program693","Matthew Huff");
INSERT INTO program (program_id,name_pr,management) VALUES ("75786","program368","Ashley Long");
INSERT INTO program (program_id,name_pr,management) VALUES ("75400","program245","Debra Sanchez");
INSERT INTO program (program_id,name_pr,management) VALUES ("45020","program671","Gwendolyn Price");
INSERT INTO program (program_id,name_pr,management) VALUES ("45789","program812","Michael Smith");
INSERT INTO program (program_id,name_pr,management) VALUES ("85118","program356","Felicia Navarro");
INSERT INTO program (program_id,name_pr,management) VALUES ("47771","program501","Tyler Johnson");
INSERT INTO program (program_id,name_pr,management) VALUES ("30352","program795","Timothy Peterson");
INSERT INTO program (program_id,name_pr,management) VALUES ("20177","program712","Eric King");
INSERT INTO program (program_id,name_pr,management) VALUES ("94037","program888","Donna Durham");
INSERT INTO program (program_id,name_pr,management) VALUES ("30218","program699","Autumn Rojas");
INSERT INTO program (program_id,name_pr,management) VALUES ("25274","program646","Ann Hill");
INSERT INTO program (program_id,name_pr,management) VALUES ("54452","program287","John Flores");
INSERT INTO program (program_id,name_pr,management) VALUES ("96569","program657","Tricia Rosales");
INSERT INTO program (program_id,name_pr,management) VALUES ("89527","program656","Tonya Norton");
INSERT INTO program (program_id,name_pr,management) VALUES ("54851","program106","Jeffrey Clark");
INSERT INTO program (program_id,name_pr,management) VALUES ("30811","program637","Michael Wilson");
INSERT INTO program (program_id,name_pr,management) VALUES ("28722","program354","Lisa Douglas");
INSERT INTO program (program_id,name_pr,management) VALUES ("52119","program964","Michael Rogers");
INSERT INTO program (program_id,name_pr,management) VALUES ("96340","program641","Blake Jenkins");
INSERT INTO program (program_id,name_pr,management) VALUES ("99294","program307","Joshua Scott");
INSERT INTO program (program_id,name_pr,management) VALUES ("50931","program456","Miss Danielle Mueller DDS");
INSERT INTO program (program_id,name_pr,management) VALUES ("13088","program935","Robert Stokes");
INSERT INTO program (program_id,name_pr,management) VALUES ("13730","program506","Megan Nguyen");
INSERT INTO program (program_id,name_pr,management) VALUES ("66661","program212","Denise Cunningham");

-- scientific_field 
INSERT INTO scientific_field (scfield_id,name_scfield) VALUES ("71554","Mathematics");
INSERT INTO scientific_field (scfield_id,name_scfield) VALUES ("89822","Computer Science");
INSERT INTO scientific_field (scfield_id,name_scfield) VALUES ("99055","Physics");
INSERT INTO scientific_field (scfield_id,name_scfield) VALUES ("40121","Biology");
INSERT INTO scientific_field (scfield_id,name_scfield) VALUES ("68602","Chemistry");
INSERT INTO scientific_field (scfield_id,name_scfield) VALUES ("77834","Geology");
INSERT INTO scientific_field (scfield_id,name_scfield) VALUES ("50910","Law");
INSERT INTO scientific_field (scfield_id,name_scfield) VALUES ("35877","Natural Sciences");
INSERT INTO scientific_field (scfield_id,name_scfield) VALUES ("94251","Economics");
INSERT INTO scientific_field (scfield_id,name_scfield) VALUES ("10326","Irrelevant");

-- evaluation 
INSERT INTO evaluation (evaluation_id,grade,date_eval) VALUES ("63752","10", "2013-5-12");
INSERT INTO evaluation (evaluation_id,grade,date_eval) VALUES ("69626","8", "2014-5-22");
INSERT INTO evaluation (evaluation_id,grade,date_eval) VALUES ("96620","7", "2013-9-14");
INSERT INTO evaluation (evaluation_id,grade,date_eval) VALUES ("17683","6", "2014-6-12");
INSERT INTO evaluation (evaluation_id,grade,date_eval) VALUES ("63113","7", "2013-11-14");
INSERT INTO evaluation (evaluation_id,grade,date_eval) VALUES ("64151","6", "2013-1-11");
INSERT INTO evaluation (evaluation_id,grade,date_eval) VALUES ("62854","6", "2013-4-13");
INSERT INTO evaluation (evaluation_id,grade,date_eval) VALUES ("12342","8", "2013-4-20");
INSERT INTO evaluation (evaluation_id,grade,date_eval) VALUES ("60407","10", "2014-1-8");
INSERT INTO evaluation (evaluation_id,grade,date_eval) VALUES ("44704","6", "2014-7-25");
INSERT INTO evaluation (evaluation_id,grade,date_eval) VALUES ("73046","9", "2013-7-12");
INSERT INTO evaluation (evaluation_id,grade,date_eval) VALUES ("52261","5", "2014-11-14");
INSERT INTO evaluation (evaluation_id,grade,date_eval) VALUES ("18186","10", "2014-9-5");
INSERT INTO evaluation (evaluation_id,grade,date_eval) VALUES ("69445","5", "2014-1-1");
INSERT INTO evaluation (evaluation_id,grade,date_eval) VALUES ("89082","7", "2013-5-14");
INSERT INTO evaluation (evaluation_id,grade,date_eval) VALUES ("79469","10", "2014-8-25");
INSERT INTO evaluation (evaluation_id,grade,date_eval) VALUES ("14392","9", "2013-10-26");
INSERT INTO evaluation (evaluation_id,grade,date_eval) VALUES ("12530","8", "2014-9-8");
INSERT INTO evaluation (evaluation_id,grade,date_eval) VALUES ("57925","7", "2013-4-25");
INSERT INTO evaluation (evaluation_id,grade,date_eval) VALUES ("36035","8", "2013-5-10");
INSERT INTO evaluation (evaluation_id,grade,date_eval) VALUES ("48532","9", "2013-9-28");
INSERT INTO evaluation (evaluation_id,grade,date_eval) VALUES ("87931","5", "2013-7-9");
INSERT INTO evaluation (evaluation_id,grade,date_eval) VALUES ("28011","9", "2014-5-24");
INSERT INTO evaluation (evaluation_id,grade,date_eval) VALUES ("41328","5", "2013-4-10");
INSERT INTO evaluation (evaluation_id,grade,date_eval) VALUES ("46548","8", "2013-9-20");
INSERT INTO evaluation (evaluation_id,grade,date_eval) VALUES ("24034","7", "2013-12-7");
INSERT INTO evaluation (evaluation_id,grade,date_eval) VALUES ("60446","6", "2013-3-12");
INSERT INTO evaluation (evaluation_id,grade,date_eval) VALUES ("41080","5", "2013-2-1");
INSERT INTO evaluation (evaluation_id,grade,date_eval) VALUES ("76222","9", "2013-12-5");
INSERT INTO evaluation (evaluation_id,grade,date_eval) VALUES ("49960","9", "2013-7-20");
INSERT INTO evaluation (evaluation_id,grade,date_eval) VALUES ("20095","5", "2014-1-11");
INSERT INTO evaluation (evaluation_id,grade,date_eval) VALUES ("12266","9", "2013-1-20");
INSERT INTO evaluation (evaluation_id,grade,date_eval) VALUES ("68337","5", "2013-11-13");
INSERT INTO evaluation (evaluation_id,grade,date_eval) VALUES ("73789","8", "2013-2-27");
INSERT INTO evaluation (evaluation_id,grade,date_eval) VALUES ("63172","7", "2013-3-16");
INSERT INTO evaluation (evaluation_id,grade,date_eval) VALUES ("23017","8", "2013-12-9");
INSERT INTO evaluation (evaluation_id,grade,date_eval) VALUES ("18438","8", "2013-1-28");
INSERT INTO evaluation (evaluation_id,grade,date_eval) VALUES ("90021","10", "2014-5-27");
INSERT INTO evaluation (evaluation_id,grade,date_eval) VALUES ("75728","8", "2014-2-3");
INSERT INTO evaluation (evaluation_id,grade,date_eval) VALUES ("99307","10", "2014-2-7");
INSERT INTO evaluation (evaluation_id,grade,date_eval) VALUES ("36009","8", "2014-1-16");
INSERT INTO evaluation (evaluation_id,grade,date_eval) VALUES ("77283","6", "2014-10-9");
INSERT INTO evaluation (evaluation_id,grade,date_eval) VALUES ("68171","9", "2014-6-10");
INSERT INTO evaluation (evaluation_id,grade,date_eval) VALUES ("79724","7", "2013-1-14");
INSERT INTO evaluation (evaluation_id,grade,date_eval) VALUES ("53633","10", "2014-10-6");
INSERT INTO evaluation (evaluation_id,grade,date_eval) VALUES ("44097","8", "2013-5-5");
INSERT INTO evaluation (evaluation_id,grade,date_eval) VALUES ("25857","7", "2013-2-16");
INSERT INTO evaluation (evaluation_id,grade,date_eval) VALUES ("54973","6", "2013-12-15");
INSERT INTO evaluation (evaluation_id,grade,date_eval) VALUES ("43775","6", "2014-1-26");
INSERT INTO evaluation (evaluation_id,grade,date_eval) VALUES ("33660","6", "2013-7-10");
INSERT INTO evaluation (evaluation_id,grade,date_eval) VALUES ("37468","5", "2014-7-22");
INSERT INTO evaluation (evaluation_id,grade,date_eval) VALUES ("95640","9", "2014-9-23");
INSERT INTO evaluation (evaluation_id,grade,date_eval) VALUES ("49762","9", "2014-7-16");
INSERT INTO evaluation (evaluation_id,grade,date_eval) VALUES ("77924","6", "2014-4-11");
INSERT INTO evaluation (evaluation_id,grade,date_eval) VALUES ("72324","6", "2013-8-23");
INSERT INTO evaluation (evaluation_id,grade,date_eval) VALUES ("82949","6", "2014-9-26");
INSERT INTO evaluation (evaluation_id,grade,date_eval) VALUES ("66256","8", "2014-8-28");
INSERT INTO evaluation (evaluation_id,grade,date_eval) VALUES ("36448","9", "2014-3-27");
INSERT INTO evaluation (evaluation_id,grade,date_eval) VALUES ("70789","10", "2014-6-8");
INSERT INTO evaluation (evaluation_id,grade,date_eval) VALUES ("69030","7", "2014-11-13");
INSERT INTO evaluation (evaluation_id,grade,date_eval) VALUES ("26722","7", "2013-8-25");
INSERT INTO evaluation (evaluation_id,grade,date_eval) VALUES ("50247","9", "2014-12-16");
INSERT INTO evaluation (evaluation_id,grade,date_eval) VALUES ("34724","6", "2013-6-14");
INSERT INTO evaluation (evaluation_id,grade,date_eval) VALUES ("60408","8", "2014-1-5");
INSERT INTO evaluation (evaluation_id,grade,date_eval) VALUES ("48713","9", "2014-1-15");
INSERT INTO evaluation (evaluation_id,grade,date_eval) VALUES ("60593","8", "2013-2-24");
INSERT INTO evaluation (evaluation_id,grade,date_eval) VALUES ("81669","10", "2014-6-5");
INSERT INTO evaluation (evaluation_id,grade,date_eval) VALUES ("80563","9", "2013-12-28");
INSERT INTO evaluation (evaluation_id,grade,date_eval) VALUES ("57672","10", "2014-5-10");
INSERT INTO evaluation (evaluation_id,grade,date_eval) VALUES ("22416","5", "2013-12-16");
INSERT INTO evaluation (evaluation_id,grade,date_eval) VALUES ("61857","10", "2014-6-18");
INSERT INTO evaluation (evaluation_id,grade,date_eval) VALUES ("12758","8", "2013-11-5");
INSERT INTO evaluation (evaluation_id,grade,date_eval) VALUES ("26167","6", "2014-12-23");
INSERT INTO evaluation (evaluation_id,grade,date_eval) VALUES ("42667","9", "2013-7-9");
INSERT INTO evaluation (evaluation_id,grade,date_eval) VALUES ("82521","9", "2013-6-2");
INSERT INTO evaluation (evaluation_id,grade,date_eval) VALUES ("40526","5", "2014-7-21");
INSERT INTO evaluation (evaluation_id,grade,date_eval) VALUES ("87055","8", "2013-3-8");
INSERT INTO evaluation (evaluation_id,grade,date_eval) VALUES ("25102","9", "2014-12-8");
INSERT INTO evaluation (evaluation_id,grade,date_eval) VALUES ("22549","6", "2014-6-11");
INSERT INTO evaluation (evaluation_id,grade,date_eval) VALUES ("41791","6", "2013-1-2");
INSERT INTO evaluation (evaluation_id,grade,date_eval) VALUES ("87053","6", "2014-5-7");
INSERT INTO evaluation (evaluation_id,grade,date_eval) VALUES ("44439","10", "2013-2-20");
INSERT INTO evaluation (evaluation_id,grade,date_eval) VALUES ("12030","8", "2014-10-10");
INSERT INTO evaluation (evaluation_id,grade,date_eval) VALUES ("62603","8", "2014-1-9");
INSERT INTO evaluation (evaluation_id,grade,date_eval) VALUES ("10541","5", "2013-3-11");
INSERT INTO evaluation (evaluation_id,grade,date_eval) VALUES ("75267","10", "2013-8-4");
INSERT INTO evaluation (evaluation_id,grade,date_eval) VALUES ("41078","10", "2013-12-27");
INSERT INTO evaluation (evaluation_id,grade,date_eval) VALUES ("19002","6", "2014-10-18");
INSERT INTO evaluation (evaluation_id,grade,date_eval) VALUES ("32857","5", "2014-6-21");
INSERT INTO evaluation (evaluation_id,grade,date_eval) VALUES ("20297","8", "2014-3-4");
INSERT INTO evaluation (evaluation_id,grade,date_eval) VALUES ("57674","6", "2014-8-6");
INSERT INTO evaluation (evaluation_id,grade,date_eval) VALUES ("16274","7", "2014-9-8");
INSERT INTO evaluation (evaluation_id,grade,date_eval) VALUES ("90287","9", "2014-6-1");
INSERT INTO evaluation (evaluation_id,grade,date_eval) VALUES ("71524","6", "2014-1-8");
INSERT INTO evaluation (evaluation_id,grade,date_eval) VALUES ("24999","5", "2014-6-3");
INSERT INTO evaluation (evaluation_id,grade,date_eval) VALUES ("35474","9", "2014-6-20");
INSERT INTO evaluation (evaluation_id,grade,date_eval) VALUES ("56029","6", "2014-8-8");
INSERT INTO evaluation (evaluation_id,grade,date_eval) VALUES ("23295","9", "2013-5-17");
INSERT INTO evaluation (evaluation_id,grade,date_eval) VALUES ("30759","8", "2014-8-11");
INSERT INTO evaluation (evaluation_id,grade,date_eval) VALUES ("68802","10", "2013-11-26");
INSERT INTO evaluation (evaluation_id,grade,date_eval) VALUES ("39685","6", "2013-1-15");
INSERT INTO evaluation (evaluation_id,grade,date_eval) VALUES ("43766","10", "2014-7-5");
INSERT INTO evaluation (evaluation_id,grade,date_eval) VALUES ("48303","9", "2013-4-28");
INSERT INTO evaluation (evaluation_id,grade,date_eval) VALUES ("23571","10", "2013-7-17");
INSERT INTO evaluation (evaluation_id,grade,date_eval) VALUES ("38753","9", "2013-7-13");
INSERT INTO evaluation (evaluation_id,grade,date_eval) VALUES ("31476","9", "2013-3-12");
INSERT INTO evaluation (evaluation_id,grade,date_eval) VALUES ("24973","9", "2014-9-17");
INSERT INTO evaluation (evaluation_id,grade,date_eval) VALUES ("81678","7", "2014-9-3");
INSERT INTO evaluation (evaluation_id,grade,date_eval) VALUES ("98297","6", "2013-2-24");
INSERT INTO evaluation (evaluation_id,grade,date_eval) VALUES ("89071","9", "2014-7-7");
INSERT INTO evaluation (evaluation_id,grade,date_eval) VALUES ("56864","10", "2014-7-8");
INSERT INTO evaluation (evaluation_id,grade,date_eval) VALUES ("70118","10", "2013-2-15");
INSERT INTO evaluation (evaluation_id,grade,date_eval) VALUES ("29959","9", "2013-3-10");
INSERT INTO evaluation (evaluation_id,grade,date_eval) VALUES ("71775","7", "2013-3-19");
INSERT INTO evaluation (evaluation_id,grade,date_eval) VALUES ("38679","8", "2014-6-23");
INSERT INTO evaluation (evaluation_id,grade,date_eval) VALUES ("89422","5", "2013-2-3");
INSERT INTO evaluation (evaluation_id,grade,date_eval) VALUES ("47852","9", "2013-12-23");
INSERT INTO evaluation (evaluation_id,grade,date_eval) VALUES ("73394","7", "2013-6-2");
INSERT INTO evaluation (evaluation_id,grade,date_eval) VALUES ("16224","7", "2014-9-10");
INSERT INTO evaluation (evaluation_id,grade,date_eval) VALUES ("27381","8", "2014-4-3");
INSERT INTO evaluation (evaluation_id,grade,date_eval) VALUES ("48195","8", "2013-9-11");
INSERT INTO evaluation (evaluation_id,grade,date_eval) VALUES ("49698","10", "2013-12-21");
INSERT INTO evaluation (evaluation_id,grade,date_eval) VALUES ("23389","5", "2013-12-1");
INSERT INTO evaluation (evaluation_id,grade,date_eval) VALUES ("91900","5", "2014-9-17");
INSERT INTO evaluation (evaluation_id,grade,date_eval) VALUES ("24927","9", "2013-7-26");
INSERT INTO evaluation (evaluation_id,grade,date_eval) VALUES ("82705","8", "2013-7-10");
INSERT INTO evaluation (evaluation_id,grade,date_eval) VALUES ("87928","7", "2014-6-17");
INSERT INTO evaluation (evaluation_id,grade,date_eval) VALUES ("21789","10", "2014-5-7");
INSERT INTO evaluation (evaluation_id,grade,date_eval) VALUES ("20866","8", "2014-1-14");
INSERT INTO evaluation (evaluation_id,grade,date_eval) VALUES ("19656","10", "2014-3-27");
INSERT INTO evaluation (evaluation_id,grade,date_eval) VALUES ("28001","7", "2013-7-17");
INSERT INTO evaluation (evaluation_id,grade,date_eval) VALUES ("87212","5", "2014-4-10");
INSERT INTO evaluation (evaluation_id,grade,date_eval) VALUES ("88224","10", "2014-4-12");
INSERT INTO evaluation (evaluation_id,grade,date_eval) VALUES ("98346","8", "2014-2-20");
INSERT INTO evaluation (evaluation_id,grade,date_eval) VALUES ("60921","7", "2013-11-28");
INSERT INTO evaluation (evaluation_id,grade,date_eval) VALUES ("58392","7", "2013-2-19");
INSERT INTO evaluation (evaluation_id,grade,date_eval) VALUES ("59848","7", "2013-9-15");
INSERT INTO evaluation (evaluation_id,grade,date_eval) VALUES ("63988","7", "2013-1-10");
INSERT INTO evaluation (evaluation_id,grade,date_eval) VALUES ("94542","8", "2014-3-20");
INSERT INTO evaluation (evaluation_id,grade,date_eval) VALUES ("15106","7", "2013-7-9");
INSERT INTO evaluation (evaluation_id,grade,date_eval) VALUES ("54046","10", "2013-1-23");
INSERT INTO evaluation (evaluation_id,grade,date_eval) VALUES ("40650","5", "2014-9-16");
INSERT INTO evaluation (evaluation_id,grade,date_eval) VALUES ("75858","9", "2014-12-13");
INSERT INTO evaluation (evaluation_id,grade,date_eval) VALUES ("98664","8", "2013-7-15");
INSERT INTO evaluation (evaluation_id,grade,date_eval) VALUES ("65630","5", "2013-3-24");
INSERT INTO evaluation (evaluation_id,grade,date_eval) VALUES ("12209","8", "2013-3-28");
INSERT INTO evaluation (evaluation_id,grade,date_eval) VALUES ("75933","9", "2013-9-13");
INSERT INTO evaluation (evaluation_id,grade,date_eval) VALUES ("69930","5", "2014-7-23");
INSERT INTO evaluation (evaluation_id,grade,date_eval) VALUES ("95214","5", "2014-3-24");
INSERT INTO evaluation (evaluation_id,grade,date_eval) VALUES ("18133","7", "2014-8-10");

-- executive 
INSERT INTO executive (executive_id,name_ex) VALUES ("40462","Jacob Lee");
INSERT INTO executive (executive_id,name_ex) VALUES ("32642","Kevin Nelson");
INSERT INTO executive (executive_id,name_ex) VALUES ("63851","Jeffrey Willis");
INSERT INTO executive (executive_id,name_ex) VALUES ("70439","Mark Jones");
INSERT INTO executive (executive_id,name_ex) VALUES ("41435","Rebecca Lee");
INSERT INTO executive (executive_id,name_ex) VALUES ("86189","Rose Richardson");
INSERT INTO executive (executive_id,name_ex) VALUES ("91703","Rebecca Miller");
INSERT INTO executive (executive_id,name_ex) VALUES ("65449","Justin Marshall");
INSERT INTO executive (executive_id,name_ex) VALUES ("28981","Tiffany Gutierrez");
INSERT INTO executive (executive_id,name_ex) VALUES ("92451","Ryan Houston");
INSERT INTO executive (executive_id,name_ex) VALUES ("96920","Scott Fry");
INSERT INTO executive (executive_id,name_ex) VALUES ("65715","Rebecca Daniels");
INSERT INTO executive (executive_id,name_ex) VALUES ("44416","Donna Bishop");
INSERT INTO executive (executive_id,name_ex) VALUES ("85240","James Fisher DDS");
INSERT INTO executive (executive_id,name_ex) VALUES ("15910","Dr. Jessica Martin MD");
INSERT INTO executive (executive_id,name_ex) VALUES ("60502","Tony Carlson");
INSERT INTO executive (executive_id,name_ex) VALUES ("84379","Anthony Landry");
INSERT INTO executive (executive_id,name_ex) VALUES ("41910","Paul Garcia");
INSERT INTO executive (executive_id,name_ex) VALUES ("52990","Ronald Jordan");
INSERT INTO executive (executive_id,name_ex) VALUES ("29248","William Ruiz");
INSERT INTO executive (executive_id,name_ex) VALUES ("75330","Michael Foster");
INSERT INTO executive (executive_id,name_ex) VALUES ("41606","Derek Gomez");
INSERT INTO executive (executive_id,name_ex) VALUES ("50026","Mrs. Laura Phillips MD");
INSERT INTO executive (executive_id,name_ex) VALUES ("83741","Brandon Klein");
INSERT INTO executive (executive_id,name_ex) VALUES ("97615","Jennifer Green");
INSERT INTO executive (executive_id,name_ex) VALUES ("54382","Cody Keller");
INSERT INTO executive (executive_id,name_ex) VALUES ("19590","Johnathan King");
INSERT INTO executive (executive_id,name_ex) VALUES ("80032","Kathy Aguilar");
INSERT INTO executive (executive_id,name_ex) VALUES ("89750","Donna Spence");
INSERT INTO executive (executive_id,name_ex) VALUES ("40194","Marcus Smith");
INSERT INTO executive (executive_id,name_ex) VALUES ("87851","Louis Bailey");
INSERT INTO executive (executive_id,name_ex) VALUES ("59724","Diana Thomas");
INSERT INTO executive (executive_id,name_ex) VALUES ("78388","Michael Thompson");
INSERT INTO executive (executive_id,name_ex) VALUES ("42065","Adam Smith");
INSERT INTO executive (executive_id,name_ex) VALUES ("28762","Brendan Green");
INSERT INTO executive (executive_id,name_ex) VALUES ("84525","David Shepherd");
INSERT INTO executive (executive_id,name_ex) VALUES ("66143","Mark Yoder");
INSERT INTO executive (executive_id,name_ex) VALUES ("32038","John Figueroa MD");
INSERT INTO executive (executive_id,name_ex) VALUES ("60811","Patrick Barton");
INSERT INTO executive (executive_id,name_ex) VALUES ("87945","Jason Brooks");
INSERT INTO executive (executive_id,name_ex) VALUES ("83340","Vincent Ashley");
INSERT INTO executive (executive_id,name_ex) VALUES ("64381","Tammy Johns");
INSERT INTO executive (executive_id,name_ex) VALUES ("11289","Samantha Waters");
INSERT INTO executive (executive_id,name_ex) VALUES ("30170","James Anderson");
INSERT INTO executive (executive_id,name_ex) VALUES ("69407","Gary Moreno");
INSERT INTO executive (executive_id,name_ex) VALUES ("90347","Cynthia Davis");
INSERT INTO executive (executive_id,name_ex) VALUES ("52058","Ashley Brock");
INSERT INTO executive (executive_id,name_ex) VALUES ("97826","Molly Sullivan");
INSERT INTO executive (executive_id,name_ex) VALUES ("99255","Stephanie Graves");
INSERT INTO executive (executive_id,name_ex) VALUES ("27149","Ricky Rivera");
INSERT INTO executive (executive_id,name_ex) VALUES ("27364","Rhonda Henry");
INSERT INTO executive (executive_id,name_ex) VALUES ("46728","Patrick King");
INSERT INTO executive (executive_id,name_ex) VALUES ("71249","Paula Robertson");
INSERT INTO executive (executive_id,name_ex) VALUES ("14772","Rachel Fox");
INSERT INTO executive (executive_id,name_ex) VALUES ("56328","Kevin Lewis");
INSERT INTO executive (executive_id,name_ex) VALUES ("66827","Cody Davis");
INSERT INTO executive (executive_id,name_ex) VALUES ("47677","Brian Shepard");
INSERT INTO executive (executive_id,name_ex) VALUES ("93781","William Davis");
INSERT INTO executive (executive_id,name_ex) VALUES ("47026","Robert Lewis");
INSERT INTO executive (executive_id,name_ex) VALUES ("39366","Kristina Ochoa");
INSERT INTO executive (executive_id,name_ex) VALUES ("84746","Peter Gonzalez");
INSERT INTO executive (executive_id,name_ex) VALUES ("15577","Richard Perkins");
INSERT INTO executive (executive_id,name_ex) VALUES ("96865","Tammy Santos");
INSERT INTO executive (executive_id,name_ex) VALUES ("22045","Steven Bowen");
INSERT INTO executive (executive_id,name_ex) VALUES ("61847","William Cross");
INSERT INTO executive (executive_id,name_ex) VALUES ("84982","Jacob Gill");
INSERT INTO executive (executive_id,name_ex) VALUES ("13732","Kathleen Hall");
INSERT INTO executive (executive_id,name_ex) VALUES ("76736","Joshua Patrick");
INSERT INTO executive (executive_id,name_ex) VALUES ("82562","David Perez");
INSERT INTO executive (executive_id,name_ex) VALUES ("41498","Mark Espinoza");
INSERT INTO executive (executive_id,name_ex) VALUES ("15319","Isaiah Clarke");
INSERT INTO executive (executive_id,name_ex) VALUES ("26088","Gregory May");
INSERT INTO executive (executive_id,name_ex) VALUES ("85288","Anthony Hogan");
INSERT INTO executive (executive_id,name_ex) VALUES ("61321","Kristine Meyer");
INSERT INTO executive (executive_id,name_ex) VALUES ("74523","Erin Graves");
INSERT INTO executive (executive_id,name_ex) VALUES ("53704","Ashley Pierce");
INSERT INTO executive (executive_id,name_ex) VALUES ("96258","Suzanne Henderson");
INSERT INTO executive (executive_id,name_ex) VALUES ("29614","Richard Brown");
INSERT INTO executive (executive_id,name_ex) VALUES ("87913","Kenneth Watts");
INSERT INTO executive (executive_id,name_ex) VALUES ("40390","Mary Brown");
INSERT INTO executive (executive_id,name_ex) VALUES ("31847","Carol Benson");
INSERT INTO executive (executive_id,name_ex) VALUES ("57177","Pamela Duncan");
INSERT INTO executive (executive_id,name_ex) VALUES ("80488","Michelle Barton");
INSERT INTO executive (executive_id,name_ex) VALUES ("32167","Victoria Glenn");
INSERT INTO executive (executive_id,name_ex) VALUES ("52824","Daniel Sheppard");
INSERT INTO executive (executive_id,name_ex) VALUES ("18249","Tracy Perez");
INSERT INTO executive (executive_id,name_ex) VALUES ("66301","Daniel Mckinney");
INSERT INTO executive (executive_id,name_ex) VALUES ("95114","Cheryl Nielsen");
INSERT INTO executive (executive_id,name_ex) VALUES ("47453","Jennifer Bush");
INSERT INTO executive (executive_id,name_ex) VALUES ("42921","Courtney Harper");
INSERT INTO executive (executive_id,name_ex) VALUES ("20780","Shirley Garcia");
INSERT INTO executive (executive_id,name_ex) VALUES ("83008","Jennifer Mitchell");
INSERT INTO executive (executive_id,name_ex) VALUES ("23762","Rhonda Miller");
INSERT INTO executive (executive_id,name_ex) VALUES ("40813","Emma Russell");
INSERT INTO executive (executive_id,name_ex) VALUES ("80095","Michelle Mclaughlin");
INSERT INTO executive (executive_id,name_ex) VALUES ("84141","Natalie Wallace");
INSERT INTO executive (executive_id,name_ex) VALUES ("75417","Erica Foster");
INSERT INTO executive (executive_id,name_ex) VALUES ("43242","Kelly Osborn");
INSERT INTO executive (executive_id,name_ex) VALUES ("19784","Jenny Wiley");
INSERT INTO executive (executive_id,name_ex) VALUES ("94860","Don Logan");
INSERT INTO executive (executive_id,name_ex) VALUES ("55417","Lisa Ayers");
INSERT INTO executive (executive_id,name_ex) VALUES ("59710","Garrett Drake");
INSERT INTO executive (executive_id,name_ex) VALUES ("18940","Casey Lee");
INSERT INTO executive (executive_id,name_ex) VALUES ("67729","Jacob Nelson");
INSERT INTO executive (executive_id,name_ex) VALUES ("60845","George Clark");
INSERT INTO executive (executive_id,name_ex) VALUES ("75502","Ms. Jessica Garcia");
INSERT INTO executive (executive_id,name_ex) VALUES ("42173","Summer Guerrero");
INSERT INTO executive (executive_id,name_ex) VALUES ("83995","Matthew Dixon");
INSERT INTO executive (executive_id,name_ex) VALUES ("34315","Patrick Jensen");
INSERT INTO executive (executive_id,name_ex) VALUES ("54122","Tracey Barton");
INSERT INTO executive (executive_id,name_ex) VALUES ("31312","Heather Ford");
INSERT INTO executive (executive_id,name_ex) VALUES ("16957","Sara Scott");
INSERT INTO executive (executive_id,name_ex) VALUES ("39384","Matthew Bailey");
INSERT INTO executive (executive_id,name_ex) VALUES ("17170","Lori Rich");
INSERT INTO executive (executive_id,name_ex) VALUES ("76738","Theresa Conrad");
INSERT INTO executive (executive_id,name_ex) VALUES ("67783","Ashley Smith");
INSERT INTO executive (executive_id,name_ex) VALUES ("69486","Janet Boyd");
INSERT INTO executive (executive_id,name_ex) VALUES ("65466","Dillon Wallace");
INSERT INTO executive (executive_id,name_ex) VALUES ("44892","Dr. Christopher Stevens MD");
INSERT INTO executive (executive_id,name_ex) VALUES ("45116","James Murphy");
INSERT INTO executive (executive_id,name_ex) VALUES ("28885","Danny Turner");
INSERT INTO executive (executive_id,name_ex) VALUES ("73294","Eugene Berger");
INSERT INTO executive (executive_id,name_ex) VALUES ("71476","Courtney Kelly");
INSERT INTO executive (executive_id,name_ex) VALUES ("94104","Curtis Tran");
INSERT INTO executive (executive_id,name_ex) VALUES ("87570","Jennifer Cross");
INSERT INTO executive (executive_id,name_ex) VALUES ("28873","Sylvia Douglas");
INSERT INTO executive (executive_id,name_ex) VALUES ("16027","Mr. Michael Wells MD");
INSERT INTO executive (executive_id,name_ex) VALUES ("59075","Mandy Hahn");
INSERT INTO executive (executive_id,name_ex) VALUES ("16998","Lisa King");
INSERT INTO executive (executive_id,name_ex) VALUES ("73579","Chelsea Lozano");
INSERT INTO executive (executive_id,name_ex) VALUES ("42565","Mark Clark");
INSERT INTO executive (executive_id,name_ex) VALUES ("98623","Zachary Vega");
INSERT INTO executive (executive_id,name_ex) VALUES ("65748","Ashley Burns");
INSERT INTO executive (executive_id,name_ex) VALUES ("17366","Jessica Adams");
INSERT INTO executive (executive_id,name_ex) VALUES ("85703","Linda Andrade");
INSERT INTO executive (executive_id,name_ex) VALUES ("89441","Laura Diaz");
INSERT INTO executive (executive_id,name_ex) VALUES ("82559","Kimberly Lam");
INSERT INTO executive (executive_id,name_ex) VALUES ("90184","Daniel Anderson");
INSERT INTO executive (executive_id,name_ex) VALUES ("42555","Kenneth Ramirez");
INSERT INTO executive (executive_id,name_ex) VALUES ("83479","Matthew Wilson");
INSERT INTO executive (executive_id,name_ex) VALUES ("74487","Catherine Moses");
INSERT INTO executive (executive_id,name_ex) VALUES ("36497","Joshua Smith");
INSERT INTO executive (executive_id,name_ex) VALUES ("72915","Michele Mendez");
INSERT INTO executive (executive_id,name_ex) VALUES ("61704","Jason Wright");
INSERT INTO executive (executive_id,name_ex) VALUES ("53748","Jennifer Delacruz");
INSERT INTO executive (executive_id,name_ex) VALUES ("70183","Nancy Ortiz");
INSERT INTO executive (executive_id,name_ex) VALUES ("31733","Matthew Peterson");
INSERT INTO executive (executive_id,name_ex) VALUES ("85743","April Silva");
INSERT INTO executive (executive_id,name_ex) VALUES ("85955","Thomas Mclean");
INSERT INTO executive (executive_id,name_ex) VALUES ("75947","April Little");

-- project 
INSERT INTO project (project_id,title,start_date,end_date,abstract,funds,evaluator_id,accountable_id,program_id,executive_id,organization_id,evaluation_id) VALUES ("83843","project360", "2020-2-13", "2023-5-15", "Area listen young treatment phone stop college.", "118851", "64725", "13547", "74014", "31312", "94153", "65630");
INSERT INTO project (project_id,title,start_date,end_date,abstract,funds,evaluator_id,accountable_id,program_id,executive_id,organization_id,evaluation_id) VALUES ("90517","project505", "2022-2-4", "2024-11-5", "Over like hospital whom me case cause. Threat sense always.", "544087", "70887", "70887", "20994", "61321", "85429", "41080");
INSERT INTO project (project_id,title,start_date,end_date,abstract,funds,evaluator_id,accountable_id,program_id,executive_id,organization_id,evaluation_id) VALUES ("78974","project921", "2022-6-1", "2025-12-9", "Free green officer weight. There visit throw.", "734050", "67086", "69682", "66661", "80488", "58297", "87212");
INSERT INTO project (project_id,title,start_date,end_date,abstract,funds,evaluator_id,accountable_id,program_id,executive_id,organization_id,evaluation_id) VALUES ("22306","project672", "2022-6-26", "2024-11-15", "Couple rock week move play eight hear fact. Walk much answer modern social wrong describe reduce.", "999620", "50968", "57924", "33925", "72915", "61742", "19656");
INSERT INTO project (project_id,title,start_date,end_date,abstract,funds,evaluator_id,accountable_id,program_id,executive_id,organization_id,evaluation_id) VALUES ("87047","project966", "2022-8-8", "2024-5-14", "Ahead himself you grow none first accept.", "707595", "21626", "44273", "40895", "98623", "91678", "12758");
INSERT INTO project (project_id,title,start_date,end_date,abstract,funds,evaluator_id,accountable_id,program_id,executive_id,organization_id,evaluation_id) VALUES ("98075","project463", "2020-6-18", "2023-3-25", "Response sing challenge fish trip clear.", "332606", "42103", "84030", "18164", "80488", "73540", "49960");
INSERT INTO project (project_id,title,start_date,end_date,abstract,funds,evaluator_id,accountable_id,program_id,executive_id,organization_id,evaluation_id) VALUES ("70633","project253", "2021-2-24", "2024-5-22", "Research official if watch enjoy church. Exist structure memory other bring fight.", "145828", "70971", "80591", "11529", "57177", "56491", "25857");
INSERT INTO project (project_id,title,start_date,end_date,abstract,funds,evaluator_id,accountable_id,program_id,executive_id,organization_id,evaluation_id) VALUES ("84738","project330", "2020-8-27", "2022-4-25", "Include race decide future suffer college.", "565046", "69395", "13288", "40895", "29614", "57684", "38753");
INSERT INTO project (project_id,title,start_date,end_date,abstract,funds,evaluator_id,accountable_id,program_id,executive_id,organization_id,evaluation_id) VALUES ("66330","project531", "2020-3-10", "2022-4-8", "Authority analysis difficult can require.", "506964", "45365", "99287", "11529", "44416", "17398", "40526");
INSERT INTO project (project_id,title,start_date,end_date,abstract,funds,evaluator_id,accountable_id,program_id,executive_id,organization_id,evaluation_id) VALUES ("59602","project432", "2021-5-21", "2024-5-8", "Reveal sometimes back middle trouble reach start.", "335768", "78243", "89024", "85735", "97615", "48721", "48303");
INSERT INTO project (project_id,title,start_date,end_date,abstract,funds,evaluator_id,accountable_id,program_id,executive_id,organization_id,evaluation_id) VALUES ("81663","project526", "2022-2-6", "2024-6-19", "Compare memory in common physical dinner. Left what several run.", "519659", "50808", "67715", "18164", "83741", "58297", "48195");
INSERT INTO project (project_id,title,start_date,end_date,abstract,funds,evaluator_id,accountable_id,program_id,executive_id,organization_id,evaluation_id) VALUES ("66879","project553", "2021-7-19", "2024-10-4", "True call half option hit in. Environmental wide clearly morning.", "615557", "22570", "51476", "96340", "85288", "41733", "98346");
INSERT INTO project (project_id,title,start_date,end_date,abstract,funds,evaluator_id,accountable_id,program_id,executive_id,organization_id,evaluation_id) VALUES ("13974","project186", "2022-11-21", "2024-5-24", "Head social herself girl.", "826337", "90687", "91293", "74014", "80095", "19079", "56864");
INSERT INTO project (project_id,title,start_date,end_date,abstract,funds,evaluator_id,accountable_id,program_id,executive_id,organization_id,evaluation_id) VALUES ("24278","project206", "2020-4-11", "2023-12-21", "Thousand help lay course close production.", "306799", "13424", "23107", "18164", "47677", "61742", "12342");
INSERT INTO project (project_id,title,start_date,end_date,abstract,funds,evaluator_id,accountable_id,program_id,executive_id,organization_id,evaluation_id) VALUES ("61157","project700", "2021-3-5", "2023-10-12", "Mouth fly now maintain mission customer.", "642783", "89621", "61232", "90693", "67729", "52155", "48195");
INSERT INTO project (project_id,title,start_date,end_date,abstract,funds,evaluator_id,accountable_id,program_id,executive_id,organization_id,evaluation_id) VALUES ("93265","project422", "2022-5-19", "2024-3-28", "Me data agreement make relate again. Benefit majority head police join.", "419800", "19952", "96456", "85118", "15910", "20105", "23571");
INSERT INTO project (project_id,title,start_date,end_date,abstract,funds,evaluator_id,accountable_id,program_id,executive_id,organization_id,evaluation_id) VALUES ("28953","project419", "2020-12-3", "2022-7-19", "Daughter decade leave. Family support radio.", "480538", "56094", "99175", "96340", "66827", "19393", "68171");
INSERT INTO project (project_id,title,start_date,end_date,abstract,funds,evaluator_id,accountable_id,program_id,executive_id,organization_id,evaluation_id) VALUES ("21079","project764", "2022-11-9", "2025-9-24", "Around tonight society letter arrive walk.", "789656", "87955", "71236", "54452", "67729", "19393", "70789");
INSERT INTO project (project_id,title,start_date,end_date,abstract,funds,evaluator_id,accountable_id,program_id,executive_id,organization_id,evaluation_id) VALUES ("64622","project620", "2020-11-8", "2022-3-10", "Wide cost read each share statement.", "857257", "30518", "77982", "54348", "17170", "86334", "89082");
INSERT INTO project (project_id,title,start_date,end_date,abstract,funds,evaluator_id,accountable_id,program_id,executive_id,organization_id,evaluation_id) VALUES ("29338","project564", "2021-11-13", "2023-7-4", "Whom far season imagine action training entire.", "915966", "35443", "65830", "33925", "66301", "86334", "75933");
INSERT INTO project (project_id,title,start_date,end_date,abstract,funds,evaluator_id,accountable_id,program_id,executive_id,organization_id,evaluation_id) VALUES ("79109","project789", "2020-8-14", "2022-4-9", "Energy test month friend range sure source newspaper. Young would series cost create election.", "627648", "29369", "20592", "74014", "54382", "41733", "35474");
INSERT INTO project (project_id,title,start_date,end_date,abstract,funds,evaluator_id,accountable_id,program_id,executive_id,organization_id,evaluation_id) VALUES ("88595","project753", "2020-7-20", "2023-2-2", "They either color. Those available list top itself.", "993800", "91293", "52000", "30811", "84379", "19393", "52261");
INSERT INTO project (project_id,title,start_date,end_date,abstract,funds,evaluator_id,accountable_id,program_id,executive_id,organization_id,evaluation_id) VALUES ("49069","project782", "2020-5-2", "2022-6-9", "Stay imagine during kitchen marriage.", "696496", "37854", "92705", "99294", "60845", "91629", "69445");
INSERT INTO project (project_id,title,start_date,end_date,abstract,funds,evaluator_id,accountable_id,program_id,executive_id,organization_id,evaluation_id) VALUES ("92955","project117", "2022-4-28", "2024-12-1", "Sign join remain environmental change write staff.", "522695", "92679", "49075", "50931", "83479", "56491", "46548");
INSERT INTO project (project_id,title,start_date,end_date,abstract,funds,evaluator_id,accountable_id,program_id,executive_id,organization_id,evaluation_id) VALUES ("70261","project397", "2022-11-9", "2025-11-24", "Five couple quickly baby art.", "512644", "12691", "39472", "74014", "80032", "63051", "68171");
INSERT INTO project (project_id,title,start_date,end_date,abstract,funds,evaluator_id,accountable_id,program_id,executive_id,organization_id,evaluation_id) VALUES ("60653","project107", "2022-6-18", "2024-11-21", "Its continue consider minute fall action ten. Nothing notice building heart.", "238529", "88636", "76342", "52119", "84746", "33784", "63752");
INSERT INTO project (project_id,title,start_date,end_date,abstract,funds,evaluator_id,accountable_id,program_id,executive_id,organization_id,evaluation_id) VALUES ("52185","project738", "2020-11-12", "2022-7-22", "Citizen beyond then method.", "210959", "98077", "79764", "11140", "75330", "58297", "73394");
INSERT INTO project (project_id,title,start_date,end_date,abstract,funds,evaluator_id,accountable_id,program_id,executive_id,organization_id,evaluation_id) VALUES ("28117","project996", "2021-9-12", "2024-4-22", "Reveal traditional research history several.", "220499", "79556", "74848", "13088", "31847", "48721", "24973");
INSERT INTO project (project_id,title,start_date,end_date,abstract,funds,evaluator_id,accountable_id,program_id,executive_id,organization_id,evaluation_id) VALUES ("72620","project343", "2020-6-2", "2022-11-5", "Foot animal modern they fly especially.", "519117", "48289", "32978", "96569", "76738", "55285", "23571");
INSERT INTO project (project_id,title,start_date,end_date,abstract,funds,evaluator_id,accountable_id,program_id,executive_id,organization_id,evaluation_id) VALUES ("88530","project763", "2021-7-26", "2024-8-27", "Control summer member you society. Join side statement where.", "767433", "61232", "36061", "75400", "20780", "48721", "42667");
INSERT INTO project (project_id,title,start_date,end_date,abstract,funds,evaluator_id,accountable_id,program_id,executive_id,organization_id,evaluation_id) VALUES ("56229","project554", "2020-6-16", "2023-2-12", "Level own north true. Item director fish outside market others including.", "848561", "32910", "68862", "66661", "64381", "41733", "88224");
INSERT INTO project (project_id,title,start_date,end_date,abstract,funds,evaluator_id,accountable_id,program_id,executive_id,organization_id,evaluation_id) VALUES ("46843","project814", "2022-11-23", "2024-4-1", "Step modern call art. Course early natural everyone front skin cause.", "938497", "12140", "78243", "20177", "28981", "54659", "69030");
INSERT INTO project (project_id,title,start_date,end_date,abstract,funds,evaluator_id,accountable_id,program_id,executive_id,organization_id,evaluation_id) VALUES ("41106","project632", "2020-4-27", "2022-1-27", "Amount international government whose right less.", "872603", "13004", "75557", "66221", "29248", "54659", "69626");
INSERT INTO project (project_id,title,start_date,end_date,abstract,funds,evaluator_id,accountable_id,program_id,executive_id,organization_id,evaluation_id) VALUES ("43655","project664", "2021-7-17", "2024-1-25", "Somebody clear safe parent likely cost.", "851152", "92679", "14775", "45020", "30170", "55285", "63752");
INSERT INTO project (project_id,title,start_date,end_date,abstract,funds,evaluator_id,accountable_id,program_id,executive_id,organization_id,evaluation_id) VALUES ("36715","project607", "2021-8-20", "2023-8-20", "Son three inside.", "329841", "86878", "56811", "75786", "19784", "56491", "99307");
INSERT INTO project (project_id,title,start_date,end_date,abstract,funds,evaluator_id,accountable_id,program_id,executive_id,organization_id,evaluation_id) VALUES ("93076","project287", "2020-5-21", "2023-8-22", "Determine hour article she trouble.", "671817", "77903", "60961", "54452", "85240", "20105", "41791");
INSERT INTO project (project_id,title,start_date,end_date,abstract,funds,evaluator_id,accountable_id,program_id,executive_id,organization_id,evaluation_id) VALUES ("31790","project845", "2021-9-22", "2023-3-6", "Professor cost it story article.", "893253", "13288", "99681", "47771", "85703", "78157", "69030");
INSERT INTO project (project_id,title,start_date,end_date,abstract,funds,evaluator_id,accountable_id,program_id,executive_id,organization_id,evaluation_id) VALUES ("71418","project100", "2020-8-21", "2023-12-27", "Computer nearly a toward never detail other. None current PM line task ball technology.", "743814", "71857", "66864", "30811", "61321", "28082", "75728");
INSERT INTO project (project_id,title,start_date,end_date,abstract,funds,evaluator_id,accountable_id,program_id,executive_id,organization_id,evaluation_id) VALUES ("34181","project449", "2020-5-9", "2022-5-21", "Tough new nothing until. Exactly show list near subject.", "239908", "20459", "20459", "45020", "89441", "78206", "88224");
INSERT INTO project (project_id,title,start_date,end_date,abstract,funds,evaluator_id,accountable_id,program_id,executive_id,organization_id,evaluation_id) VALUES ("55068","project534", "2020-9-19", "2022-8-4", "Do there here myself.", "630943", "32910", "36061", "13730", "61704", "63051", "68802");
INSERT INTO project (project_id,title,start_date,end_date,abstract,funds,evaluator_id,accountable_id,program_id,executive_id,organization_id,evaluation_id) VALUES ("18268","project815", "2020-6-28", "2023-6-3", "Policy inside national fact remember paper.", "464077", "74671", "99262", "30218", "96920", "54659", "75728");
INSERT INTO project (project_id,title,start_date,end_date,abstract,funds,evaluator_id,accountable_id,program_id,executive_id,organization_id,evaluation_id) VALUES ("41538","project226", "2022-12-5", "2024-6-18", "Along stuff miss far number class accept. All return such program phone.", "119313", "81519", "93543", "18164", "11289", "48721", "14392");
INSERT INTO project (project_id,title,start_date,end_date,abstract,funds,evaluator_id,accountable_id,program_id,executive_id,organization_id,evaluation_id) VALUES ("10248","project530", "2020-6-28", "2023-2-23", "Possible behavior onto thousand action. Continue from beyond bank whole worry feeling.", "667641", "19930", "35443", "96569", "39384", "78206", "95214");
INSERT INTO project (project_id,title,start_date,end_date,abstract,funds,evaluator_id,accountable_id,program_id,executive_id,organization_id,evaluation_id) VALUES ("53801","project623", "2021-4-12", "2024-10-1", "Somebody test citizen conference. Serve money prevent very candidate chance.", "495774", "70887", "28174", "54348", "16027", "20105", "75933");
INSERT INTO project (project_id,title,start_date,end_date,abstract,funds,evaluator_id,accountable_id,program_id,executive_id,organization_id,evaluation_id) VALUES ("46354","project679", "2021-8-12", "2023-7-26", "Heart fact weight billion discuss sister seem. Reason soon then picture dark.", "235936", "38290", "50808", "74014", "83479", "55285", "68802");
INSERT INTO project (project_id,title,start_date,end_date,abstract,funds,evaluator_id,accountable_id,program_id,executive_id,organization_id,evaluation_id) VALUES ("35071","project518", "2021-12-6", "2024-4-25", "Perform cover red strong mind few team. Minute price last fight thing difference a.", "558107", "69193", "88636", "11529", "41498", "83251", "64151");
INSERT INTO project (project_id,title,start_date,end_date,abstract,funds,evaluator_id,accountable_id,program_id,executive_id,organization_id,evaluation_id) VALUES ("65283","project799", "2020-9-2", "2022-4-14", "Best else summer window dog. Sense sure own action term term.", "136278", "64635", "50808", "85735", "98623", "55285", "18133");
INSERT INTO project (project_id,title,start_date,end_date,abstract,funds,evaluator_id,accountable_id,program_id,executive_id,organization_id,evaluation_id) VALUES ("35193","project396", "2020-11-5", "2023-5-10", "Might drop two same arrive say morning coach. Impact author white door staff.", "736527", "34541", "26373", "96569", "22045", "61742", "76222");
INSERT INTO project (project_id,title,start_date,end_date,abstract,funds,evaluator_id,accountable_id,program_id,executive_id,organization_id,evaluation_id) VALUES ("54977","project902", "2022-12-9", "2024-10-26", "Note describe pressure carry each suggest. Clear well relationship back seem most population senior.", "427230", "26100", "78057", "50931", "34315", "33784", "48532");
INSERT INTO project (project_id,title,start_date,end_date,abstract,funds,evaluator_id,accountable_id,program_id,executive_id,organization_id,evaluation_id) VALUES ("16244","project919", "2021-10-3", "2023-3-25", "While end treatment cause size.", "737502", "30892", "91405", "65761", "42173", "27046", "75267");
INSERT INTO project (project_id,title,start_date,end_date,abstract,funds,evaluator_id,accountable_id,program_id,executive_id,organization_id,evaluation_id) VALUES ("93550","project908", "2021-7-22", "2023-11-16", "Health kind bit attention else without this. Another strong network dark hotel.", "487506", "74730", "69162", "20177", "90347", "17398", "32857");
INSERT INTO project (project_id,title,start_date,end_date,abstract,funds,evaluator_id,accountable_id,program_id,executive_id,organization_id,evaluation_id) VALUES ("71088","project230", "2021-3-5", "2023-10-1", "And probably save difficult drop ten.", "752613", "61866", "64903", "45020", "11289", "78206", "68802");
INSERT INTO project (project_id,title,start_date,end_date,abstract,funds,evaluator_id,accountable_id,program_id,executive_id,organization_id,evaluation_id) VALUES ("59628","project417", "2022-5-24", "2025-8-10", "Begin usually decision wonder.", "901089", "20459", "26130", "20994", "16027", "78157", "77283");
INSERT INTO project (project_id,title,start_date,end_date,abstract,funds,evaluator_id,accountable_id,program_id,executive_id,organization_id,evaluation_id) VALUES ("10617","project627", "2022-2-13", "2025-12-28", "Soldier so someone down past.", "219547", "39472", "94730", "94037", "17366", "83251", "48195");
INSERT INTO project (project_id,title,start_date,end_date,abstract,funds,evaluator_id,accountable_id,program_id,executive_id,organization_id,evaluation_id) VALUES ("81804","project725", "2021-4-17", "2024-10-26", "Side lose line treat least.", "851438", "23457", "72139", "90693", "59075", "55285", "46548");
INSERT INTO project (project_id,title,start_date,end_date,abstract,funds,evaluator_id,accountable_id,program_id,executive_id,organization_id,evaluation_id) VALUES ("70260","project483", "2022-3-15", "2025-5-19", "Street kitchen discover full number suggest crime.", "965456", "19952", "79795", "74014", "31312", "54659", "12030");
INSERT INTO project (project_id,title,start_date,end_date,abstract,funds,evaluator_id,accountable_id,program_id,executive_id,organization_id,evaluation_id) VALUES ("21345","project426", "2021-11-6", "2023-12-8", "Hear let program reality agent executive set base. Real marriage away check arrive there street.", "563482", "58644", "51425", "20177", "17366", "52155", "28011");
INSERT INTO project (project_id,title,start_date,end_date,abstract,funds,evaluator_id,accountable_id,program_id,executive_id,organization_id,evaluation_id) VALUES ("51221","project749", "2022-7-21", "2025-2-15", "Church never south until view.", "792927", "72882", "90245", "20994", "71249", "56491", "71524");
INSERT INTO project (project_id,title,start_date,end_date,abstract,funds,evaluator_id,accountable_id,program_id,executive_id,organization_id,evaluation_id) VALUES ("14732","project580", "2022-11-14", "2025-1-17", "Of tonight stock help industry along. Stage serious wife rest only detail.", "558206", "32910", "30798", "85118", "67783", "20105", "31476");
INSERT INTO project (project_id,title,start_date,end_date,abstract,funds,evaluator_id,accountable_id,program_id,executive_id,organization_id,evaluation_id) VALUES ("72147","project446", "2022-5-4", "2024-3-20", "Have down school score. Grow interview model safe recently require.", "508416", "34881", "94730", "96340", "19784", "58297", "89082");
INSERT INTO project (project_id,title,start_date,end_date,abstract,funds,evaluator_id,accountable_id,program_id,executive_id,organization_id,evaluation_id) VALUES ("31469","project930", "2020-6-28", "2022-12-17", "Activity west yourself economic picture treatment near. Great left bank similar.", "307513", "15746", "44641", "30218", "18249", "94153", "69445");
INSERT INTO project (project_id,title,start_date,end_date,abstract,funds,evaluator_id,accountable_id,program_id,executive_id,organization_id,evaluation_id) VALUES ("64492","project247", "2021-6-14", "2024-6-8", "Whether product let laugh miss statement. Kitchen want manage great bad data low.", "239143", "10362", "38612", "74014", "42173", "28082", "18186");
INSERT INTO project (project_id,title,start_date,end_date,abstract,funds,evaluator_id,accountable_id,program_id,executive_id,organization_id,evaluation_id) VALUES ("26033","project251", "2022-10-24", "2025-8-26", "Task interest maintain say sound.", "198053", "74671", "79837", "33925", "61847", "57684", "77924");
INSERT INTO project (project_id,title,start_date,end_date,abstract,funds,evaluator_id,accountable_id,program_id,executive_id,organization_id,evaluation_id) VALUES ("96602","project731", "2021-2-9", "2023-12-4", "Left bill production run conference. Although discover first money loss on.", "977221", "38290", "47180", "20994", "47677", "73540", "48532");
INSERT INTO project (project_id,title,start_date,end_date,abstract,funds,evaluator_id,accountable_id,program_id,executive_id,organization_id,evaluation_id) VALUES ("32586","project264", "2022-7-10", "2024-9-5", "Reality them set six over type hour. Score vote knowledge.", "865682", "30730", "86878", "45020", "40813", "91629", "23571");
INSERT INTO project (project_id,title,start_date,end_date,abstract,funds,evaluator_id,accountable_id,program_id,executive_id,organization_id,evaluation_id) VALUES ("99087","project254", "2020-7-24", "2022-11-19", "Glass charge a school condition stuff usually. Public per election real suffer world choice perform.", "488341", "67009", "20459", "74014", "89441", "32878", "26722");
INSERT INTO project (project_id,title,start_date,end_date,abstract,funds,evaluator_id,accountable_id,program_id,executive_id,organization_id,evaluation_id) VALUES ("43651","project644", "2020-12-22", "2022-11-27", "Win why eight lay newspaper. Organization health expect wish.", "813795", "89621", "95547", "11529", "28762", "57684", "20095");
INSERT INTO project (project_id,title,start_date,end_date,abstract,funds,evaluator_id,accountable_id,program_id,executive_id,organization_id,evaluation_id) VALUES ("37103","project286", "2020-2-4", "2023-9-25", "Doctor teacher other ball. Tree common bad.", "785020", "89842", "74671", "33925", "55417", "94153", "90021");
INSERT INTO project (project_id,title,start_date,end_date,abstract,funds,evaluator_id,accountable_id,program_id,executive_id,organization_id,evaluation_id) VALUES ("50308","project824", "2021-6-9", "2023-12-2", "Mean so close.", "293361", "69395", "38907", "83060", "83479", "36499", "41328");
INSERT INTO project (project_id,title,start_date,end_date,abstract,funds,evaluator_id,accountable_id,program_id,executive_id,organization_id,evaluation_id) VALUES ("90536","project596", "2020-8-4", "2022-9-6", "In human inside support indeed left single.", "106133", "99082", "47634", "54452", "84379", "36499", "60408");
INSERT INTO project (project_id,title,start_date,end_date,abstract,funds,evaluator_id,accountable_id,program_id,executive_id,organization_id,evaluation_id) VALUES ("23327","project924", "2021-7-10", "2023-7-9", "Catch between wear add rock another skill.", "314659", "78057", "34541", "20177", "61704", "33784", "70118");
INSERT INTO project (project_id,title,start_date,end_date,abstract,funds,evaluator_id,accountable_id,program_id,executive_id,organization_id,evaluation_id) VALUES ("53328","project709", "2020-12-8", "2023-3-26", "Process tend hour. Station so summer rest brother suggest health.", "653270", "29369", "30214", "66221", "15319", "86334", "62854");
INSERT INTO project (project_id,title,start_date,end_date,abstract,funds,evaluator_id,accountable_id,program_id,executive_id,organization_id,evaluation_id) VALUES ("43546","project278", "2020-7-1", "2023-9-17", "Carry carry pressure candidate wife quite could. Expect structure cut treat I writer.", "828636", "38290", "82340", "11140", "47677", "86334", "58392");
INSERT INTO project (project_id,title,start_date,end_date,abstract,funds,evaluator_id,accountable_id,program_id,executive_id,organization_id,evaluation_id) VALUES ("20667","project986", "2022-11-24", "2025-6-23", "Research growth wide try nature director explain. Sure it quickly culture.", "288465", "49158", "78243", "30352", "75502", "91629", "68337");
INSERT INTO project (project_id,title,start_date,end_date,abstract,funds,evaluator_id,accountable_id,program_id,executive_id,organization_id,evaluation_id) VALUES ("55605","project768", "2020-6-8", "2022-4-19", "Majority themselves rule else save teacher. Project executive serve accept school mean coach.", "889912", "25821", "46443", "85118", "65466", "78157", "10541");
INSERT INTO project (project_id,title,start_date,end_date,abstract,funds,evaluator_id,accountable_id,program_id,executive_id,organization_id,evaluation_id) VALUES ("29390","project315", "2020-12-2", "2022-3-27", "Charge happen clear your.", "307139", "34541", "28174", "30218", "11289", "33784", "80563");
INSERT INTO project (project_id,title,start_date,end_date,abstract,funds,evaluator_id,accountable_id,program_id,executive_id,organization_id,evaluation_id) VALUES ("19223","project515", "2020-11-17", "2023-1-16", "Clearly sound weight.", "353608", "52490", "99082", "18164", "39384", "91678", "34724");
INSERT INTO project (project_id,title,start_date,end_date,abstract,funds,evaluator_id,accountable_id,program_id,executive_id,organization_id,evaluation_id) VALUES ("94142","project645", "2020-9-20", "2022-7-24", "Also question new same speak from. She today far fund future identify.", "108900", "27373", "99262", "74014", "75502", "36971", "79724");
INSERT INTO project (project_id,title,start_date,end_date,abstract,funds,evaluator_id,accountable_id,program_id,executive_id,organization_id,evaluation_id) VALUES ("15970","project112", "2020-2-3", "2022-2-3", "Laugh eye save cell anything admit.", "708329", "87911", "50808", "66221", "84525", "58297", "98297");
INSERT INTO project (project_id,title,start_date,end_date,abstract,funds,evaluator_id,accountable_id,program_id,executive_id,organization_id,evaluation_id) VALUES ("30177","project334", "2021-7-17", "2023-7-10", "However nothing such woman beat fall.", "732454", "51800", "89842", "52119", "83741", "27046", "42667");
INSERT INTO project (project_id,title,start_date,end_date,abstract,funds,evaluator_id,accountable_id,program_id,executive_id,organization_id,evaluation_id) VALUES ("80061","project701", "2020-7-9", "2022-3-25", "Couple during decade keep.", "227703", "62161", "57160", "66661", "39366", "85429", "53633");
INSERT INTO project (project_id,title,start_date,end_date,abstract,funds,evaluator_id,accountable_id,program_id,executive_id,organization_id,evaluation_id) VALUES ("75815","project925", "2022-5-7", "2024-6-23", "Health tend drug early election should card. Us visit Democrat tree suggest.", "953812", "99082", "24551", "85735", "61704", "58297", "21789");
INSERT INTO project (project_id,title,start_date,end_date,abstract,funds,evaluator_id,accountable_id,program_id,executive_id,organization_id,evaluation_id) VALUES ("23489","project857", "2021-7-22", "2023-4-15", "Make be parent fly stay mission type early. Across girl technology.", "632072", "69421", "69395", "45020", "65715", "19393", "57672");
INSERT INTO project (project_id,title,start_date,end_date,abstract,funds,evaluator_id,accountable_id,program_id,executive_id,organization_id,evaluation_id) VALUES ("71754","project687", "2022-3-21", "2024-9-22", "Consumer conference million continue husband begin quite. Civil claim see group exactly.", "670062", "12370", "57924", "29793", "42065", "36499", "25857");
INSERT INTO project (project_id,title,start_date,end_date,abstract,funds,evaluator_id,accountable_id,program_id,executive_id,organization_id,evaluation_id) VALUES ("41128","project176", "2021-9-21", "2024-4-24", "Fast conference military century safe trial animal piece. Your enough picture list moment light.", "654037", "69193", "83836", "85118", "85288", "83251", "80563");
INSERT INTO project (project_id,title,start_date,end_date,abstract,funds,evaluator_id,accountable_id,program_id,executive_id,organization_id,evaluation_id) VALUES ("17414","project268", "2022-9-5", "2024-2-27", "Yard successful table nature understand street.", "105183", "87918", "26100", "13088", "54382", "57684", "70789");
INSERT INTO project (project_id,title,start_date,end_date,abstract,funds,evaluator_id,accountable_id,program_id,executive_id,organization_id,evaluation_id) VALUES ("23305","project872", "2020-4-1", "2022-9-12", "Go everything benefit.", "700933", "85903", "51800", "18164", "61321", "78206", "58392");
INSERT INTO project (project_id,title,start_date,end_date,abstract,funds,evaluator_id,accountable_id,program_id,executive_id,organization_id,evaluation_id) VALUES ("36243","project928", "2020-5-10", "2022-11-5", "Raise occur new throw successful.", "812396", "39075", "92952", "13730", "90347", "52155", "38753");
INSERT INTO project (project_id,title,start_date,end_date,abstract,funds,evaluator_id,accountable_id,program_id,executive_id,organization_id,evaluation_id) VALUES ("23519","project199", "2022-3-4", "2025-8-14", "Detail he notice sing.", "501693", "20174", "79764", "85735", "87945", "19079", "71775");
INSERT INTO project (project_id,title,start_date,end_date,abstract,funds,evaluator_id,accountable_id,program_id,executive_id,organization_id,evaluation_id) VALUES ("24513","project884", "2021-8-21", "2024-10-16", "Listen control subject enough walk again stop.", "177523", "42090", "36546", "54851", "65466", "32878", "16274");
INSERT INTO project (project_id,title,start_date,end_date,abstract,funds,evaluator_id,accountable_id,program_id,executive_id,organization_id,evaluation_id) VALUES ("40332","project258", "2021-5-2", "2024-10-12", "Network choose administration indicate plan right.", "792201", "87481", "67715", "28722", "66143", "19393", "75858");
INSERT INTO project (project_id,title,start_date,end_date,abstract,funds,evaluator_id,accountable_id,program_id,executive_id,organization_id,evaluation_id) VALUES ("32764","project968", "2022-10-21", "2024-12-28", "Physical realize national activity size none miss. Piece pattern many.", "310608", "72189", "17860", "20994", "31847", "85429", "47852");
INSERT INTO project (project_id,title,start_date,end_date,abstract,funds,evaluator_id,accountable_id,program_id,executive_id,organization_id,evaluation_id) VALUES ("31487","project374", "2022-4-19", "2025-1-16", "Institution road result.", "987999", "34639", "25836", "50931", "66301", "41733", "77924");
INSERT INTO project (project_id,title,start_date,end_date,abstract,funds,evaluator_id,accountable_id,program_id,executive_id,organization_id,evaluation_id) VALUES ("15044","project634", "2021-2-6", "2024-10-8", "Measure human animal police catch food able. Onto everybody firm yourself system among seven around.", "683585", "89842", "24472", "13088", "60502", "56491", "12758");
INSERT INTO project (project_id,title,start_date,end_date,abstract,funds,evaluator_id,accountable_id,program_id,executive_id,organization_id,evaluation_id) VALUES ("67311","project408", "2020-5-5", "2022-10-13", "Treatment yourself above. Night across kind data that.", "700177", "84899", "79764", "33925", "14772", "86334", "75858");
INSERT INTO project (project_id,title,start_date,end_date,abstract,funds,evaluator_id,accountable_id,program_id,executive_id,organization_id,evaluation_id) VALUES ("50761","project116", "2021-2-25", "2023-12-12", "Issue watch of subject. Place ok dream better try.", "231515", "21626", "48361", "20994", "52824", "32878", "95640");
INSERT INTO project (project_id,title,start_date,end_date,abstract,funds,evaluator_id,accountable_id,program_id,executive_id,organization_id,evaluation_id) VALUES ("95207","project874", "2021-11-18", "2023-4-8", "Consumer early plan age cold cultural which. Collection particular national world buy defense identify.", "488582", "23890", "22570", "13730", "18249", "27046", "23571");
INSERT INTO project (project_id,title,start_date,end_date,abstract,funds,evaluator_id,accountable_id,program_id,executive_id,organization_id,evaluation_id) VALUES ("37883","project249", "2022-12-1", "2025-6-11", "Debate arm enjoy up hundred friend. Heavy tree available nor.", "352589", "45365", "23107", "65761", "61321", "48721", "17683");
INSERT INTO project (project_id,title,start_date,end_date,abstract,funds,evaluator_id,accountable_id,program_id,executive_id,organization_id,evaluation_id) VALUES ("56461","project520", "2022-6-6", "2025-9-4", "Local discussion wrong plant themselves cause health smile. News gas record operation.", "660020", "96456", "79764", "52119", "11289", "91678", "21789");
INSERT INTO project (project_id,title,start_date,end_date,abstract,funds,evaluator_id,accountable_id,program_id,executive_id,organization_id,evaluation_id) VALUES ("22545","project759", "2020-7-4", "2022-4-13", "Risk evening partner amount since early hard.", "839006", "87911", "80472", "25274", "89441", "57684", "88224");
INSERT INTO project (project_id,title,start_date,end_date,abstract,funds,evaluator_id,accountable_id,program_id,executive_id,organization_id,evaluation_id) VALUES ("75575","project685", "2020-9-4", "2022-4-10", "Budget factor outside director tell. Face seat along believe program word southern.", "290529", "92657", "92705", "13730", "75330", "55285", "24973");
INSERT INTO project (project_id,title,start_date,end_date,abstract,funds,evaluator_id,accountable_id,program_id,executive_id,organization_id,evaluation_id) VALUES ("87536","project478", "2020-10-21", "2023-11-3", "Military seven make much seem bring. Do practice specific just day activity.", "991403", "56811", "99082", "66661", "23762", "48721", "48713");
INSERT INTO project (project_id,title,start_date,end_date,abstract,funds,evaluator_id,accountable_id,program_id,executive_id,organization_id,evaluation_id) VALUES ("55600","project136", "2020-8-1", "2023-1-9", "Position heart poor give less manager.", "116231", "36061", "67009", "89527", "87913", "58297", "76222");
INSERT INTO project (project_id,title,start_date,end_date,abstract,funds,evaluator_id,accountable_id,program_id,executive_id,organization_id,evaluation_id) VALUES ("46097","project599", "2022-12-8", "2024-4-16", "Nation apply behind use defense.", "803468", "99681", "76342", "54452", "82562", "28082", "87931");
INSERT INTO project (project_id,title,start_date,end_date,abstract,funds,evaluator_id,accountable_id,program_id,executive_id,organization_id,evaluation_id) VALUES ("85870","project161", "2020-12-19", "2022-2-21", "Check tree take might. Product human newspaper important.", "455653", "19930", "99175", "50324", "46728", "19079", "60446");
INSERT INTO project (project_id,title,start_date,end_date,abstract,funds,evaluator_id,accountable_id,program_id,executive_id,organization_id,evaluation_id) VALUES ("41439","project704", "2022-4-22", "2024-10-25", "Bit draw speak rate. Hour why many reflect peace memory need.", "686825", "20592", "20334", "13088", "61847", "27046", "26722");
INSERT INTO project (project_id,title,start_date,end_date,abstract,funds,evaluator_id,accountable_id,program_id,executive_id,organization_id,evaluation_id) VALUES ("70299","project812", "2021-12-13", "2023-9-21", "Human glass experience claim break.", "836281", "16453", "80472", "96569", "86189", "56491", "46548");
INSERT INTO project (project_id,title,start_date,end_date,abstract,funds,evaluator_id,accountable_id,program_id,executive_id,organization_id,evaluation_id) VALUES ("39354","project723", "2021-9-18", "2024-10-21", "Wife debate own report forward early.", "616268", "99287", "57139", "65761", "85743", "52155", "87928");
INSERT INTO project (project_id,title,start_date,end_date,abstract,funds,evaluator_id,accountable_id,program_id,executive_id,organization_id,evaluation_id) VALUES ("39250","project910", "2020-12-12", "2023-9-26", "Discuss eye full strategy activity available piece.", "106873", "61232", "80602", "75400", "85240", "33784", "90021");
INSERT INTO project (project_id,title,start_date,end_date,abstract,funds,evaluator_id,accountable_id,program_id,executive_id,organization_id,evaluation_id) VALUES ("98750","project144", "2021-4-18", "2023-8-24", "Executive recently movie agent tax little.", "454105", "45597", "24551", "47771", "11289", "20105", "38753");
INSERT INTO project (project_id,title,start_date,end_date,abstract,funds,evaluator_id,accountable_id,program_id,executive_id,organization_id,evaluation_id) VALUES ("38282","project127", "2022-12-23", "2025-7-27", "Game standard goal style. Relationship activity break than get physical.", "947088", "45597", "76998", "90693", "28873", "57684", "23389");
INSERT INTO project (project_id,title,start_date,end_date,abstract,funds,evaluator_id,accountable_id,program_id,executive_id,organization_id,evaluation_id) VALUES ("43045","project509", "2021-2-1", "2023-1-11", "Election least thing color. Piece most now response successful can like skill.", "422215", "62888", "69162", "96569", "97615", "73540", "49762");
INSERT INTO project (project_id,title,start_date,end_date,abstract,funds,evaluator_id,accountable_id,program_id,executive_id,organization_id,evaluation_id) VALUES ("41148","project783", "2021-11-22", "2024-7-5", "People coach anyone across. Heavy different chance.", "266104", "80602", "87911", "99294", "76736", "61742", "49762");
INSERT INTO project (project_id,title,start_date,end_date,abstract,funds,evaluator_id,accountable_id,program_id,executive_id,organization_id,evaluation_id) VALUES ("97683","project565", "2021-11-9", "2023-10-3", "Every building adult once.", "868485", "90687", "12140", "30811", "15319", "57684", "94542");
INSERT INTO project (project_id,title,start_date,end_date,abstract,funds,evaluator_id,accountable_id,program_id,executive_id,organization_id,evaluation_id) VALUES ("97662","project582", "2020-11-7", "2023-5-7", "Sell though exist like field month exist. Sort store difference student bring people song.", "799093", "19266", "48361", "83060", "52058", "41733", "87928");
INSERT INTO project (project_id,title,start_date,end_date,abstract,funds,evaluator_id,accountable_id,program_id,executive_id,organization_id,evaluation_id) VALUES ("49426","project548", "2020-11-9", "2023-1-12", "Expert radio church tough environmental. Note player heart.", "310019", "84030", "54895", "83060", "96865", "36971", "50247");
INSERT INTO project (project_id,title,start_date,end_date,abstract,funds,evaluator_id,accountable_id,program_id,executive_id,organization_id,evaluation_id) VALUES ("39125","project305", "2022-3-13", "2024-2-26", "Single game service individual crime measure it anyone. Have structure tree morning charge dream.", "389348", "73403", "80591", "28722", "41910", "32878", "69626");
INSERT INTO project (project_id,title,start_date,end_date,abstract,funds,evaluator_id,accountable_id,program_id,executive_id,organization_id,evaluation_id) VALUES ("52159","project235", "2022-7-17", "2024-1-26", "Recognize leave challenge. Positive sure fast trouble catch.", "470092", "30225", "80267", "11140", "89441", "57684", "12030");
INSERT INTO project (project_id,title,start_date,end_date,abstract,funds,evaluator_id,accountable_id,program_id,executive_id,organization_id,evaluation_id) VALUES ("98486","project458", "2021-7-22", "2023-9-5", "Actually allow floor none figure maintain few recent.", "675582", "19757", "80789", "83060", "29248", "17398", "98346");
INSERT INTO project (project_id,title,start_date,end_date,abstract,funds,evaluator_id,accountable_id,program_id,executive_id,organization_id,evaluation_id) VALUES ("25532","project380", "2021-5-24", "2023-12-15", "South about day project road too.", "777477", "63938", "42243", "11140", "84379", "20105", "50247");
INSERT INTO project (project_id,title,start_date,end_date,abstract,funds,evaluator_id,accountable_id,program_id,executive_id,organization_id,evaluation_id) VALUES ("27772","project158", "2020-12-3", "2023-6-27", "Drive that friend wide alone general federal read.", "426292", "72139", "30230", "11140", "15910", "85429", "41791");
INSERT INTO project (project_id,title,start_date,end_date,abstract,funds,evaluator_id,accountable_id,program_id,executive_id,organization_id,evaluation_id) VALUES ("45265","project677", "2020-10-23", "2022-4-2", "Require career talk according.", "858791", "28435", "88636", "94037", "82562", "54659", "43775");
INSERT INTO project (project_id,title,start_date,end_date,abstract,funds,evaluator_id,accountable_id,program_id,executive_id,organization_id,evaluation_id) VALUES ("94447","project567", "2021-11-17", "2024-12-4", "Director result explain newspaper.", "243082", "13288", "96554", "52119", "59075", "17398", "60593");
INSERT INTO project (project_id,title,start_date,end_date,abstract,funds,evaluator_id,accountable_id,program_id,executive_id,organization_id,evaluation_id) VALUES ("94039","project708", "2022-3-5", "2024-7-2", "Sort such cultural friend lot.", "799809", "13527", "66757", "66661", "94860", "48721", "62854");
INSERT INTO project (project_id,title,start_date,end_date,abstract,funds,evaluator_id,accountable_id,program_id,executive_id,organization_id,evaluation_id) VALUES ("54860","project211", "2022-6-7", "2025-10-6", "Guess again quite radio push.", "144025", "60961", "41316", "75786", "26088", "36499", "24999");
INSERT INTO project (project_id,title,start_date,end_date,abstract,funds,evaluator_id,accountable_id,program_id,executive_id,organization_id,evaluation_id) VALUES ("44152","project495", "2020-8-9", "2022-9-13", "Nice very act town owner move individual public. Back station few rule executive.", "168933", "31003", "81758", "45789", "52990", "55285", "40650");
INSERT INTO project (project_id,title,start_date,end_date,abstract,funds,evaluator_id,accountable_id,program_id,executive_id,organization_id,evaluation_id) VALUES ("81582","project191", "2021-12-5", "2024-6-9", "Group tough wish despite. Sing modern down the.", "318084", "40297", "99262", "40895", "83479", "56491", "68802");
INSERT INTO project (project_id,title,start_date,end_date,abstract,funds,evaluator_id,accountable_id,program_id,executive_id,organization_id,evaluation_id) VALUES ("94946","project854", "2020-9-20", "2022-5-10", "Agreement mean cut performance other wall. Major finish individual either.", "743604", "65873", "92657", "94037", "52058", "52155", "47852");
INSERT INTO project (project_id,title,start_date,end_date,abstract,funds,evaluator_id,accountable_id,program_id,executive_id,organization_id,evaluation_id) VALUES ("32774","project718", "2020-9-22", "2022-8-23", "Least camera yeah share role decision international plant.", "195733", "30983", "89842", "85118", "87913", "57684", "63172");
INSERT INTO project (project_id,title,start_date,end_date,abstract,funds,evaluator_id,accountable_id,program_id,executive_id,organization_id,evaluation_id) VALUES ("48398","project394", "2021-7-2", "2024-5-19", "Walk growth life strong author from.", "346572", "92679", "72139", "40895", "75947", "56491", "40526");
INSERT INTO project (project_id,title,start_date,end_date,abstract,funds,evaluator_id,accountable_id,program_id,executive_id,organization_id,evaluation_id) VALUES ("75954","project173", "2021-2-25", "2024-6-6", "Toward road run color. Late nature million million letter.", "620698", "77903", "76702", "74014", "82559", "55285", "40526");
INSERT INTO project (project_id,title,start_date,end_date,abstract,funds,evaluator_id,accountable_id,program_id,executive_id,organization_id,evaluation_id) VALUES ("10816","project932", "2021-2-21", "2023-4-14", "Continue return generation factor section hotel.", "327134", "80602", "13547", "11140", "19590", "17398", "41078");
INSERT INTO project (project_id,title,start_date,end_date,abstract,funds,evaluator_id,accountable_id,program_id,executive_id,organization_id,evaluation_id) VALUES ("11805","project129", "2022-6-25", "2024-3-1", "Sport summer southern more page education.", "282606", "28435", "35443", "99294", "80095", "19393", "72324");
INSERT INTO project (project_id,title,start_date,end_date,abstract,funds,evaluator_id,accountable_id,program_id,executive_id,organization_id,evaluation_id) VALUES ("82282","project861", "2021-8-13", "2023-6-5", "Discussion conference human child.", "489704", "61735", "33363", "20177", "61321", "61742", "33660");
INSERT INTO project (project_id,title,start_date,end_date,abstract,funds,evaluator_id,accountable_id,program_id,executive_id,organization_id,evaluation_id) VALUES ("55861","project524", "2020-3-22", "2023-10-1", "Example write bring country. Parent need force cost whom strong firm sell.", "730758", "30730", "92112", "99294", "39384", "17398", "66256");
INSERT INTO project (project_id,title,start_date,end_date,abstract,funds,evaluator_id,accountable_id,program_id,executive_id,organization_id,evaluation_id) VALUES ("89523","project164", "2020-7-7", "2022-1-23", "Police standard service range dinner then history.", "277848", "79795", "48289", "13730", "16027", "91678", "22549");
INSERT INTO project (project_id,title,start_date,end_date,abstract,funds,evaluator_id,accountable_id,program_id,executive_id,organization_id,evaluation_id) VALUES ("18218","project103", "2022-3-22", "2025-5-19", "Matter always player mouth policy.", "438820", "77856", "20459", "75237", "52990", "48721", "24927");
INSERT INTO project (project_id,title,start_date,end_date,abstract,funds,evaluator_id,accountable_id,program_id,executive_id,organization_id,evaluation_id) VALUES ("30279","project835", "2021-10-26", "2024-4-10", "Tv between whatever husband nearly husband site. Provide glass involve many job.", "578715", "61866", "51476", "45789", "15910", "91629", "80563");
INSERT INTO project (project_id,title,start_date,end_date,abstract,funds,evaluator_id,accountable_id,program_id,executive_id,organization_id,evaluation_id) VALUES ("64554","project598", "2022-8-5", "2025-10-6", "System week early Democrat. Apply degree today produce production.", "519889", "30798", "88000", "28722", "71249", "52155", "82521");
INSERT INTO project (project_id,title,start_date,end_date,abstract,funds,evaluator_id,accountable_id,program_id,executive_id,organization_id,evaluation_id) VALUES ("64267","project192", "2022-5-21", "2024-12-19", "House there record speak.", "341178", "78152", "92952", "75400", "54382", "58297", "57925");
INSERT INTO project (project_id,title,start_date,end_date,abstract,funds,evaluator_id,accountable_id,program_id,executive_id,organization_id,evaluation_id) VALUES ("19062","project203", "2021-8-18", "2024-3-26", "Drop write media that kind. Environment customer late significant medical several.", "598409", "83836", "21036", "90693", "74487", "54659", "25102");
INSERT INTO project (project_id,title,start_date,end_date,abstract,funds,evaluator_id,accountable_id,program_id,executive_id,organization_id,evaluation_id) VALUES ("99335","project895", "2021-9-20", "2023-6-12", "Low decide collection.", "259385", "87911", "79795", "40895", "18249", "28082", "36448");
INSERT INTO project (project_id,title,start_date,end_date,abstract,funds,evaluator_id,accountable_id,program_id,executive_id,organization_id,evaluation_id) VALUES ("31007","project801", "2020-9-26", "2022-9-24", "Grow travel just attorney turn. Public hope piece very billion method performance.", "498658", "96806", "23731", "18164", "70183", "19393", "79469");
INSERT INTO project (project_id,title,start_date,end_date,abstract,funds,evaluator_id,accountable_id,program_id,executive_id,organization_id,evaluation_id) VALUES ("32701","project464", "2021-9-2", "2023-10-9", "Way economy college suggest never group. Subject run ready sometimes.", "601998", "73772", "45597", "75786", "80488", "56491", "69445");
INSERT INTO project (project_id,title,start_date,end_date,abstract,funds,evaluator_id,accountable_id,program_id,executive_id,organization_id,evaluation_id) VALUES ("40168","project542", "2020-6-28", "2023-5-18", "Suffer record economy door probably.", "601346", "66853", "93543", "74014", "85703", "61742", "24034");
INSERT INTO project (project_id,title,start_date,end_date,abstract,funds,evaluator_id,accountable_id,program_id,executive_id,organization_id,evaluation_id) VALUES ("85068","project131", "2020-12-27", "2022-2-23", "Read safe happen child million father federal.", "137030", "46776", "23107", "85118", "70183", "55285", "89082");
INSERT INTO project (project_id,title,start_date,end_date,abstract,funds,evaluator_id,accountable_id,program_id,executive_id,organization_id,evaluation_id) VALUES ("67860","project654", "2022-10-16", "2025-7-24", "Above near guy purpose however.", "620834", "98077", "40297", "66661", "75417", "94153", "28001");
INSERT INTO project (project_id,title,start_date,end_date,abstract,funds,evaluator_id,accountable_id,program_id,executive_id,organization_id,evaluation_id) VALUES ("12060","project536", "2020-7-1", "2022-11-24", "Computer discuss effort after.", "414259", "52513", "77982", "30811", "11289", "83251", "75267");
INSERT INTO project (project_id,title,start_date,end_date,abstract,funds,evaluator_id,accountable_id,program_id,executive_id,organization_id,evaluation_id) VALUES ("56843","project934", "2021-9-1", "2024-1-14", "To perform plan open institution summer growth.", "684764", "23275", "79795", "54348", "86189", "63051", "30759");
INSERT INTO project (project_id,title,start_date,end_date,abstract,funds,evaluator_id,accountable_id,program_id,executive_id,organization_id,evaluation_id) VALUES ("70572","project748", "2021-9-25", "2023-8-8", "Direction political participant individual push top. Follow beat notice hope.", "792447", "30798", "30798", "54452", "75502", "86334", "17683");

-- phone_number 
INSERT INTO phone_number (organization_id,phone) VALUES ("28082","6258851244");
INSERT INTO phone_number (organization_id,phone) VALUES ("61742","4693490432");
INSERT INTO phone_number (organization_id,phone) VALUES ("85429","1309526370");
INSERT INTO phone_number (organization_id,phone) VALUES ("19393","3975196275");
INSERT INTO phone_number (organization_id,phone) VALUES ("86334","7850536411");
INSERT INTO phone_number (organization_id,phone) VALUES ("78206","3860678558");
INSERT INTO phone_number (organization_id,phone) VALUES ("17398","1608861434");
INSERT INTO phone_number (organization_id,phone) VALUES ("20105","9862591567");
INSERT INTO phone_number (organization_id,phone) VALUES ("83251","6424127924");
INSERT INTO phone_number (organization_id,phone) VALUES ("33784","2733138491");
INSERT INTO phone_number (organization_id,phone) VALUES ("33784","6767841747");
INSERT INTO phone_number (organization_id,phone) VALUES ("63051","1767453943");
INSERT INTO phone_number (organization_id,phone) VALUES ("56491","4914630564");
INSERT INTO phone_number (organization_id,phone) VALUES ("19393","9198465062");
INSERT INTO phone_number (organization_id,phone) VALUES ("36499","2362593580");
INSERT INTO phone_number (organization_id,phone) VALUES ("78206","2760374168");
INSERT INTO phone_number (organization_id,phone) VALUES ("94153","3830492074");
INSERT INTO phone_number (organization_id,phone) VALUES ("55285","7327360337");
INSERT INTO phone_number (organization_id,phone) VALUES ("24604","7405410084");
INSERT INTO phone_number (organization_id,phone) VALUES ("28082","2642641932");
INSERT INTO phone_number (organization_id,phone) VALUES ("36499","8443616158");
INSERT INTO phone_number (organization_id,phone) VALUES ("41733","9815427364");
INSERT INTO phone_number (organization_id,phone) VALUES ("32878","7211583603");
INSERT INTO phone_number (organization_id,phone) VALUES ("91629","1920216062");
INSERT INTO phone_number (organization_id,phone) VALUES ("48721","4652545566");
INSERT INTO phone_number (organization_id,phone) VALUES ("63051","2931729274");
INSERT INTO phone_number (organization_id,phone) VALUES ("20105","3148912974");
INSERT INTO phone_number (organization_id,phone) VALUES ("78206","9132528379");
INSERT INTO phone_number (organization_id,phone) VALUES ("54659","1166493398");
INSERT INTO phone_number (organization_id,phone) VALUES ("48721","1826857504");

-- works_on_project 
INSERT INTO works_on_project (project_id,researcher_id) VALUES ("83843","92070");
INSERT INTO works_on_project (project_id,researcher_id) VALUES ("90517","74730");
INSERT INTO works_on_project (project_id,researcher_id) VALUES ("78974","92785");
INSERT INTO works_on_project (project_id,researcher_id) VALUES ("22306","31003");
INSERT INTO works_on_project (project_id,researcher_id) VALUES ("87047","69421");
INSERT INTO works_on_project (project_id,researcher_id) VALUES ("98075","73772");
INSERT INTO works_on_project (project_id,researcher_id) VALUES ("70633","86878");
INSERT INTO works_on_project (project_id,researcher_id) VALUES ("84738","80472");
INSERT INTO works_on_project (project_id,researcher_id) VALUES ("66330","19577");
INSERT INTO works_on_project (project_id,researcher_id) VALUES ("59602","97253");
INSERT INTO works_on_project (project_id,researcher_id) VALUES ("81663","53381");
INSERT INTO works_on_project (project_id,researcher_id) VALUES ("66879","61866");
INSERT INTO works_on_project (project_id,researcher_id) VALUES ("13974","81985");
INSERT INTO works_on_project (project_id,researcher_id) VALUES ("24278","23928");
INSERT INTO works_on_project (project_id,researcher_id) VALUES ("61157","61735");
INSERT INTO works_on_project (project_id,researcher_id) VALUES ("93265","76342");
INSERT INTO works_on_project (project_id,researcher_id) VALUES ("28953","14461");
INSERT INTO works_on_project (project_id,researcher_id) VALUES ("21079","30518");
INSERT INTO works_on_project (project_id,researcher_id) VALUES ("64622","12370");
INSERT INTO works_on_project (project_id,researcher_id) VALUES ("29338","87955");
INSERT INTO works_on_project (project_id,researcher_id) VALUES ("79109","39075");
INSERT INTO works_on_project (project_id,researcher_id) VALUES ("88595","66864");
INSERT INTO works_on_project (project_id,researcher_id) VALUES ("49069","61432");
INSERT INTO works_on_project (project_id,researcher_id) VALUES ("92955","17860");
INSERT INTO works_on_project (project_id,researcher_id) VALUES ("70261","62127");
INSERT INTO works_on_project (project_id,researcher_id) VALUES ("60653","46443");
INSERT INTO works_on_project (project_id,researcher_id) VALUES ("52185","95776");
INSERT INTO works_on_project (project_id,researcher_id) VALUES ("28117","30225");
INSERT INTO works_on_project (project_id,researcher_id) VALUES ("72620","20174");
INSERT INTO works_on_project (project_id,researcher_id) VALUES ("88530","23890");
INSERT INTO works_on_project (project_id,researcher_id) VALUES ("56229","20117");
INSERT INTO works_on_project (project_id,researcher_id) VALUES ("46843","53934");
INSERT INTO works_on_project (project_id,researcher_id) VALUES ("41106","74047");
INSERT INTO works_on_project (project_id,researcher_id) VALUES ("43655","39395");
INSERT INTO works_on_project (project_id,researcher_id) VALUES ("36715","66853");
INSERT INTO works_on_project (project_id,researcher_id) VALUES ("93076","20610");
INSERT INTO works_on_project (project_id,researcher_id) VALUES ("31790","18687");
INSERT INTO works_on_project (project_id,researcher_id) VALUES ("71418","38290");
INSERT INTO works_on_project (project_id,researcher_id) VALUES ("34181","77903");
INSERT INTO works_on_project (project_id,researcher_id) VALUES ("55068","54385");
INSERT INTO works_on_project (project_id,researcher_id) VALUES ("18268","44273");
INSERT INTO works_on_project (project_id,researcher_id) VALUES ("41538","71857");
INSERT INTO works_on_project (project_id,researcher_id) VALUES ("10248","98077");
INSERT INTO works_on_project (project_id,researcher_id) VALUES ("53801","36250");
INSERT INTO works_on_project (project_id,researcher_id) VALUES ("46354","64903");
INSERT INTO works_on_project (project_id,researcher_id) VALUES ("35071","91405");
INSERT INTO works_on_project (project_id,researcher_id) VALUES ("65283","72139");
INSERT INTO works_on_project (project_id,researcher_id) VALUES ("35193","11050");
INSERT INTO works_on_project (project_id,researcher_id) VALUES ("54977","28482");
INSERT INTO works_on_project (project_id,researcher_id) VALUES ("16244","58160");
INSERT INTO works_on_project (project_id,researcher_id) VALUES ("93550","52914");
INSERT INTO works_on_project (project_id,researcher_id) VALUES ("71088","34639");
INSERT INTO works_on_project (project_id,researcher_id) VALUES ("59628","81519");
INSERT INTO works_on_project (project_id,researcher_id) VALUES ("10617","92679");
INSERT INTO works_on_project (project_id,researcher_id) VALUES ("81804","47259");
INSERT INTO works_on_project (project_id,researcher_id) VALUES ("70260","72882");
INSERT INTO works_on_project (project_id,researcher_id) VALUES ("21345","56094");
INSERT INTO works_on_project (project_id,researcher_id) VALUES ("51221","80602");
INSERT INTO works_on_project (project_id,researcher_id) VALUES ("14732","10045");
INSERT INTO works_on_project (project_id,researcher_id) VALUES ("72147","88970");
INSERT INTO works_on_project (project_id,researcher_id) VALUES ("31469","80591");
INSERT INTO works_on_project (project_id,researcher_id) VALUES ("64492","39676");
INSERT INTO works_on_project (project_id,researcher_id) VALUES ("26033","13288");
INSERT INTO works_on_project (project_id,researcher_id) VALUES ("96602","24472");
INSERT INTO works_on_project (project_id,researcher_id) VALUES ("32586","99082");
INSERT INTO works_on_project (project_id,researcher_id) VALUES ("99087","69682");
INSERT INTO works_on_project (project_id,researcher_id) VALUES ("43651","83798");
INSERT INTO works_on_project (project_id,researcher_id) VALUES ("37103","69162");
INSERT INTO works_on_project (project_id,researcher_id) VALUES ("50308","89024");
INSERT INTO works_on_project (project_id,researcher_id) VALUES ("90536","99681");
INSERT INTO works_on_project (project_id,researcher_id) VALUES ("23327","67009");
INSERT INTO works_on_project (project_id,researcher_id) VALUES ("53328","80267");
INSERT INTO works_on_project (project_id,researcher_id) VALUES ("43546","89465");
INSERT INTO works_on_project (project_id,researcher_id) VALUES ("20667","23457");
INSERT INTO works_on_project (project_id,researcher_id) VALUES ("55605","71341");
INSERT INTO works_on_project (project_id,researcher_id) VALUES ("29390","30214");
INSERT INTO works_on_project (project_id,researcher_id) VALUES ("19223","13004");
INSERT INTO works_on_project (project_id,researcher_id) VALUES ("94142","92112");
INSERT INTO works_on_project (project_id,researcher_id) VALUES ("15970","34541");
INSERT INTO works_on_project (project_id,researcher_id) VALUES ("30177","13527");
INSERT INTO works_on_project (project_id,researcher_id) VALUES ("80061","78057");
INSERT INTO works_on_project (project_id,researcher_id) VALUES ("23489","95147");
INSERT INTO works_on_project (project_id,researcher_id) VALUES ("71754","23802");
INSERT INTO works_on_project (project_id,researcher_id) VALUES ("41128","72064");
INSERT INTO works_on_project (project_id,researcher_id) VALUES ("17414","89957");
INSERT INTO works_on_project (project_id,researcher_id) VALUES ("23305","82340");
INSERT INTO works_on_project (project_id,researcher_id) VALUES ("36243","97436");
INSERT INTO works_on_project (project_id,researcher_id) VALUES ("23519","43926");
INSERT INTO works_on_project (project_id,researcher_id) VALUES ("24513","59686");
INSERT INTO works_on_project (project_id,researcher_id) VALUES ("40332","48361");
INSERT INTO works_on_project (project_id,researcher_id) VALUES ("32764","74671");
INSERT INTO works_on_project (project_id,researcher_id) VALUES ("31487","66757");
INSERT INTO works_on_project (project_id,researcher_id) VALUES ("15044","63938");
INSERT INTO works_on_project (project_id,researcher_id) VALUES ("67311","32884");
INSERT INTO works_on_project (project_id,researcher_id) VALUES ("50761","33384");
INSERT INTO works_on_project (project_id,researcher_id) VALUES ("95207","89842");
INSERT INTO works_on_project (project_id,researcher_id) VALUES ("37883","68862");
INSERT INTO works_on_project (project_id,researcher_id) VALUES ("56461","83836");
INSERT INTO works_on_project (project_id,researcher_id) VALUES ("22545","50968");
INSERT INTO works_on_project (project_id,researcher_id) VALUES ("75575","64725");
INSERT INTO works_on_project (project_id,researcher_id) VALUES ("46097","47180");
INSERT INTO works_on_project (project_id,researcher_id) VALUES ("85870","84899");
INSERT INTO works_on_project (project_id,researcher_id) VALUES ("41439","79346");
INSERT INTO works_on_project (project_id,researcher_id) VALUES ("70299","25836");
INSERT INTO works_on_project (project_id,researcher_id) VALUES ("39354","64635");
INSERT INTO works_on_project (project_id,researcher_id) VALUES ("39250","49300");
INSERT INTO works_on_project (project_id,researcher_id) VALUES ("98750","31309");
INSERT INTO works_on_project (project_id,researcher_id) VALUES ("38282","88636");
INSERT INTO works_on_project (project_id,researcher_id) VALUES ("43045","48457");
INSERT INTO works_on_project (project_id,researcher_id) VALUES ("41148","71236");
INSERT INTO works_on_project (project_id,researcher_id) VALUES ("97683","23275");
INSERT INTO works_on_project (project_id,researcher_id) VALUES ("97662","77856");
INSERT INTO works_on_project (project_id,researcher_id) VALUES ("49426","63088");
INSERT INTO works_on_project (project_id,researcher_id) VALUES ("39125","60961");
INSERT INTO works_on_project (project_id,researcher_id) VALUES ("52159","92705");
INSERT INTO works_on_project (project_id,researcher_id) VALUES ("98486","30730");
INSERT INTO works_on_project (project_id,researcher_id) VALUES ("25532","26527");
INSERT INTO works_on_project (project_id,researcher_id) VALUES ("27772","93543");
INSERT INTO works_on_project (project_id,researcher_id) VALUES ("45265","14281");
INSERT INTO works_on_project (project_id,researcher_id) VALUES ("94447","65277");
INSERT INTO works_on_project (project_id,researcher_id) VALUES ("54860","52513");
INSERT INTO works_on_project (project_id,researcher_id) VALUES ("44152","87918");
INSERT INTO works_on_project (project_id,researcher_id) VALUES ("81582","13547");
INSERT INTO works_on_project (project_id,researcher_id) VALUES ("94946","26599");
INSERT INTO works_on_project (project_id,researcher_id) VALUES ("32774","25256");
INSERT INTO works_on_project (project_id,researcher_id) VALUES ("48398","62161");
INSERT INTO works_on_project (project_id,researcher_id) VALUES ("75954","32978");
INSERT INTO works_on_project (project_id,researcher_id) VALUES ("10816","74848");
INSERT INTO works_on_project (project_id,researcher_id) VALUES ("11805","58644");
INSERT INTO works_on_project (project_id,researcher_id) VALUES ("82282","48289");
INSERT INTO works_on_project (project_id,researcher_id) VALUES ("55861","29470");
INSERT INTO works_on_project (project_id,researcher_id) VALUES ("89523","21626");
INSERT INTO works_on_project (project_id,researcher_id) VALUES ("30279","57160");
INSERT INTO works_on_project (project_id,researcher_id) VALUES ("64554","40297");
INSERT INTO works_on_project (project_id,researcher_id) VALUES ("19062","62888");
INSERT INTO works_on_project (project_id,researcher_id) VALUES ("99335","21036");
INSERT INTO works_on_project (project_id,researcher_id) VALUES ("31007","45365");
INSERT INTO works_on_project (project_id,researcher_id) VALUES ("40168","35443");
INSERT INTO works_on_project (project_id,researcher_id) VALUES ("85068","21465");
INSERT INTO works_on_project (project_id,researcher_id) VALUES ("67860","50901");
INSERT INTO works_on_project (project_id,researcher_id) VALUES ("12060","53649");
INSERT INTO works_on_project (project_id,researcher_id) VALUES ("56843","53811");
INSERT INTO works_on_project (project_id,researcher_id) VALUES ("70572","15620");
INSERT INTO works_on_project (project_id,researcher_id) VALUES ("23519","47634");
INSERT INTO works_on_project (project_id,researcher_id) VALUES ("25532","73403");
INSERT INTO works_on_project (project_id,researcher_id) VALUES ("98075","83707");
INSERT INTO works_on_project (project_id,researcher_id) VALUES ("45265","20598");
INSERT INTO works_on_project (project_id,researcher_id) VALUES ("10617","99175");
INSERT INTO works_on_project (project_id,researcher_id) VALUES ("13974","57924");
INSERT INTO works_on_project (project_id,researcher_id) VALUES ("27772","29369");
INSERT INTO works_on_project (project_id,researcher_id) VALUES ("49069","70887");
INSERT INTO works_on_project (project_id,researcher_id) VALUES ("11805","57139");
INSERT INTO works_on_project (project_id,researcher_id) VALUES ("24278","77644");
INSERT INTO works_on_project (project_id,researcher_id) VALUES ("93265","13424");
INSERT INTO works_on_project (project_id,researcher_id) VALUES ("10617","10362");
INSERT INTO works_on_project (project_id,researcher_id) VALUES ("55861","49075");
INSERT INTO works_on_project (project_id,researcher_id) VALUES ("32764","80789");
INSERT INTO works_on_project (project_id,researcher_id) VALUES ("66879","61232");
INSERT INTO works_on_project (project_id,researcher_id) VALUES ("49069","38885");
INSERT INTO works_on_project (project_id,researcher_id) VALUES ("31469","22570");
INSERT INTO works_on_project (project_id,researcher_id) VALUES ("20667","15746");
INSERT INTO works_on_project (project_id,researcher_id) VALUES ("39250","50808");
INSERT INTO works_on_project (project_id,researcher_id) VALUES ("55605","76452");
INSERT INTO works_on_project (project_id,researcher_id) VALUES ("53328","97482");
INSERT INTO works_on_project (project_id,researcher_id) VALUES ("80061","52490");
INSERT INTO works_on_project (project_id,researcher_id) VALUES ("50761","55461");
INSERT INTO works_on_project (project_id,researcher_id) VALUES ("54977","61190");
INSERT INTO works_on_project (project_id,researcher_id) VALUES ("35071","28113");
INSERT INTO works_on_project (project_id,researcher_id) VALUES ("55861","71423");
INSERT INTO works_on_project (project_id,researcher_id) VALUES ("43655","23107");
INSERT INTO works_on_project (project_id,researcher_id) VALUES ("99335","91293");
INSERT INTO works_on_project (project_id,researcher_id) VALUES ("29390","10768");
INSERT INTO works_on_project (project_id,researcher_id) VALUES ("31790","87481");
INSERT INTO works_on_project (project_id,researcher_id) VALUES ("90536","42243");
INSERT INTO works_on_project (project_id,researcher_id) VALUES ("23489","54895");
INSERT INTO works_on_project (project_id,researcher_id) VALUES ("71418","37854");
INSERT INTO works_on_project (project_id,researcher_id) VALUES ("93076","95547");
INSERT INTO works_on_project (project_id,researcher_id) VALUES ("96602","45215");
INSERT INTO works_on_project (project_id,researcher_id) VALUES ("37103","87911");
INSERT INTO works_on_project (project_id,researcher_id) VALUES ("31487","99287");
INSERT INTO works_on_project (project_id,researcher_id) VALUES ("70260","12140");
INSERT INTO works_on_project (project_id,researcher_id) VALUES ("41106","81758");
INSERT INTO works_on_project (project_id,researcher_id) VALUES ("56229","29348");
INSERT INTO works_on_project (project_id,researcher_id) VALUES ("16244","38907");
INSERT INTO works_on_project (project_id,researcher_id) VALUES ("19223","42103");
INSERT INTO works_on_project (project_id,researcher_id) VALUES ("50761","76702");
INSERT INTO works_on_project (project_id,researcher_id) VALUES ("46843","25821");
INSERT INTO works_on_project (project_id,researcher_id) VALUES ("11805","59873");
INSERT INTO works_on_project (project_id,researcher_id) VALUES ("32764","76998");
INSERT INTO works_on_project (project_id,researcher_id) VALUES ("49426","30983");
INSERT INTO works_on_project (project_id,researcher_id) VALUES ("55068","68417");
INSERT INTO works_on_project (project_id,researcher_id) VALUES ("28953","56817");
INSERT INTO works_on_project (project_id,researcher_id) VALUES ("10617","19952");
INSERT INTO works_on_project (project_id,researcher_id) VALUES ("71418","30892");
INSERT INTO works_on_project (project_id,researcher_id) VALUES ("28953","29091");
INSERT INTO works_on_project (project_id,researcher_id) VALUES ("31790","26130");
INSERT INTO works_on_project (project_id,researcher_id) VALUES ("64492","24650");
INSERT INTO works_on_project (project_id,researcher_id) VALUES ("40332","39472");
INSERT INTO works_on_project (project_id,researcher_id) VALUES ("56843","89412");
INSERT INTO works_on_project (project_id,researcher_id) VALUES ("45265","42090");
INSERT INTO works_on_project (project_id,researcher_id) VALUES ("32764","79837");
INSERT INTO works_on_project (project_id,researcher_id) VALUES ("70261","19266");
INSERT INTO works_on_project (project_id,researcher_id) VALUES ("30177","92952");
INSERT INTO works_on_project (project_id,researcher_id) VALUES ("10248","65492");
INSERT INTO works_on_project (project_id,researcher_id) VALUES ("49426","19930");
INSERT INTO works_on_project (project_id,researcher_id) VALUES ("23489","52000");
INSERT INTO works_on_project (project_id,researcher_id) VALUES ("10248","77982");
INSERT INTO works_on_project (project_id,researcher_id) VALUES ("31469","12691");
INSERT INTO works_on_project (project_id,researcher_id) VALUES ("85870","88000");
INSERT INTO works_on_project (project_id,researcher_id) VALUES ("30177","67715");
INSERT INTO works_on_project (project_id,researcher_id) VALUES ("10816","75557");
INSERT INTO works_on_project (project_id,researcher_id) VALUES ("30279","90987");
INSERT INTO works_on_project (project_id,researcher_id) VALUES ("23519","24551");
INSERT INTO works_on_project (project_id,researcher_id) VALUES ("31007","51476");
INSERT INTO works_on_project (project_id,researcher_id) VALUES ("56461","71303");
INSERT INTO works_on_project (project_id,researcher_id) VALUES ("96602","72189");
INSERT INTO works_on_project (project_id,researcher_id) VALUES ("10617","26100");
INSERT INTO works_on_project (project_id,researcher_id) VALUES ("71088","57786");
INSERT INTO works_on_project (project_id,researcher_id) VALUES ("23519","14775");
INSERT INTO works_on_project (project_id,researcher_id) VALUES ("54860","44641");
INSERT INTO works_on_project (project_id,researcher_id) VALUES ("32764","32910");
INSERT INTO works_on_project (project_id,researcher_id) VALUES ("10617","62872");
INSERT INTO works_on_project (project_id,researcher_id) VALUES ("87047","38612");
INSERT INTO works_on_project (project_id,researcher_id) VALUES ("30177","26373");
INSERT INTO works_on_project (project_id,researcher_id) VALUES ("30279","33363");
INSERT INTO works_on_project (project_id,researcher_id) VALUES ("32586","29966");
INSERT INTO works_on_project (project_id,researcher_id) VALUES ("59628","83355");
INSERT INTO works_on_project (project_id,researcher_id) VALUES ("70572","41316");
INSERT INTO works_on_project (project_id,researcher_id) VALUES ("64492","99262");
INSERT INTO works_on_project (project_id,researcher_id) VALUES ("56229","37379");
INSERT INTO works_on_project (project_id,researcher_id) VALUES ("30177","80983");
INSERT INTO works_on_project (project_id,researcher_id) VALUES ("56843","91559");
INSERT INTO works_on_project (project_id,researcher_id) VALUES ("99335","30798");
INSERT INTO works_on_project (project_id,researcher_id) VALUES ("98075","51425");
INSERT INTO works_on_project (project_id,researcher_id) VALUES ("19223","51800");
INSERT INTO works_on_project (project_id,researcher_id) VALUES ("67860","46776");
INSERT INTO works_on_project (project_id,researcher_id) VALUES ("30177","15220");
INSERT INTO works_on_project (project_id,researcher_id) VALUES ("23305","19315");
INSERT INTO works_on_project (project_id,researcher_id) VALUES ("97662","40020");
INSERT INTO works_on_project (project_id,researcher_id) VALUES ("50308","95507");
INSERT INTO works_on_project (project_id,researcher_id) VALUES ("23519","23575");
INSERT INTO works_on_project (project_id,researcher_id) VALUES ("31469","92442");
INSERT INTO works_on_project (project_id,researcher_id) VALUES ("30177","67086");
INSERT INTO works_on_project (project_id,researcher_id) VALUES ("39125","67296");
INSERT INTO works_on_project (project_id,researcher_id) VALUES ("97662","56811");
INSERT INTO works_on_project (project_id,researcher_id) VALUES ("20667","39737");
INSERT INTO works_on_project (project_id,researcher_id) VALUES ("50761","16835");
INSERT INTO works_on_project (project_id,researcher_id) VALUES ("19223","69395");
INSERT INTO works_on_project (project_id,researcher_id) VALUES ("99335","96554");
INSERT INTO works_on_project (project_id,researcher_id) VALUES ("55068","23731");
INSERT INTO works_on_project (project_id,researcher_id) VALUES ("53328","50351");
INSERT INTO works_on_project (project_id,researcher_id) VALUES ("41439","90245");
INSERT INTO works_on_project (project_id,researcher_id) VALUES ("35071","53072");
INSERT INTO works_on_project (project_id,researcher_id) VALUES ("32586","86524");
INSERT INTO works_on_project (project_id,researcher_id) VALUES ("31790","30230");
INSERT INTO works_on_project (project_id,researcher_id) VALUES ("56843","65830");
INSERT INTO works_on_project (project_id,researcher_id) VALUES ("46097","49158");
INSERT INTO works_on_project (project_id,researcher_id) VALUES ("49426","92657");
INSERT INTO works_on_project (project_id,researcher_id) VALUES ("55068","66954");
INSERT INTO works_on_project (project_id,researcher_id) VALUES ("50308","38124");
INSERT INTO works_on_project (project_id,researcher_id) VALUES ("99335","78243");
INSERT INTO works_on_project (project_id,researcher_id) VALUES ("24513","36546");
INSERT INTO works_on_project (project_id,researcher_id) VALUES ("70572","89443");
INSERT INTO works_on_project (project_id,researcher_id) VALUES ("96602","94730");
INSERT INTO works_on_project (project_id,researcher_id) VALUES ("10617","19757");
INSERT INTO works_on_project (project_id,researcher_id) VALUES ("89523","33357");
INSERT INTO works_on_project (project_id,researcher_id) VALUES ("70572","57739");
INSERT INTO works_on_project (project_id,researcher_id) VALUES ("41128","44452");
INSERT INTO works_on_project (project_id,researcher_id) VALUES ("19223","79795");
INSERT INTO works_on_project (project_id,researcher_id) VALUES ("67311","69193");
INSERT INTO works_on_project (project_id,researcher_id) VALUES ("96602","80040");
INSERT INTO works_on_project (project_id,researcher_id) VALUES ("55068","28435");
INSERT INTO works_on_project (project_id,researcher_id) VALUES ("56843","20592");
INSERT INTO works_on_project (project_id,researcher_id) VALUES ("94142","84030");
INSERT INTO works_on_project (project_id,researcher_id) VALUES ("34181","20334");
INSERT INTO works_on_project (project_id,researcher_id) VALUES ("55605","79764");
INSERT INTO works_on_project (project_id,researcher_id) VALUES ("23305","79556");
INSERT INTO works_on_project (project_id,researcher_id) VALUES ("94142","16453");
INSERT INTO works_on_project (project_id,researcher_id) VALUES ("34181","51439");
INSERT INTO works_on_project (project_id,researcher_id) VALUES ("87047","11011");
INSERT INTO works_on_project (project_id,researcher_id) VALUES ("70261","34881");
INSERT INTO works_on_project (project_id,researcher_id) VALUES ("41128","82659");
INSERT INTO works_on_project (project_id,researcher_id) VALUES ("55605","22284");
INSERT INTO works_on_project (project_id,researcher_id) VALUES ("43045","65873");
INSERT INTO works_on_project (project_id,researcher_id) VALUES ("55605","24998");
INSERT INTO works_on_project (project_id,researcher_id) VALUES ("49426","78152");
INSERT INTO works_on_project (project_id,researcher_id) VALUES ("12060","27373");
INSERT INTO works_on_project (project_id,researcher_id) VALUES ("49426","45597");
INSERT INTO works_on_project (project_id,researcher_id) VALUES ("96602","89621");
INSERT INTO works_on_project (project_id,researcher_id) VALUES ("98075","28174");
INSERT INTO works_on_project (project_id,researcher_id) VALUES ("94142","90687");
INSERT INTO works_on_project (project_id,researcher_id) VALUES ("12060","85903");
INSERT INTO works_on_project (project_id,researcher_id) VALUES ("31790","70971");
INSERT INTO works_on_project (project_id,researcher_id) VALUES ("98075","35088");
INSERT INTO works_on_project (project_id,researcher_id) VALUES ("35071","84849");
INSERT INTO works_on_project (project_id,researcher_id) VALUES ("94142","25773");
INSERT INTO works_on_project (project_id,researcher_id) VALUES ("43045","96806");
INSERT INTO works_on_project (project_id,researcher_id) VALUES ("10617","20459");
INSERT INTO works_on_project (project_id,researcher_id) VALUES ("94142","36061");

-- scientific_field_project 
INSERT INTO scientific_field_project (scfield_id,project_id) VALUES ("71554","83843");
INSERT INTO scientific_field_project (scfield_id,project_id) VALUES ("89822","90517");
INSERT INTO scientific_field_project (scfield_id,project_id) VALUES ("10326","90517");
INSERT INTO scientific_field_project (scfield_id,project_id) VALUES ("94251","90517");
INSERT INTO scientific_field_project (scfield_id,project_id) VALUES ("40121","78974");
INSERT INTO scientific_field_project (scfield_id,project_id) VALUES ("10326","22306");
INSERT INTO scientific_field_project (scfield_id,project_id) VALUES ("40121","87047");
INSERT INTO scientific_field_project (scfield_id,project_id) VALUES ("89822","87047");
INSERT INTO scientific_field_project (scfield_id,project_id) VALUES ("77834","87047");
INSERT INTO scientific_field_project (scfield_id,project_id) VALUES ("77834","98075");
INSERT INTO scientific_field_project (scfield_id,project_id) VALUES ("89822","98075");
INSERT INTO scientific_field_project (scfield_id,project_id) VALUES ("50910","98075");
INSERT INTO scientific_field_project (scfield_id,project_id) VALUES ("71554","70633");
INSERT INTO scientific_field_project (scfield_id,project_id) VALUES ("94251","70633");
INSERT INTO scientific_field_project (scfield_id,project_id) VALUES ("35877","84738");
INSERT INTO scientific_field_project (scfield_id,project_id) VALUES ("77834","84738");
INSERT INTO scientific_field_project (scfield_id,project_id) VALUES ("68602","66330");
INSERT INTO scientific_field_project (scfield_id,project_id) VALUES ("89822","59602");
INSERT INTO scientific_field_project (scfield_id,project_id) VALUES ("10326","59602");
INSERT INTO scientific_field_project (scfield_id,project_id) VALUES ("50910","59602");
INSERT INTO scientific_field_project (scfield_id,project_id) VALUES ("35877","81663");
INSERT INTO scientific_field_project (scfield_id,project_id) VALUES ("68602","66879");
INSERT INTO scientific_field_project (scfield_id,project_id) VALUES ("10326","66879");
INSERT INTO scientific_field_project (scfield_id,project_id) VALUES ("50910","13974");
INSERT INTO scientific_field_project (scfield_id,project_id) VALUES ("40121","13974");
INSERT INTO scientific_field_project (scfield_id,project_id) VALUES ("77834","13974");
INSERT INTO scientific_field_project (scfield_id,project_id) VALUES ("50910","24278");
INSERT INTO scientific_field_project (scfield_id,project_id) VALUES ("89822","24278");
INSERT INTO scientific_field_project (scfield_id,project_id) VALUES ("50910","61157");
INSERT INTO scientific_field_project (scfield_id,project_id) VALUES ("68602","61157");
INSERT INTO scientific_field_project (scfield_id,project_id) VALUES ("99055","93265");
INSERT INTO scientific_field_project (scfield_id,project_id) VALUES ("50910","93265");
INSERT INTO scientific_field_project (scfield_id,project_id) VALUES ("99055","28953");
INSERT INTO scientific_field_project (scfield_id,project_id) VALUES ("71554","28953");
INSERT INTO scientific_field_project (scfield_id,project_id) VALUES ("99055","21079");
INSERT INTO scientific_field_project (scfield_id,project_id) VALUES ("71554","64622");
INSERT INTO scientific_field_project (scfield_id,project_id) VALUES ("94251","64622");
INSERT INTO scientific_field_project (scfield_id,project_id) VALUES ("71554","29338");
INSERT INTO scientific_field_project (scfield_id,project_id) VALUES ("10326","29338");
INSERT INTO scientific_field_project (scfield_id,project_id) VALUES ("50910","79109");
INSERT INTO scientific_field_project (scfield_id,project_id) VALUES ("10326","79109");
INSERT INTO scientific_field_project (scfield_id,project_id) VALUES ("77834","79109");
INSERT INTO scientific_field_project (scfield_id,project_id) VALUES ("40121","88595");
INSERT INTO scientific_field_project (scfield_id,project_id) VALUES ("89822","88595");
INSERT INTO scientific_field_project (scfield_id,project_id) VALUES ("99055","88595");
INSERT INTO scientific_field_project (scfield_id,project_id) VALUES ("99055","49069");
INSERT INTO scientific_field_project (scfield_id,project_id) VALUES ("50910","49069");
INSERT INTO scientific_field_project (scfield_id,project_id) VALUES ("35877","92955");
INSERT INTO scientific_field_project (scfield_id,project_id) VALUES ("40121","70261");
INSERT INTO scientific_field_project (scfield_id,project_id) VALUES ("77834","60653");
INSERT INTO scientific_field_project (scfield_id,project_id) VALUES ("68602","60653");
INSERT INTO scientific_field_project (scfield_id,project_id) VALUES ("50910","60653");
INSERT INTO scientific_field_project (scfield_id,project_id) VALUES ("89822","60653");
INSERT INTO scientific_field_project (scfield_id,project_id) VALUES ("68602","52185");
INSERT INTO scientific_field_project (scfield_id,project_id) VALUES ("35877","52185");
INSERT INTO scientific_field_project (scfield_id,project_id) VALUES ("94251","28117");
INSERT INTO scientific_field_project (scfield_id,project_id) VALUES ("35877","72620");
INSERT INTO scientific_field_project (scfield_id,project_id) VALUES ("94251","72620");
INSERT INTO scientific_field_project (scfield_id,project_id) VALUES ("99055","88530");
INSERT INTO scientific_field_project (scfield_id,project_id) VALUES ("71554","88530");
INSERT INTO scientific_field_project (scfield_id,project_id) VALUES ("94251","56229");
INSERT INTO scientific_field_project (scfield_id,project_id) VALUES ("77834","56229");
INSERT INTO scientific_field_project (scfield_id,project_id) VALUES ("71554","56229");
INSERT INTO scientific_field_project (scfield_id,project_id) VALUES ("94251","46843");
INSERT INTO scientific_field_project (scfield_id,project_id) VALUES ("40121","41106");
INSERT INTO scientific_field_project (scfield_id,project_id) VALUES ("50910","41106");
INSERT INTO scientific_field_project (scfield_id,project_id) VALUES ("68602","41106");
INSERT INTO scientific_field_project (scfield_id,project_id) VALUES ("89822","41106");
INSERT INTO scientific_field_project (scfield_id,project_id) VALUES ("99055","43655");
INSERT INTO scientific_field_project (scfield_id,project_id) VALUES ("10326","43655");
INSERT INTO scientific_field_project (scfield_id,project_id) VALUES ("77834","43655");
INSERT INTO scientific_field_project (scfield_id,project_id) VALUES ("77834","36715");
INSERT INTO scientific_field_project (scfield_id,project_id) VALUES ("50910","36715");
INSERT INTO scientific_field_project (scfield_id,project_id) VALUES ("10326","93076");
INSERT INTO scientific_field_project (scfield_id,project_id) VALUES ("77834","93076");
INSERT INTO scientific_field_project (scfield_id,project_id) VALUES ("71554","93076");
INSERT INTO scientific_field_project (scfield_id,project_id) VALUES ("71554","31790");
INSERT INTO scientific_field_project (scfield_id,project_id) VALUES ("50910","31790");
INSERT INTO scientific_field_project (scfield_id,project_id) VALUES ("77834","71418");
INSERT INTO scientific_field_project (scfield_id,project_id) VALUES ("35877","71418");
INSERT INTO scientific_field_project (scfield_id,project_id) VALUES ("94251","34181");
INSERT INTO scientific_field_project (scfield_id,project_id) VALUES ("89822","34181");
INSERT INTO scientific_field_project (scfield_id,project_id) VALUES ("99055","34181");
INSERT INTO scientific_field_project (scfield_id,project_id) VALUES ("71554","55068");
INSERT INTO scientific_field_project (scfield_id,project_id) VALUES ("99055","18268");
INSERT INTO scientific_field_project (scfield_id,project_id) VALUES ("94251","41538");
INSERT INTO scientific_field_project (scfield_id,project_id) VALUES ("94251","10248");
INSERT INTO scientific_field_project (scfield_id,project_id) VALUES ("35877","53801");
INSERT INTO scientific_field_project (scfield_id,project_id) VALUES ("99055","46354");
INSERT INTO scientific_field_project (scfield_id,project_id) VALUES ("10326","46354");
INSERT INTO scientific_field_project (scfield_id,project_id) VALUES ("94251","46354");
INSERT INTO scientific_field_project (scfield_id,project_id) VALUES ("77834","46354");
INSERT INTO scientific_field_project (scfield_id,project_id) VALUES ("50910","35071");
INSERT INTO scientific_field_project (scfield_id,project_id) VALUES ("68602","65283");
INSERT INTO scientific_field_project (scfield_id,project_id) VALUES ("94251","65283");
INSERT INTO scientific_field_project (scfield_id,project_id) VALUES ("40121","65283");
INSERT INTO scientific_field_project (scfield_id,project_id) VALUES ("99055","65283");
INSERT INTO scientific_field_project (scfield_id,project_id) VALUES ("99055","35193");
INSERT INTO scientific_field_project (scfield_id,project_id) VALUES ("10326","35193");
INSERT INTO scientific_field_project (scfield_id,project_id) VALUES ("10326","54977");
INSERT INTO scientific_field_project (scfield_id,project_id) VALUES ("35877","54977");
INSERT INTO scientific_field_project (scfield_id,project_id) VALUES ("94251","54977");
INSERT INTO scientific_field_project (scfield_id,project_id) VALUES ("50910","54977");
INSERT INTO scientific_field_project (scfield_id,project_id) VALUES ("35877","16244");
INSERT INTO scientific_field_project (scfield_id,project_id) VALUES ("77834","93550");
INSERT INTO scientific_field_project (scfield_id,project_id) VALUES ("89822","93550");
INSERT INTO scientific_field_project (scfield_id,project_id) VALUES ("99055","93550");
INSERT INTO scientific_field_project (scfield_id,project_id) VALUES ("71554","93550");
INSERT INTO scientific_field_project (scfield_id,project_id) VALUES ("40121","71088");
INSERT INTO scientific_field_project (scfield_id,project_id) VALUES ("89822","59628");
INSERT INTO scientific_field_project (scfield_id,project_id) VALUES ("35877","59628");
INSERT INTO scientific_field_project (scfield_id,project_id) VALUES ("68602","59628");
INSERT INTO scientific_field_project (scfield_id,project_id) VALUES ("94251","59628");
INSERT INTO scientific_field_project (scfield_id,project_id) VALUES ("10326","10617");
INSERT INTO scientific_field_project (scfield_id,project_id) VALUES ("77834","10617");
INSERT INTO scientific_field_project (scfield_id,project_id) VALUES ("99055","81804");
INSERT INTO scientific_field_project (scfield_id,project_id) VALUES ("68602","81804");
INSERT INTO scientific_field_project (scfield_id,project_id) VALUES ("94251","81804");
INSERT INTO scientific_field_project (scfield_id,project_id) VALUES ("35877","81804");
INSERT INTO scientific_field_project (scfield_id,project_id) VALUES ("68602","70260");
INSERT INTO scientific_field_project (scfield_id,project_id) VALUES ("94251","70260");
INSERT INTO scientific_field_project (scfield_id,project_id) VALUES ("10326","21345");
INSERT INTO scientific_field_project (scfield_id,project_id) VALUES ("71554","21345");
INSERT INTO scientific_field_project (scfield_id,project_id) VALUES ("89822","21345");
INSERT INTO scientific_field_project (scfield_id,project_id) VALUES ("35877","21345");
INSERT INTO scientific_field_project (scfield_id,project_id) VALUES ("89822","51221");
INSERT INTO scientific_field_project (scfield_id,project_id) VALUES ("77834","51221");
INSERT INTO scientific_field_project (scfield_id,project_id) VALUES ("50910","51221");
INSERT INTO scientific_field_project (scfield_id,project_id) VALUES ("68602","14732");
INSERT INTO scientific_field_project (scfield_id,project_id) VALUES ("35877","14732");
INSERT INTO scientific_field_project (scfield_id,project_id) VALUES ("35877","72147");
INSERT INTO scientific_field_project (scfield_id,project_id) VALUES ("50910","72147");
INSERT INTO scientific_field_project (scfield_id,project_id) VALUES ("40121","31469");
INSERT INTO scientific_field_project (scfield_id,project_id) VALUES ("99055","64492");
INSERT INTO scientific_field_project (scfield_id,project_id) VALUES ("71554","64492");
INSERT INTO scientific_field_project (scfield_id,project_id) VALUES ("50910","64492");
INSERT INTO scientific_field_project (scfield_id,project_id) VALUES ("35877","64492");
INSERT INTO scientific_field_project (scfield_id,project_id) VALUES ("99055","26033");
INSERT INTO scientific_field_project (scfield_id,project_id) VALUES ("89822","26033");
INSERT INTO scientific_field_project (scfield_id,project_id) VALUES ("10326","26033");
INSERT INTO scientific_field_project (scfield_id,project_id) VALUES ("50910","96602");
INSERT INTO scientific_field_project (scfield_id,project_id) VALUES ("99055","96602");
INSERT INTO scientific_field_project (scfield_id,project_id) VALUES ("50910","32586");
INSERT INTO scientific_field_project (scfield_id,project_id) VALUES ("99055","32586");
INSERT INTO scientific_field_project (scfield_id,project_id) VALUES ("71554","32586");
INSERT INTO scientific_field_project (scfield_id,project_id) VALUES ("35877","99087");
INSERT INTO scientific_field_project (scfield_id,project_id) VALUES ("40121","99087");
INSERT INTO scientific_field_project (scfield_id,project_id) VALUES ("10326","99087");
INSERT INTO scientific_field_project (scfield_id,project_id) VALUES ("89822","43651");
INSERT INTO scientific_field_project (scfield_id,project_id) VALUES ("94251","43651");
INSERT INTO scientific_field_project (scfield_id,project_id) VALUES ("68602","37103");
INSERT INTO scientific_field_project (scfield_id,project_id) VALUES ("50910","37103");
INSERT INTO scientific_field_project (scfield_id,project_id) VALUES ("77834","37103");
INSERT INTO scientific_field_project (scfield_id,project_id) VALUES ("35877","50308");
INSERT INTO scientific_field_project (scfield_id,project_id) VALUES ("71554","50308");
INSERT INTO scientific_field_project (scfield_id,project_id) VALUES ("89822","50308");
INSERT INTO scientific_field_project (scfield_id,project_id) VALUES ("94251","90536");
INSERT INTO scientific_field_project (scfield_id,project_id) VALUES ("35877","90536");
INSERT INTO scientific_field_project (scfield_id,project_id) VALUES ("68602","90536");
INSERT INTO scientific_field_project (scfield_id,project_id) VALUES ("89822","23327");
INSERT INTO scientific_field_project (scfield_id,project_id) VALUES ("40121","23327");
INSERT INTO scientific_field_project (scfield_id,project_id) VALUES ("10326","23327");
INSERT INTO scientific_field_project (scfield_id,project_id) VALUES ("35877","53328");
INSERT INTO scientific_field_project (scfield_id,project_id) VALUES ("94251","53328");
INSERT INTO scientific_field_project (scfield_id,project_id) VALUES ("10326","43546");
INSERT INTO scientific_field_project (scfield_id,project_id) VALUES ("77834","43546");
INSERT INTO scientific_field_project (scfield_id,project_id) VALUES ("40121","43546");
INSERT INTO scientific_field_project (scfield_id,project_id) VALUES ("71554","20667");
INSERT INTO scientific_field_project (scfield_id,project_id) VALUES ("68602","55605");
INSERT INTO scientific_field_project (scfield_id,project_id) VALUES ("10326","55605");
INSERT INTO scientific_field_project (scfield_id,project_id) VALUES ("50910","29390");
INSERT INTO scientific_field_project (scfield_id,project_id) VALUES ("68602","29390");
INSERT INTO scientific_field_project (scfield_id,project_id) VALUES ("77834","29390");
INSERT INTO scientific_field_project (scfield_id,project_id) VALUES ("68602","19223");
INSERT INTO scientific_field_project (scfield_id,project_id) VALUES ("99055","94142");
INSERT INTO scientific_field_project (scfield_id,project_id) VALUES ("10326","94142");
INSERT INTO scientific_field_project (scfield_id,project_id) VALUES ("89822","94142");
INSERT INTO scientific_field_project (scfield_id,project_id) VALUES ("68602","15970");
INSERT INTO scientific_field_project (scfield_id,project_id) VALUES ("99055","15970");
INSERT INTO scientific_field_project (scfield_id,project_id) VALUES ("10326","15970");
INSERT INTO scientific_field_project (scfield_id,project_id) VALUES ("77834","15970");
INSERT INTO scientific_field_project (scfield_id,project_id) VALUES ("89822","30177");
INSERT INTO scientific_field_project (scfield_id,project_id) VALUES ("10326","30177");
INSERT INTO scientific_field_project (scfield_id,project_id) VALUES ("50910","80061");
INSERT INTO scientific_field_project (scfield_id,project_id) VALUES ("99055","80061");
INSERT INTO scientific_field_project (scfield_id,project_id) VALUES ("50910","75815");
INSERT INTO scientific_field_project (scfield_id,project_id) VALUES ("50910","23489");
INSERT INTO scientific_field_project (scfield_id,project_id) VALUES ("77834","23489");
INSERT INTO scientific_field_project (scfield_id,project_id) VALUES ("71554","23489");
INSERT INTO scientific_field_project (scfield_id,project_id) VALUES ("89822","23489");
INSERT INTO scientific_field_project (scfield_id,project_id) VALUES ("71554","71754");
INSERT INTO scientific_field_project (scfield_id,project_id) VALUES ("10326","41128");
INSERT INTO scientific_field_project (scfield_id,project_id) VALUES ("40121","41128");
INSERT INTO scientific_field_project (scfield_id,project_id) VALUES ("68602","41128");
INSERT INTO scientific_field_project (scfield_id,project_id) VALUES ("77834","17414");
INSERT INTO scientific_field_project (scfield_id,project_id) VALUES ("99055","17414");
INSERT INTO scientific_field_project (scfield_id,project_id) VALUES ("89822","17414");
INSERT INTO scientific_field_project (scfield_id,project_id) VALUES ("68602","23305");
INSERT INTO scientific_field_project (scfield_id,project_id) VALUES ("94251","23305");
INSERT INTO scientific_field_project (scfield_id,project_id) VALUES ("89822","23305");
INSERT INTO scientific_field_project (scfield_id,project_id) VALUES ("99055","23305");
INSERT INTO scientific_field_project (scfield_id,project_id) VALUES ("77834","36243");
INSERT INTO scientific_field_project (scfield_id,project_id) VALUES ("50910","36243");
INSERT INTO scientific_field_project (scfield_id,project_id) VALUES ("10326","23519");
INSERT INTO scientific_field_project (scfield_id,project_id) VALUES ("50910","23519");
INSERT INTO scientific_field_project (scfield_id,project_id) VALUES ("68602","23519");
INSERT INTO scientific_field_project (scfield_id,project_id) VALUES ("89822","23519");
INSERT INTO scientific_field_project (scfield_id,project_id) VALUES ("40121","24513");
INSERT INTO scientific_field_project (scfield_id,project_id) VALUES ("71554","24513");
INSERT INTO scientific_field_project (scfield_id,project_id) VALUES ("94251","40332");
INSERT INTO scientific_field_project (scfield_id,project_id) VALUES ("89822","40332");
INSERT INTO scientific_field_project (scfield_id,project_id) VALUES ("68602","32764");
INSERT INTO scientific_field_project (scfield_id,project_id) VALUES ("94251","32764");
INSERT INTO scientific_field_project (scfield_id,project_id) VALUES ("50910","32764");
INSERT INTO scientific_field_project (scfield_id,project_id) VALUES ("35877","31487");
INSERT INTO scientific_field_project (scfield_id,project_id) VALUES ("89822","31487");
INSERT INTO scientific_field_project (scfield_id,project_id) VALUES ("77834","31487");
INSERT INTO scientific_field_project (scfield_id,project_id) VALUES ("40121","31487");
INSERT INTO scientific_field_project (scfield_id,project_id) VALUES ("10326","15044");
INSERT INTO scientific_field_project (scfield_id,project_id) VALUES ("40121","15044");
INSERT INTO scientific_field_project (scfield_id,project_id) VALUES ("89822","67311");
INSERT INTO scientific_field_project (scfield_id,project_id) VALUES ("68602","67311");
INSERT INTO scientific_field_project (scfield_id,project_id) VALUES ("77834","67311");
INSERT INTO scientific_field_project (scfield_id,project_id) VALUES ("10326","50761");
INSERT INTO scientific_field_project (scfield_id,project_id) VALUES ("68602","50761");
INSERT INTO scientific_field_project (scfield_id,project_id) VALUES ("99055","50761");
INSERT INTO scientific_field_project (scfield_id,project_id) VALUES ("68602","95207");
INSERT INTO scientific_field_project (scfield_id,project_id) VALUES ("99055","95207");
INSERT INTO scientific_field_project (scfield_id,project_id) VALUES ("99055","37883");
INSERT INTO scientific_field_project (scfield_id,project_id) VALUES ("68602","56461");
INSERT INTO scientific_field_project (scfield_id,project_id) VALUES ("50910","56461");
INSERT INTO scientific_field_project (scfield_id,project_id) VALUES ("35877","22545");
INSERT INTO scientific_field_project (scfield_id,project_id) VALUES ("50910","22545");
INSERT INTO scientific_field_project (scfield_id,project_id) VALUES ("99055","22545");
INSERT INTO scientific_field_project (scfield_id,project_id) VALUES ("99055","75575");
INSERT INTO scientific_field_project (scfield_id,project_id) VALUES ("77834","75575");
INSERT INTO scientific_field_project (scfield_id,project_id) VALUES ("68602","87536");
INSERT INTO scientific_field_project (scfield_id,project_id) VALUES ("50910","87536");
INSERT INTO scientific_field_project (scfield_id,project_id) VALUES ("89822","87536");
INSERT INTO scientific_field_project (scfield_id,project_id) VALUES ("77834","55600");
INSERT INTO scientific_field_project (scfield_id,project_id) VALUES ("89822","46097");
INSERT INTO scientific_field_project (scfield_id,project_id) VALUES ("10326","85870");
INSERT INTO scientific_field_project (scfield_id,project_id) VALUES ("89822","85870");
INSERT INTO scientific_field_project (scfield_id,project_id) VALUES ("50910","85870");
INSERT INTO scientific_field_project (scfield_id,project_id) VALUES ("77834","85870");
INSERT INTO scientific_field_project (scfield_id,project_id) VALUES ("68602","41439");
INSERT INTO scientific_field_project (scfield_id,project_id) VALUES ("99055","41439");
INSERT INTO scientific_field_project (scfield_id,project_id) VALUES ("94251","41439");
INSERT INTO scientific_field_project (scfield_id,project_id) VALUES ("50910","41439");
INSERT INTO scientific_field_project (scfield_id,project_id) VALUES ("10326","70299");
INSERT INTO scientific_field_project (scfield_id,project_id) VALUES ("99055","70299");
INSERT INTO scientific_field_project (scfield_id,project_id) VALUES ("94251","39354");
INSERT INTO scientific_field_project (scfield_id,project_id) VALUES ("10326","39250");
INSERT INTO scientific_field_project (scfield_id,project_id) VALUES ("71554","39250");
INSERT INTO scientific_field_project (scfield_id,project_id) VALUES ("68602","39250");
INSERT INTO scientific_field_project (scfield_id,project_id) VALUES ("40121","39250");
INSERT INTO scientific_field_project (scfield_id,project_id) VALUES ("68602","98750");
INSERT INTO scientific_field_project (scfield_id,project_id) VALUES ("89822","38282");
INSERT INTO scientific_field_project (scfield_id,project_id) VALUES ("10326","38282");
INSERT INTO scientific_field_project (scfield_id,project_id) VALUES ("89822","43045");
INSERT INTO scientific_field_project (scfield_id,project_id) VALUES ("40121","43045");
INSERT INTO scientific_field_project (scfield_id,project_id) VALUES ("77834","41148");
INSERT INTO scientific_field_project (scfield_id,project_id) VALUES ("40121","41148");
INSERT INTO scientific_field_project (scfield_id,project_id) VALUES ("35877","41148");
INSERT INTO scientific_field_project (scfield_id,project_id) VALUES ("94251","41148");
INSERT INTO scientific_field_project (scfield_id,project_id) VALUES ("99055","97683");
INSERT INTO scientific_field_project (scfield_id,project_id) VALUES ("89822","97683");
INSERT INTO scientific_field_project (scfield_id,project_id) VALUES ("50910","97662");
INSERT INTO scientific_field_project (scfield_id,project_id) VALUES ("40121","97662");
INSERT INTO scientific_field_project (scfield_id,project_id) VALUES ("35877","97662");
INSERT INTO scientific_field_project (scfield_id,project_id) VALUES ("99055","97662");
INSERT INTO scientific_field_project (scfield_id,project_id) VALUES ("94251","49426");
INSERT INTO scientific_field_project (scfield_id,project_id) VALUES ("35877","39125");
INSERT INTO scientific_field_project (scfield_id,project_id) VALUES ("94251","39125");
INSERT INTO scientific_field_project (scfield_id,project_id) VALUES ("77834","39125");
INSERT INTO scientific_field_project (scfield_id,project_id) VALUES ("68602","39125");
INSERT INTO scientific_field_project (scfield_id,project_id) VALUES ("77834","52159");
INSERT INTO scientific_field_project (scfield_id,project_id) VALUES ("40121","52159");
INSERT INTO scientific_field_project (scfield_id,project_id) VALUES ("71554","52159");
INSERT INTO scientific_field_project (scfield_id,project_id) VALUES ("89822","98486");
INSERT INTO scientific_field_project (scfield_id,project_id) VALUES ("71554","98486");
INSERT INTO scientific_field_project (scfield_id,project_id) VALUES ("99055","98486");
INSERT INTO scientific_field_project (scfield_id,project_id) VALUES ("10326","25532");
INSERT INTO scientific_field_project (scfield_id,project_id) VALUES ("71554","27772");
INSERT INTO scientific_field_project (scfield_id,project_id) VALUES ("68602","27772");
INSERT INTO scientific_field_project (scfield_id,project_id) VALUES ("99055","45265");
INSERT INTO scientific_field_project (scfield_id,project_id) VALUES ("40121","45265");
INSERT INTO scientific_field_project (scfield_id,project_id) VALUES ("40121","94447");
INSERT INTO scientific_field_project (scfield_id,project_id) VALUES ("50910","94039");
INSERT INTO scientific_field_project (scfield_id,project_id) VALUES ("35877","94039");
INSERT INTO scientific_field_project (scfield_id,project_id) VALUES ("99055","94039");
INSERT INTO scientific_field_project (scfield_id,project_id) VALUES ("71554","94039");
INSERT INTO scientific_field_project (scfield_id,project_id) VALUES ("77834","54860");
INSERT INTO scientific_field_project (scfield_id,project_id) VALUES ("68602","54860");
INSERT INTO scientific_field_project (scfield_id,project_id) VALUES ("40121","54860");
INSERT INTO scientific_field_project (scfield_id,project_id) VALUES ("94251","44152");
INSERT INTO scientific_field_project (scfield_id,project_id) VALUES ("77834","81582");
INSERT INTO scientific_field_project (scfield_id,project_id) VALUES ("99055","81582");
INSERT INTO scientific_field_project (scfield_id,project_id) VALUES ("68602","81582");
INSERT INTO scientific_field_project (scfield_id,project_id) VALUES ("89822","81582");
INSERT INTO scientific_field_project (scfield_id,project_id) VALUES ("89822","94946");
INSERT INTO scientific_field_project (scfield_id,project_id) VALUES ("71554","94946");
INSERT INTO scientific_field_project (scfield_id,project_id) VALUES ("94251","94946");
INSERT INTO scientific_field_project (scfield_id,project_id) VALUES ("35877","94946");
INSERT INTO scientific_field_project (scfield_id,project_id) VALUES ("99055","32774");
INSERT INTO scientific_field_project (scfield_id,project_id) VALUES ("68602","32774");
INSERT INTO scientific_field_project (scfield_id,project_id) VALUES ("35877","32774");
INSERT INTO scientific_field_project (scfield_id,project_id) VALUES ("77834","32774");
INSERT INTO scientific_field_project (scfield_id,project_id) VALUES ("94251","48398");
INSERT INTO scientific_field_project (scfield_id,project_id) VALUES ("71554","48398");
INSERT INTO scientific_field_project (scfield_id,project_id) VALUES ("77834","48398");
INSERT INTO scientific_field_project (scfield_id,project_id) VALUES ("10326","48398");
INSERT INTO scientific_field_project (scfield_id,project_id) VALUES ("99055","75954");
INSERT INTO scientific_field_project (scfield_id,project_id) VALUES ("35877","75954");
INSERT INTO scientific_field_project (scfield_id,project_id) VALUES ("68602","75954");
INSERT INTO scientific_field_project (scfield_id,project_id) VALUES ("94251","75954");
INSERT INTO scientific_field_project (scfield_id,project_id) VALUES ("40121","10816");
INSERT INTO scientific_field_project (scfield_id,project_id) VALUES ("50910","10816");
INSERT INTO scientific_field_project (scfield_id,project_id) VALUES ("94251","10816");
INSERT INTO scientific_field_project (scfield_id,project_id) VALUES ("35877","10816");
INSERT INTO scientific_field_project (scfield_id,project_id) VALUES ("50910","11805");
INSERT INTO scientific_field_project (scfield_id,project_id) VALUES ("77834","82282");
INSERT INTO scientific_field_project (scfield_id,project_id) VALUES ("10326","82282");
INSERT INTO scientific_field_project (scfield_id,project_id) VALUES ("71554","82282");
INSERT INTO scientific_field_project (scfield_id,project_id) VALUES ("40121","55861");
INSERT INTO scientific_field_project (scfield_id,project_id) VALUES ("94251","55861");
INSERT INTO scientific_field_project (scfield_id,project_id) VALUES ("71554","55861");
INSERT INTO scientific_field_project (scfield_id,project_id) VALUES ("68602","55861");
INSERT INTO scientific_field_project (scfield_id,project_id) VALUES ("89822","89523");
INSERT INTO scientific_field_project (scfield_id,project_id) VALUES ("50910","89523");
INSERT INTO scientific_field_project (scfield_id,project_id) VALUES ("10326","18218");
INSERT INTO scientific_field_project (scfield_id,project_id) VALUES ("71554","18218");
INSERT INTO scientific_field_project (scfield_id,project_id) VALUES ("50910","18218");
INSERT INTO scientific_field_project (scfield_id,project_id) VALUES ("68602","30279");
INSERT INTO scientific_field_project (scfield_id,project_id) VALUES ("35877","30279");
INSERT INTO scientific_field_project (scfield_id,project_id) VALUES ("94251","64554");
INSERT INTO scientific_field_project (scfield_id,project_id) VALUES ("10326","64554");
INSERT INTO scientific_field_project (scfield_id,project_id) VALUES ("40121","64554");
INSERT INTO scientific_field_project (scfield_id,project_id) VALUES ("89822","64267");
INSERT INTO scientific_field_project (scfield_id,project_id) VALUES ("99055","64267");
INSERT INTO scientific_field_project (scfield_id,project_id) VALUES ("50910","19062");
INSERT INTO scientific_field_project (scfield_id,project_id) VALUES ("40121","19062");
INSERT INTO scientific_field_project (scfield_id,project_id) VALUES ("89822","99335");
INSERT INTO scientific_field_project (scfield_id,project_id) VALUES ("68602","99335");
INSERT INTO scientific_field_project (scfield_id,project_id) VALUES ("94251","99335");
INSERT INTO scientific_field_project (scfield_id,project_id) VALUES ("50910","99335");
INSERT INTO scientific_field_project (scfield_id,project_id) VALUES ("68602","31007");
INSERT INTO scientific_field_project (scfield_id,project_id) VALUES ("89822","32701");
INSERT INTO scientific_field_project (scfield_id,project_id) VALUES ("71554","32701");
INSERT INTO scientific_field_project (scfield_id,project_id) VALUES ("89822","40168");
INSERT INTO scientific_field_project (scfield_id,project_id) VALUES ("77834","40168");
INSERT INTO scientific_field_project (scfield_id,project_id) VALUES ("35877","40168");
INSERT INTO scientific_field_project (scfield_id,project_id) VALUES ("71554","85068");
INSERT INTO scientific_field_project (scfield_id,project_id) VALUES ("68602","85068");
INSERT INTO scientific_field_project (scfield_id,project_id) VALUES ("35877","85068");
INSERT INTO scientific_field_project (scfield_id,project_id) VALUES ("94251","67860");
INSERT INTO scientific_field_project (scfield_id,project_id) VALUES ("35877","67860");
INSERT INTO scientific_field_project (scfield_id,project_id) VALUES ("50910","67860");
INSERT INTO scientific_field_project (scfield_id,project_id) VALUES ("71554","67860");
INSERT INTO scientific_field_project (scfield_id,project_id) VALUES ("40121","12060");
INSERT INTO scientific_field_project (scfield_id,project_id) VALUES ("50910","12060");
INSERT INTO scientific_field_project (scfield_id,project_id) VALUES ("99055","12060");
INSERT INTO scientific_field_project (scfield_id,project_id) VALUES ("68602","56843");
INSERT INTO scientific_field_project (scfield_id,project_id) VALUES ("50910","56843");
INSERT INTO scientific_field_project (scfield_id,project_id) VALUES ("40121","70572");
INSERT INTO scientific_field_project (scfield_id,project_id) VALUES ("89822","70572");

