-- organization 
INSERT INTO organization (organization_id,name_org,abbreviation,city,street,postal_code,org_type,funds_company,budget_uni_ministry,budget_rc1,budget_rc2) VALUES ("20317", "Company253", "C253", "Patra", "Ippokratous132", "61979", "Company", "4290997", "0", "0", "0");
INSERT INTO organization (organization_id,name_org,abbreviation,city,street,postal_code,org_type,funds_company,budget_uni_ministry,budget_rc1,budget_rc2) VALUES ("71147", "Company201", "C201", "Heraklion", "Kantonia87", "10083", "Company", "8902600", "0", "0", "0");
INSERT INTO organization (organization_id,name_org,abbreviation,city,street,postal_code,org_type,funds_company,budget_uni_ministry,budget_rc1,budget_rc2) VALUES ("86945", "Company261", "C261", "Rhode Island", "Nikopoleos34", "14574", "Company", "5097827", "0", "0", "0");
INSERT INTO organization (organization_id,name_org,abbreviation,city,street,postal_code,org_type,funds_company,budget_uni_ministry,budget_rc1,budget_rc2) VALUES ("31802", "Research Center512", "RC512", "Chania", "Orionos71", "62980", "Research Center", "0", "0", "5994385", "1357363");
INSERT INTO organization (organization_id,name_org,abbreviation,city,street,postal_code,org_type,funds_company,budget_uni_ministry,budget_rc1,budget_rc2) VALUES ("66426", "Company721", "C721", "Ioannina", "Nikopoleos47", "57622", "Company", "4566545", "0", "0", "0");
INSERT INTO organization (organization_id,name_org,abbreviation,city,street,postal_code,org_type,funds_company,budget_uni_ministry,budget_rc1,budget_rc2) VALUES ("22392", "University480", "UN480", "Chania", "Agathiou83", "64325", "University", "0", "6723473", "0", "0");
INSERT INTO organization (organization_id,name_org,abbreviation,city,street,postal_code,org_type,funds_company,budget_uni_ministry,budget_rc1,budget_rc2) VALUES ("70869", "Research Center124", "RC124", "Heraklion", "Kantonia57", "58324", "Research Center", "0", "0", "8014002", "7350027");
INSERT INTO organization (organization_id,name_org,abbreviation,city,street,postal_code,org_type,funds_company,budget_uni_ministry,budget_rc1,budget_rc2) VALUES ("22830", "Research Center234", "RC234", "Ioannina", "Nikopoleos16", "83264", "Research Center", "0", "0", "1974151", "499542");
INSERT INTO organization (organization_id,name_org,abbreviation,city,street,postal_code,org_type,funds_company,budget_uni_ministry,budget_rc1,budget_rc2) VALUES ("58828", "Research Center950", "RC950", "Rhode Island", "Eleftheriou Venizelou9", "17450", "Research Center", "0", "0", "2349930", "2915298");
INSERT INTO organization (organization_id,name_org,abbreviation,city,street,postal_code,org_type,funds_company,budget_uni_ministry,budget_rc1,budget_rc2) VALUES ("63706", "University935", "UN935", "Trikala", "Nikopoleos54", "97845", "University", "0", "4165096", "0", "0");
INSERT INTO organization (organization_id,name_org,abbreviation,city,street,postal_code,org_type,funds_company,budget_uni_ministry,budget_rc1,budget_rc2) VALUES ("34186", "Company468", "C468", "Heraklion", "Orionos95", "21798", "Company", "6126063", "0", "0", "0");
INSERT INTO organization (organization_id,name_org,abbreviation,city,street,postal_code,org_type,funds_company,budget_uni_ministry,budget_rc1,budget_rc2) VALUES ("12163", "Company978", "C978", "Heraklion", "Klepsydra43", "32679", "Company", "4682213", "0", "0", "0");
INSERT INTO organization (organization_id,name_org,abbreviation,city,street,postal_code,org_type,funds_company,budget_uni_ministry,budget_rc1,budget_rc2) VALUES ("53788", "University827", "UN827", "Patra", "Samothrakis78", "74415", "University", "0", "2764676", "0", "0");
INSERT INTO organization (organization_id,name_org,abbreviation,city,street,postal_code,org_type,funds_company,budget_uni_ministry,budget_rc1,budget_rc2) VALUES ("42070", "Company847", "C847", "Heraklion", "Agathiou34", "52651", "Company", "8394415", "0", "0", "0");
INSERT INTO organization (organization_id,name_org,abbreviation,city,street,postal_code,org_type,funds_company,budget_uni_ministry,budget_rc1,budget_rc2) VALUES ("10326", "Company985", "C985", "Athens", "Mpotsari10", "84888", "Company", "7779518", "0", "0", "0");
INSERT INTO organization (organization_id,name_org,abbreviation,city,street,postal_code,org_type,funds_company,budget_uni_ministry,budget_rc1,budget_rc2) VALUES ("73928", "Company657", "C657", "Chania", "Kifisou147", "95835", "Company", "274285", "0", "0", "0");
INSERT INTO organization (organization_id,name_org,abbreviation,city,street,postal_code,org_type,funds_company,budget_uni_ministry,budget_rc1,budget_rc2) VALUES ("46113", "Research Center817", "RC817", "Rhode Island", "Ippokratous50", "12930", "Research Center", "0", "0", "597916", "6323185");
INSERT INTO organization (organization_id,name_org,abbreviation,city,street,postal_code,org_type,funds_company,budget_uni_ministry,budget_rc1,budget_rc2) VALUES ("21600", "Company899", "C899", "Chalkida", "Agathiou110", "52047", "Company", "4675379", "0", "0", "0");
INSERT INTO organization (organization_id,name_org,abbreviation,city,street,postal_code,org_type,funds_company,budget_uni_ministry,budget_rc1,budget_rc2) VALUES ("11341", "Company896", "C896", "Rhode Island", "Orionos80", "66172", "Company", "5301283", "0", "0", "0");
INSERT INTO organization (organization_id,name_org,abbreviation,city,street,postal_code,org_type,funds_company,budget_uni_ministry,budget_rc1,budget_rc2) VALUES ("28167", "Research Center654", "RC654", "Athens", "Eleftheriou Venizelou87", "33680", "Research Center", "0", "0", "9507702", "2087696");
INSERT INTO organization (organization_id,name_org,abbreviation,city,street,postal_code,org_type,funds_company,budget_uni_ministry,budget_rc1,budget_rc2) VALUES ("38569", "Company809", "C809", "Rhode Island", "Ippokratous110", "37814", "Company", "6105045", "0", "0", "0");
INSERT INTO organization (organization_id,name_org,abbreviation,city,street,postal_code,org_type,funds_company,budget_uni_ministry,budget_rc1,budget_rc2) VALUES ("31276", "University928", "UN928", "Chania", "Eleftheriou Venizelou50", "29924", "University", "0", "6825150", "0", "0");
INSERT INTO organization (organization_id,name_org,abbreviation,city,street,postal_code,org_type,funds_company,budget_uni_ministry,budget_rc1,budget_rc2) VALUES ("86513", "University590", "UN590", "Chalkida", "Kifisou122", "40731", "University", "0", "8932363", "0", "0");
INSERT INTO organization (organization_id,name_org,abbreviation,city,street,postal_code,org_type,funds_company,budget_uni_ministry,budget_rc1,budget_rc2) VALUES ("28036", "Research Center696", "RC696", "Athens", "Evripidou76", "41132", "Research Center", "0", "0", "2351160", "9438583");
INSERT INTO organization (organization_id,name_org,abbreviation,city,street,postal_code,org_type,funds_company,budget_uni_ministry,budget_rc1,budget_rc2) VALUES ("66598", "Company902", "C902", "Heraklion", "Kantonia149", "62572", "Company", "5993991", "0", "0", "0");
INSERT INTO organization (organization_id,name_org,abbreviation,city,street,postal_code,org_type,funds_company,budget_uni_ministry,budget_rc1,budget_rc2) VALUES ("20154", "University351", "UN351", "Patra", "Mpotsari20", "40190", "University", "0", "9333466", "0", "0");
INSERT INTO organization (organization_id,name_org,abbreviation,city,street,postal_code,org_type,funds_company,budget_uni_ministry,budget_rc1,budget_rc2) VALUES ("82118", "Company498", "C498", "Rhode Island", "Nikopoleos54", "83796", "Company", "3119135", "0", "0", "0");
INSERT INTO organization (organization_id,name_org,abbreviation,city,street,postal_code,org_type,funds_company,budget_uni_ministry,budget_rc1,budget_rc2) VALUES ("94123", "Company487", "C487", "Larisa", "Samothrakis143", "88058", "Company", "6828213", "0", "0", "0");
INSERT INTO organization (organization_id,name_org,abbreviation,city,street,postal_code,org_type,funds_company,budget_uni_ministry,budget_rc1,budget_rc2) VALUES ("95843", "University981", "UN981", "Athens", "Eleftheriou Venizelou7", "29862", "University", "0", "5882927", "0", "0");
INSERT INTO organization (organization_id,name_org,abbreviation,city,street,postal_code,org_type,funds_company,budget_uni_ministry,budget_rc1,budget_rc2) VALUES ("89293", "Research Center612", "RC612", "Larisa", "Ippokratous126", "53874", "Research Center", "0", "0", "8652580", "6702576");

-- researcher 
INSERT INTO researcher (researcher_id,first_name,last_name,birthdate,gender,organization_id,datework) VALUES ("79919", "Tabitha", "Hardy", "2000-8-19", "Female", "58828", "2017-6-13");
INSERT INTO researcher (researcher_id,first_name,last_name,birthdate,gender,organization_id,datework) VALUES ("50302", "Christopher", "Bridges", "1958-5-9", "Male", "73928", "2010-5-3");
INSERT INTO researcher (researcher_id,first_name,last_name,birthdate,gender,organization_id,datework) VALUES ("49408", "Tanya", "Deleon", "1972-11-13", "Female", "31276", "2018-7-6");
INSERT INTO researcher (researcher_id,first_name,last_name,birthdate,gender,organization_id,datework) VALUES ("54018", "Michael", "Wood", "1992-12-18", "Male", "12163", "2021-10-2");
INSERT INTO researcher (researcher_id,first_name,last_name,birthdate,gender,organization_id,datework) VALUES ("13770", "Jennifer", "Lopez", "1992-7-27", "Non-Binary", "20317", "2011-4-4");
INSERT INTO researcher (researcher_id,first_name,last_name,birthdate,gender,organization_id,datework) VALUES ("25726", "Jennifer", "Hunter", "1981-4-20", "Male", "10326", "2011-7-21");
INSERT INTO researcher (researcher_id,first_name,last_name,birthdate,gender,organization_id,datework) VALUES ("63081", "Virginia", "Meyer", "1999-1-26", "Non-Binary", "42070", "2018-4-4");
INSERT INTO researcher (researcher_id,first_name,last_name,birthdate,gender,organization_id,datework) VALUES ("22554", "Tammy", "Terry", "1992-10-13", "Female", "66426", "2016-4-17");
INSERT INTO researcher (researcher_id,first_name,last_name,birthdate,gender,organization_id,datework) VALUES ("19388", "Amber", "Shaw", "1995-10-14", "Female", "94123", "2014-2-9");
INSERT INTO researcher (researcher_id,first_name,last_name,birthdate,gender,organization_id,datework) VALUES ("18216", "Melissa", "Vazquez", "1974-2-6", "Male", "28167", "2019-3-2");
INSERT INTO researcher (researcher_id,first_name,last_name,birthdate,gender,organization_id,datework) VALUES ("50044", "Jacob", "West", "1992-1-12", "Female", "28167", "2012-9-19");
INSERT INTO researcher (researcher_id,first_name,last_name,birthdate,gender,organization_id,datework) VALUES ("10351", "Amy", "Anderson", "1966-4-26", "Male", "20154", "2016-3-17");
INSERT INTO researcher (researcher_id,first_name,last_name,birthdate,gender,organization_id,datework) VALUES ("34757", "David", "Coleman", "1954-5-27", "Male", "58828", "2012-5-17");
INSERT INTO researcher (researcher_id,first_name,last_name,birthdate,gender,organization_id,datework) VALUES ("33122", "Robert", "Berry", "1973-9-21", "Female", "21600", "2016-2-13");
INSERT INTO researcher (researcher_id,first_name,last_name,birthdate,gender,organization_id,datework) VALUES ("89840", "Morgan", "Powers", "2000-12-18", "Male", "12163", "2020-1-15");
INSERT INTO researcher (researcher_id,first_name,last_name,birthdate,gender,organization_id,datework) VALUES ("84317", "Christopher", "Collins", "1990-8-11", "Male", "34186", "2012-8-15");
INSERT INTO researcher (researcher_id,first_name,last_name,birthdate,gender,organization_id,datework) VALUES ("19049", "Amanda", "Hughes", "1952-3-1", "Non-Binary", "22830", "2021-5-28");
INSERT INTO researcher (researcher_id,first_name,last_name,birthdate,gender,organization_id,datework) VALUES ("68144", "Christina", "Stephens", "1975-1-24", "Non-Binary", "22830", "2018-10-25");
INSERT INTO researcher (researcher_id,first_name,last_name,birthdate,gender,organization_id,datework) VALUES ("48249", "Sharon", "Barrett", "1984-1-23", "Non-Binary", "10326", "2018-8-28");
INSERT INTO researcher (researcher_id,first_name,last_name,birthdate,gender,organization_id,datework) VALUES ("91680", "Isabella", "Ortiz", "1965-9-16", "Non-Binary", "86513", "2011-6-21");
INSERT INTO researcher (researcher_id,first_name,last_name,birthdate,gender,organization_id,datework) VALUES ("84866", "Steven", "Barker", "1985-4-24", "Male", "53788", "2018-8-9");
INSERT INTO researcher (researcher_id,first_name,last_name,birthdate,gender,organization_id,datework) VALUES ("73168", "Gail", "Brooks", "1982-7-6", "Male", "46113", "2016-5-23");
INSERT INTO researcher (researcher_id,first_name,last_name,birthdate,gender,organization_id,datework) VALUES ("67648", "Erika", "Lewis", "1992-9-19", "Female", "10326", "2012-10-10");
INSERT INTO researcher (researcher_id,first_name,last_name,birthdate,gender,organization_id,datework) VALUES ("73335", "Sarah", "Bright", "1969-12-24", "Non-Binary", "71147", "2010-2-25");
INSERT INTO researcher (researcher_id,first_name,last_name,birthdate,gender,organization_id,datework) VALUES ("13038", "Andrew", "Barnes", "1999-9-27", "Non-Binary", "82118", "2013-9-24");
INSERT INTO researcher (researcher_id,first_name,last_name,birthdate,gender,organization_id,datework) VALUES ("25171", "Rachel", "Joyce", "1991-2-9", "Female", "38569", "2010-9-8");
INSERT INTO researcher (researcher_id,first_name,last_name,birthdate,gender,organization_id,datework) VALUES ("41587", "Brett", "Adams", "1978-8-9", "Non-Binary", "58828", "2010-7-25");
INSERT INTO researcher (researcher_id,first_name,last_name,birthdate,gender,organization_id,datework) VALUES ("38273", "Robert", "Carey", "1956-1-10", "Male", "42070", "2022-5-19");
INSERT INTO researcher (researcher_id,first_name,last_name,birthdate,gender,organization_id,datework) VALUES ("67614", "Melvin", "Williams", "1985-8-5", "Female", "73928", "2015-4-20");
INSERT INTO researcher (researcher_id,first_name,last_name,birthdate,gender,organization_id,datework) VALUES ("77672", "Heather", "Gamble", "1986-8-28", "Female", "28167", "2016-6-3");
INSERT INTO researcher (researcher_id,first_name,last_name,birthdate,gender,organization_id,datework) VALUES ("78363", "Joan", "Gonzalez", "1954-11-24", "Male", "20154", "2017-7-3");
INSERT INTO researcher (researcher_id,first_name,last_name,birthdate,gender,organization_id,datework) VALUES ("20905", "Lindsay", "Bullock", "1967-2-1", "Male", "46113", "2022-3-18");
INSERT INTO researcher (researcher_id,first_name,last_name,birthdate,gender,organization_id,datework) VALUES ("65286", "Courtney", "Harris", "1982-7-4", "Female", "66426", "2014-6-25");
INSERT INTO researcher (researcher_id,first_name,last_name,birthdate,gender,organization_id,datework) VALUES ("30525", "Frank", "King", "1960-4-3", "Female", "46113", "2017-4-10");
INSERT INTO researcher (researcher_id,first_name,last_name,birthdate,gender,organization_id,datework) VALUES ("65844", "Kevin", "Roberts", "1957-7-6", "Male", "58828", "2012-6-14");
INSERT INTO researcher (researcher_id,first_name,last_name,birthdate,gender,organization_id,datework) VALUES ("75180", "Faith", "Strickland", "1964-11-20", "Male", "58828", "2011-3-13");
INSERT INTO researcher (researcher_id,first_name,last_name,birthdate,gender,organization_id,datework) VALUES ("82252", "Jason", "Moore", "1954-9-17", "Female", "95843", "2012-11-20");
INSERT INTO researcher (researcher_id,first_name,last_name,birthdate,gender,organization_id,datework) VALUES ("43318", "Erica", "Wilson", "1992-9-28", "Male", "31802", "2017-4-6");
INSERT INTO researcher (researcher_id,first_name,last_name,birthdate,gender,organization_id,datework) VALUES ("86010", "Jacqueline", "Lindsey", "1981-4-21", "Non-Binary", "73928", "2011-12-15");
INSERT INTO researcher (researcher_id,first_name,last_name,birthdate,gender,organization_id,datework) VALUES ("64469", "Shawn", "Brewer", "1984-12-23", "Female", "28167", "2019-1-28");
INSERT INTO researcher (researcher_id,first_name,last_name,birthdate,gender,organization_id,datework) VALUES ("71994", "Michael", "Wilson", "1959-9-16", "Female", "66426", "2017-3-12");
INSERT INTO researcher (researcher_id,first_name,last_name,birthdate,gender,organization_id,datework) VALUES ("10187", "Lisa", "Green", "1956-8-9", "Male", "31276", "2011-1-5");
INSERT INTO researcher (researcher_id,first_name,last_name,birthdate,gender,organization_id,datework) VALUES ("50213", "Jay", "Clark", "1988-11-2", "Male", "66598", "2014-12-18");
INSERT INTO researcher (researcher_id,first_name,last_name,birthdate,gender,organization_id,datework) VALUES ("87157", "Tammy", "Hale", "1954-10-1", "Female", "66598", "2010-2-21");
INSERT INTO researcher (researcher_id,first_name,last_name,birthdate,gender,organization_id,datework) VALUES ("67464", "Curtis", "Shaw", "1961-5-22", "Male", "22830", "2011-5-12");
INSERT INTO researcher (researcher_id,first_name,last_name,birthdate,gender,organization_id,datework) VALUES ("14578", "Christopher", "Smith", "1986-11-24", "Female", "94123", "2022-4-6");
INSERT INTO researcher (researcher_id,first_name,last_name,birthdate,gender,organization_id,datework) VALUES ("19655", "Rhonda", "Bond", "1961-12-18", "Male", "73928", "2014-11-16");
INSERT INTO researcher (researcher_id,first_name,last_name,birthdate,gender,organization_id,datework) VALUES ("38088", "Kimberly", "Rogers", "1967-6-5", "Non-Binary", "70869", "2014-2-9");
INSERT INTO researcher (researcher_id,first_name,last_name,birthdate,gender,organization_id,datework) VALUES ("44989", "Pamela", "Curry", "1953-7-20", "Male", "31802", "2018-7-25");
INSERT INTO researcher (researcher_id,first_name,last_name,birthdate,gender,organization_id,datework) VALUES ("50530", "Randy", "Green", "1956-4-22", "Male", "66598", "2014-1-19");
INSERT INTO researcher (researcher_id,first_name,last_name,birthdate,gender,organization_id,datework) VALUES ("69392", "Gregory", "Williams", "1955-12-17", "Female", "31802", "2021-5-11");
INSERT INTO researcher (researcher_id,first_name,last_name,birthdate,gender,organization_id,datework) VALUES ("97478", "Carlos", "Morgan", "1993-12-26", "Male", "58828", "2017-5-2");
INSERT INTO researcher (researcher_id,first_name,last_name,birthdate,gender,organization_id,datework) VALUES ("16221", "Jackson", "Stewart", "1965-7-16", "Non-Binary", "38569", "2020-9-26");
INSERT INTO researcher (researcher_id,first_name,last_name,birthdate,gender,organization_id,datework) VALUES ("11496", "Jose", "Valencia", "1990-11-18", "Non-Binary", "31276", "2010-6-4");
INSERT INTO researcher (researcher_id,first_name,last_name,birthdate,gender,organization_id,datework) VALUES ("49521", "Susan", "Beck", "1982-11-15", "Non-Binary", "70869", "2012-2-23");
INSERT INTO researcher (researcher_id,first_name,last_name,birthdate,gender,organization_id,datework) VALUES ("35595", "Robert", "Hopkins", "1990-6-4", "Non-Binary", "66426", "2019-11-24");
INSERT INTO researcher (researcher_id,first_name,last_name,birthdate,gender,organization_id,datework) VALUES ("95737", "William", "Perez", "1975-3-21", "Female", "31802", "2017-10-5");
INSERT INTO researcher (researcher_id,first_name,last_name,birthdate,gender,organization_id,datework) VALUES ("80338", "Christine", "Bell", "1991-6-4", "Non-Binary", "20154", "2013-1-24");
INSERT INTO researcher (researcher_id,first_name,last_name,birthdate,gender,organization_id,datework) VALUES ("84160", "Sara", "Moore", "1997-7-11", "Non-Binary", "22830", "2013-5-4");
INSERT INTO researcher (researcher_id,first_name,last_name,birthdate,gender,organization_id,datework) VALUES ("15642", "Edward", "Arellano", "1954-1-9", "Male", "70869", "2015-9-23");
INSERT INTO researcher (researcher_id,first_name,last_name,birthdate,gender,organization_id,datework) VALUES ("72648", "Sarah", "Nicholson", "1962-8-22", "Non-Binary", "89293", "2013-6-8");
INSERT INTO researcher (researcher_id,first_name,last_name,birthdate,gender,organization_id,datework) VALUES ("47690", "Claudia", "Jones", "1954-1-5", "Male", "31802", "2014-11-20");
INSERT INTO researcher (researcher_id,first_name,last_name,birthdate,gender,organization_id,datework) VALUES ("62533", "Richard", "Jackson", "1985-7-12", "Non-Binary", "22830", "2016-5-16");
INSERT INTO researcher (researcher_id,first_name,last_name,birthdate,gender,organization_id,datework) VALUES ("10958", "Joseph", "Sharp", "1973-10-19", "Non-Binary", "94123", "2016-1-1");
INSERT INTO researcher (researcher_id,first_name,last_name,birthdate,gender,organization_id,datework) VALUES ("16066", "Francisco", "Johnson", "1994-4-11", "Male", "94123", "2011-9-12");
INSERT INTO researcher (researcher_id,first_name,last_name,birthdate,gender,organization_id,datework) VALUES ("75842", "Timothy", "Gardner", "1985-5-23", "Non-Binary", "38569", "2019-6-23");
INSERT INTO researcher (researcher_id,first_name,last_name,birthdate,gender,organization_id,datework) VALUES ("45833", "Heather", "White", "1968-11-14", "Female", "10326", "2011-8-24");
INSERT INTO researcher (researcher_id,first_name,last_name,birthdate,gender,organization_id,datework) VALUES ("82357", "Laura", "Robinson", "1990-2-2", "Male", "28167", "2010-11-5");
INSERT INTO researcher (researcher_id,first_name,last_name,birthdate,gender,organization_id,datework) VALUES ("44091", "Lori", "Wilson", "1992-1-14", "Non-Binary", "22392", "2010-2-4");
INSERT INTO researcher (researcher_id,first_name,last_name,birthdate,gender,organization_id,datework) VALUES ("95188", "Samuel", "Fields", "1986-1-17", "Female", "38569", "2020-8-5");
INSERT INTO researcher (researcher_id,first_name,last_name,birthdate,gender,organization_id,datework) VALUES ("43875", "Diana", "Rivera", "1961-2-4", "Male", "63706", "2020-12-1");
INSERT INTO researcher (researcher_id,first_name,last_name,birthdate,gender,organization_id,datework) VALUES ("70369", "Thomas", "Lopez", "1961-2-26", "Female", "20317", "2022-2-3");
INSERT INTO researcher (researcher_id,first_name,last_name,birthdate,gender,organization_id,datework) VALUES ("69761", "Sheila", "Hammond", "1987-1-7", "Male", "70869", "2018-8-2");
INSERT INTO researcher (researcher_id,first_name,last_name,birthdate,gender,organization_id,datework) VALUES ("24330", "Amanda", "Lopez", "1959-3-17", "Male", "89293", "2014-5-18");
INSERT INTO researcher (researcher_id,first_name,last_name,birthdate,gender,organization_id,datework) VALUES ("12579", "Jim", "Smith", "1994-10-7", "Non-Binary", "38569", "2010-11-24");
INSERT INTO researcher (researcher_id,first_name,last_name,birthdate,gender,organization_id,datework) VALUES ("84750", "Edward", "Myers", "2000-12-21", "Female", "86513", "2017-12-17");
INSERT INTO researcher (researcher_id,first_name,last_name,birthdate,gender,organization_id,datework) VALUES ("18769", "Rebecca", "Hammond", "1970-3-11", "Non-Binary", "95843", "2014-5-22");
INSERT INTO researcher (researcher_id,first_name,last_name,birthdate,gender,organization_id,datework) VALUES ("75167", "Ricardo", "Turner", "1969-9-7", "Male", "28167", "2012-1-4");
INSERT INTO researcher (researcher_id,first_name,last_name,birthdate,gender,organization_id,datework) VALUES ("65533", "Nathan", "Thomas", "1955-11-18", "Female", "20154", "2019-11-22");
INSERT INTO researcher (researcher_id,first_name,last_name,birthdate,gender,organization_id,datework) VALUES ("75531", "Catherine", "Warner", "1973-12-24", "Non-Binary", "82118", "2017-10-3");
INSERT INTO researcher (researcher_id,first_name,last_name,birthdate,gender,organization_id,datework) VALUES ("77629", "James", "Vasquez", "1964-7-19", "Non-Binary", "10326", "2021-12-12");
INSERT INTO researcher (researcher_id,first_name,last_name,birthdate,gender,organization_id,datework) VALUES ("73862", "Patricia", "Larson", "1971-12-20", "Female", "21600", "2020-10-26");
INSERT INTO researcher (researcher_id,first_name,last_name,birthdate,gender,organization_id,datework) VALUES ("45965", "Ashley", "Gaines", "1967-2-9", "Female", "11341", "2015-12-20");
INSERT INTO researcher (researcher_id,first_name,last_name,birthdate,gender,organization_id,datework) VALUES ("60529", "Whitney", "Hubbard", "1966-2-16", "Female", "63706", "2014-5-4");
INSERT INTO researcher (researcher_id,first_name,last_name,birthdate,gender,organization_id,datework) VALUES ("25033", "Tyler", "Boyle", "1990-7-18", "Female", "89293", "2021-4-17");
INSERT INTO researcher (researcher_id,first_name,last_name,birthdate,gender,organization_id,datework) VALUES ("34490", "Jennifer", "Gardner", "1996-7-6", "Male", "58828", "2013-7-3");
INSERT INTO researcher (researcher_id,first_name,last_name,birthdate,gender,organization_id,datework) VALUES ("35648", "Amy", "Lynch", "1965-12-6", "Female", "89293", "2011-4-9");
INSERT INTO researcher (researcher_id,first_name,last_name,birthdate,gender,organization_id,datework) VALUES ("69476", "Julie", "Stanley", "1962-1-24", "Female", "12163", "2020-6-5");
INSERT INTO researcher (researcher_id,first_name,last_name,birthdate,gender,organization_id,datework) VALUES ("14535", "Robert", "Baker", "1981-5-2", "Female", "63706", "2010-5-20");
INSERT INTO researcher (researcher_id,first_name,last_name,birthdate,gender,organization_id,datework) VALUES ("72462", "Andrew", "Fleming", "1951-10-20", "Non-Binary", "21600", "2021-12-5");
INSERT INTO researcher (researcher_id,first_name,last_name,birthdate,gender,organization_id,datework) VALUES ("55768", "Juan", "Bell", "1967-11-5", "Female", "86513", "2015-8-3");
INSERT INTO researcher (researcher_id,first_name,last_name,birthdate,gender,organization_id,datework) VALUES ("38277", "Rachel", "Allen", "2000-9-11", "Non-Binary", "34186", "2016-4-4");
INSERT INTO researcher (researcher_id,first_name,last_name,birthdate,gender,organization_id,datework) VALUES ("12593", "Morgan", "Ward", "1986-1-2", "Female", "28036", "2014-9-4");
INSERT INTO researcher (researcher_id,first_name,last_name,birthdate,gender,organization_id,datework) VALUES ("97787", "Nichole", "Bailey", "1955-12-9", "Non-Binary", "38569", "2010-6-11");
INSERT INTO researcher (researcher_id,first_name,last_name,birthdate,gender,organization_id,datework) VALUES ("49496", "Michael", "Giles", "1991-8-5", "Female", "20154", "2019-1-28");
INSERT INTO researcher (researcher_id,first_name,last_name,birthdate,gender,organization_id,datework) VALUES ("50661", "Jeffrey", "Rivera", "1985-11-16", "Male", "73928", "2021-3-16");
INSERT INTO researcher (researcher_id,first_name,last_name,birthdate,gender,organization_id,datework) VALUES ("25778", "Nicholas", "Peterson", "1959-5-14", "Male", "66598", "2016-2-21");
INSERT INTO researcher (researcher_id,first_name,last_name,birthdate,gender,organization_id,datework) VALUES ("44778", "Seth", "Jenkins", "1993-8-28", "Non-Binary", "11341", "2013-5-10");
INSERT INTO researcher (researcher_id,first_name,last_name,birthdate,gender,organization_id,datework) VALUES ("53161", "Scott", "Mathis", "1990-7-20", "Non-Binary", "86945", "2018-12-21");
INSERT INTO researcher (researcher_id,first_name,last_name,birthdate,gender,organization_id,datework) VALUES ("72595", "Abigail", "Wilson", "1950-6-21", "Non-Binary", "66598", "2019-11-12");
INSERT INTO researcher (researcher_id,first_name,last_name,birthdate,gender,organization_id,datework) VALUES ("28988", "John", "Baker", "1982-10-22", "Non-Binary", "66426", "2016-1-5");
INSERT INTO researcher (researcher_id,first_name,last_name,birthdate,gender,organization_id,datework) VALUES ("97114", "Lindsey", "Anderson", "1959-11-27", "Non-Binary", "89293", "2020-6-20");
INSERT INTO researcher (researcher_id,first_name,last_name,birthdate,gender,organization_id,datework) VALUES ("36954", "Trevor", "Rogers", "1974-10-25", "Female", "28167", "2019-8-22");
INSERT INTO researcher (researcher_id,first_name,last_name,birthdate,gender,organization_id,datework) VALUES ("95683", "Robert", "Harris", "1956-10-24", "Non-Binary", "86945", "2013-9-20");
INSERT INTO researcher (researcher_id,first_name,last_name,birthdate,gender,organization_id,datework) VALUES ("11882", "Steven", "Hernandez", "1962-3-13", "Female", "66598", "2020-6-11");
INSERT INTO researcher (researcher_id,first_name,last_name,birthdate,gender,organization_id,datework) VALUES ("14136", "Adam", "Arroyo", "1952-4-1", "Female", "94123", "2010-3-16");
INSERT INTO researcher (researcher_id,first_name,last_name,birthdate,gender,organization_id,datework) VALUES ("10202", "Craig", "Hopkins", "1984-9-14", "Female", "38569", "2012-11-25");
INSERT INTO researcher (researcher_id,first_name,last_name,birthdate,gender,organization_id,datework) VALUES ("59882", "Stephen", "Bennett", "1962-2-22", "Male", "73928", "2010-5-23");
INSERT INTO researcher (researcher_id,first_name,last_name,birthdate,gender,organization_id,datework) VALUES ("15478", "Kelly", "Wilkinson", "1986-4-9", "Non-Binary", "11341", "2014-4-7");
INSERT INTO researcher (researcher_id,first_name,last_name,birthdate,gender,organization_id,datework) VALUES ("83073", "Heather", "Carey", "1990-11-2", "Male", "86945", "2011-2-23");
INSERT INTO researcher (researcher_id,first_name,last_name,birthdate,gender,organization_id,datework) VALUES ("16390", "Pamela", "Holland", "1952-7-26", "Female", "53788", "2020-2-19");
INSERT INTO researcher (researcher_id,first_name,last_name,birthdate,gender,organization_id,datework) VALUES ("82766", "Daniel", "Cervantes", "1969-10-25", "Non-Binary", "20317", "2022-6-27");
INSERT INTO researcher (researcher_id,first_name,last_name,birthdate,gender,organization_id,datework) VALUES ("63451", "Sharon", "Anderson", "1982-11-13", "Male", "31276", "2010-10-13");
INSERT INTO researcher (researcher_id,first_name,last_name,birthdate,gender,organization_id,datework) VALUES ("87174", "Robert", "Yang", "1984-10-14", "Male", "11341", "2013-4-22");
INSERT INTO researcher (researcher_id,first_name,last_name,birthdate,gender,organization_id,datework) VALUES ("68344", "James", "Gibson", "1991-3-28", "Non-Binary", "31802", "2014-5-5");
INSERT INTO researcher (researcher_id,first_name,last_name,birthdate,gender,organization_id,datework) VALUES ("27170", "Brad", "Leach", "1979-7-24", "Non-Binary", "66426", "2015-8-15");
INSERT INTO researcher (researcher_id,first_name,last_name,birthdate,gender,organization_id,datework) VALUES ("38208", "Mackenzie", "Henderson", "1968-7-14", "Non-Binary", "71147", "2015-6-19");
INSERT INTO researcher (researcher_id,first_name,last_name,birthdate,gender,organization_id,datework) VALUES ("75324", "Cory", "Brown", "1985-3-27", "Non-Binary", "86513", "2015-5-5");
INSERT INTO researcher (researcher_id,first_name,last_name,birthdate,gender,organization_id,datework) VALUES ("29725", "Brandon", "Richardson", "1970-11-27", "Male", "34186", "2015-3-9");
INSERT INTO researcher (researcher_id,first_name,last_name,birthdate,gender,organization_id,datework) VALUES ("32240", "Casey", "Stafford", "1963-11-19", "Male", "70869", "2016-2-25");

-- program 
INSERT INTO program (program_id,name_pr,management) VALUES ("64152","program514","Brandon Fuller");
INSERT INTO program (program_id,name_pr,management) VALUES ("68185","program503","Brandon Lee");
INSERT INTO program (program_id,name_pr,management) VALUES ("49839","program485","Kristine Cooper");
INSERT INTO program (program_id,name_pr,management) VALUES ("55078","program451","Cindy Rowland");
INSERT INTO program (program_id,name_pr,management) VALUES ("55741","program160","James Graham");
INSERT INTO program (program_id,name_pr,management) VALUES ("84324","program134","Andrea Anderson");
INSERT INTO program (program_id,name_pr,management) VALUES ("43164","program114","Hannah Hill");
INSERT INTO program (program_id,name_pr,management) VALUES ("23002","program915","Elizabeth Sexton");
INSERT INTO program (program_id,name_pr,management) VALUES ("66427","program923","Susan Petersen");
INSERT INTO program (program_id,name_pr,management) VALUES ("56826","program895","James Singh");
INSERT INTO program (program_id,name_pr,management) VALUES ("27140","program812","Dustin Mason");
INSERT INTO program (program_id,name_pr,management) VALUES ("54109","program837","Daniel Jones");
INSERT INTO program (program_id,name_pr,management) VALUES ("58386","program570","Ronnie Jackson");
INSERT INTO program (program_id,name_pr,management) VALUES ("95201","program124","David Hoffman");
INSERT INTO program (program_id,name_pr,management) VALUES ("53438","program406","Kevin Russell");
INSERT INTO program (program_id,name_pr,management) VALUES ("86223","program971","Hannah Chan");
INSERT INTO program (program_id,name_pr,management) VALUES ("85099","program767","Adrian Underwood");
INSERT INTO program (program_id,name_pr,management) VALUES ("68676","program574","Todd Charles");
INSERT INTO program (program_id,name_pr,management) VALUES ("88445","program741","Jessica Atkinson");
INSERT INTO program (program_id,name_pr,management) VALUES ("37674","program927","Ashley Dennis");
INSERT INTO program (program_id,name_pr,management) VALUES ("23746","program278","Stephanie Robinson");
INSERT INTO program (program_id,name_pr,management) VALUES ("43662","program254","Zachary Brooks");
INSERT INTO program (program_id,name_pr,management) VALUES ("89018","program441","Stephanie Bishop");
INSERT INTO program (program_id,name_pr,management) VALUES ("45996","program154","Robert Williams");
INSERT INTO program (program_id,name_pr,management) VALUES ("85994","program497","William Reynolds");
INSERT INTO program (program_id,name_pr,management) VALUES ("23883","program982","Christopher Charles");
INSERT INTO program (program_id,name_pr,management) VALUES ("33400","program891","Mr. Thomas Burnett");
INSERT INTO program (program_id,name_pr,management) VALUES ("77027","program249","Brenda Nunez");
INSERT INTO program (program_id,name_pr,management) VALUES ("74583","program235","Erin Michael");
INSERT INTO program (program_id,name_pr,management) VALUES ("73720","program516","Frederick Salazar");
INSERT INTO program (program_id,name_pr,management) VALUES ("11595","program770","Jennifer Alexander");
INSERT INTO program (program_id,name_pr,management) VALUES ("72126","program902","Jack Bush");
INSERT INTO program (program_id,name_pr,management) VALUES ("77082","program973","Christina Shepard");
INSERT INTO program (program_id,name_pr,management) VALUES ("73334","program292","Jodi Allen");
INSERT INTO program (program_id,name_pr,management) VALUES ("10164","program397","Brett Boyd");
INSERT INTO program (program_id,name_pr,management) VALUES ("99060","program869","Taylor Davis");
INSERT INTO program (program_id,name_pr,management) VALUES ("40396","program271","Alexandra Gordon");
INSERT INTO program (program_id,name_pr,management) VALUES ("84496","program210","John Smith");
INSERT INTO program (program_id,name_pr,management) VALUES ("57970","program248","Kathleen Ramirez");
INSERT INTO program (program_id,name_pr,management) VALUES ("55713","program409","Andrew Griffin");

-- scientific_field 
INSERT INTO scientific_field (scfield_id,name_scfield) VALUES ("20337","Mathematics");
INSERT INTO scientific_field (scfield_id,name_scfield) VALUES ("28826","Computer Science");
INSERT INTO scientific_field (scfield_id,name_scfield) VALUES ("80034","Physics");
INSERT INTO scientific_field (scfield_id,name_scfield) VALUES ("93204","Biology");
INSERT INTO scientific_field (scfield_id,name_scfield) VALUES ("85811","Chemistry");
INSERT INTO scientific_field (scfield_id,name_scfield) VALUES ("49337","Geology");
INSERT INTO scientific_field (scfield_id,name_scfield) VALUES ("36675","Law");
INSERT INTO scientific_field (scfield_id,name_scfield) VALUES ("19345","Natural Sciences");
INSERT INTO scientific_field (scfield_id,name_scfield) VALUES ("17538","Economics");
INSERT INTO scientific_field (scfield_id,name_scfield) VALUES ("10296","Irrelevant");

-- evaluation 
INSERT INTO evaluation (evaluation_id,grade,date_eval) VALUES ("50301","1", "2018-1-11");
INSERT INTO evaluation (evaluation_id,grade,date_eval) VALUES ("21222","6", "2022-7-19");
INSERT INTO evaluation (evaluation_id,grade,date_eval) VALUES ("19914","0", "2021-2-23");
INSERT INTO evaluation (evaluation_id,grade,date_eval) VALUES ("35199","2", "2017-3-6");
INSERT INTO evaluation (evaluation_id,grade,date_eval) VALUES ("93566","5", "2019-6-21");
INSERT INTO evaluation (evaluation_id,grade,date_eval) VALUES ("42222","9", "2022-8-24");
INSERT INTO evaluation (evaluation_id,grade,date_eval) VALUES ("29888","2", "2020-4-27");
INSERT INTO evaluation (evaluation_id,grade,date_eval) VALUES ("89602","0", "2015-8-8");
INSERT INTO evaluation (evaluation_id,grade,date_eval) VALUES ("63686","1", "2016-10-2");
INSERT INTO evaluation (evaluation_id,grade,date_eval) VALUES ("38684","0", "2015-4-24");
INSERT INTO evaluation (evaluation_id,grade,date_eval) VALUES ("91738","5", "2015-9-11");
INSERT INTO evaluation (evaluation_id,grade,date_eval) VALUES ("60768","1", "2020-11-14");
INSERT INTO evaluation (evaluation_id,grade,date_eval) VALUES ("50953","4", "2022-4-22");
INSERT INTO evaluation (evaluation_id,grade,date_eval) VALUES ("63241","6", "2018-11-8");
INSERT INTO evaluation (evaluation_id,grade,date_eval) VALUES ("93478","5", "2017-7-25");
INSERT INTO evaluation (evaluation_id,grade,date_eval) VALUES ("18923","1", "2015-3-1");
INSERT INTO evaluation (evaluation_id,grade,date_eval) VALUES ("79954","10", "2022-8-15");
INSERT INTO evaluation (evaluation_id,grade,date_eval) VALUES ("48511","0", "2020-8-20");
INSERT INTO evaluation (evaluation_id,grade,date_eval) VALUES ("25941","4", "2018-9-14");
INSERT INTO evaluation (evaluation_id,grade,date_eval) VALUES ("40909","3", "2019-4-11");
INSERT INTO evaluation (evaluation_id,grade,date_eval) VALUES ("10325","4", "2016-5-6");
INSERT INTO evaluation (evaluation_id,grade,date_eval) VALUES ("53095","6", "2021-8-18");
INSERT INTO evaluation (evaluation_id,grade,date_eval) VALUES ("48855","8", "2021-6-3");
INSERT INTO evaluation (evaluation_id,grade,date_eval) VALUES ("47374","3", "2018-5-22");
INSERT INTO evaluation (evaluation_id,grade,date_eval) VALUES ("80891","0", "2017-11-18");
INSERT INTO evaluation (evaluation_id,grade,date_eval) VALUES ("67623","3", "2016-9-6");
INSERT INTO evaluation (evaluation_id,grade,date_eval) VALUES ("24934","6", "2017-1-27");
INSERT INTO evaluation (evaluation_id,grade,date_eval) VALUES ("58909","5", "2021-3-17");
INSERT INTO evaluation (evaluation_id,grade,date_eval) VALUES ("10543","8", "2020-8-5");
INSERT INTO evaluation (evaluation_id,grade,date_eval) VALUES ("85910","5", "2020-5-27");
INSERT INTO evaluation (evaluation_id,grade,date_eval) VALUES ("84528","4", "2015-4-2");
INSERT INTO evaluation (evaluation_id,grade,date_eval) VALUES ("54005","6", "2022-10-7");
INSERT INTO evaluation (evaluation_id,grade,date_eval) VALUES ("39301","0", "2019-11-23");
INSERT INTO evaluation (evaluation_id,grade,date_eval) VALUES ("35384","5", "2022-7-16");
INSERT INTO evaluation (evaluation_id,grade,date_eval) VALUES ("22534","4", "2021-6-25");
INSERT INTO evaluation (evaluation_id,grade,date_eval) VALUES ("91495","9", "2018-9-14");
INSERT INTO evaluation (evaluation_id,grade,date_eval) VALUES ("47197","1", "2015-9-8");
INSERT INTO evaluation (evaluation_id,grade,date_eval) VALUES ("85573","9", "2022-11-10");
INSERT INTO evaluation (evaluation_id,grade,date_eval) VALUES ("93308","2", "2022-12-20");
INSERT INTO evaluation (evaluation_id,grade,date_eval) VALUES ("32201","0", "2016-6-2");
INSERT INTO evaluation (evaluation_id,grade,date_eval) VALUES ("58939","4", "2019-4-15");
INSERT INTO evaluation (evaluation_id,grade,date_eval) VALUES ("74705","4", "2015-7-21");
INSERT INTO evaluation (evaluation_id,grade,date_eval) VALUES ("38502","3", "2018-7-15");
INSERT INTO evaluation (evaluation_id,grade,date_eval) VALUES ("98801","4", "2015-9-9");
INSERT INTO evaluation (evaluation_id,grade,date_eval) VALUES ("70024","1", "2017-6-26");
INSERT INTO evaluation (evaluation_id,grade,date_eval) VALUES ("20794","0", "2016-11-7");
INSERT INTO evaluation (evaluation_id,grade,date_eval) VALUES ("42112","7", "2016-10-5");
INSERT INTO evaluation (evaluation_id,grade,date_eval) VALUES ("68179","5", "2019-1-18");
INSERT INTO evaluation (evaluation_id,grade,date_eval) VALUES ("58456","3", "2017-8-2");
INSERT INTO evaluation (evaluation_id,grade,date_eval) VALUES ("91469","6", "2022-7-27");

-- executive 
INSERT INTO executive (executive_id,name_ex) VALUES ("53098","Wanda Green");
INSERT INTO executive (executive_id,name_ex) VALUES ("52585","Christine Ortiz");
INSERT INTO executive (executive_id,name_ex) VALUES ("79599","Mr. Steven Buck");
INSERT INTO executive (executive_id,name_ex) VALUES ("95227","Tanner Campbell");
INSERT INTO executive (executive_id,name_ex) VALUES ("73864","Deborah Reynolds DDS");
INSERT INTO executive (executive_id,name_ex) VALUES ("97156","Mercedes Parks");
INSERT INTO executive (executive_id,name_ex) VALUES ("24316","Courtney Jones");
INSERT INTO executive (executive_id,name_ex) VALUES ("98237","Christopher Haynes");
INSERT INTO executive (executive_id,name_ex) VALUES ("61126","Katherine Gonzales");
INSERT INTO executive (executive_id,name_ex) VALUES ("72440","Craig Murphy");
INSERT INTO executive (executive_id,name_ex) VALUES ("54068","Ryan Shepherd");
INSERT INTO executive (executive_id,name_ex) VALUES ("37174","Tammy Clark DVM");
INSERT INTO executive (executive_id,name_ex) VALUES ("31060","Nicole Vazquez");
INSERT INTO executive (executive_id,name_ex) VALUES ("12555","Noah Garcia");
INSERT INTO executive (executive_id,name_ex) VALUES ("24394","Robin Thompson");
INSERT INTO executive (executive_id,name_ex) VALUES ("47694","Cheryl Foley");
INSERT INTO executive (executive_id,name_ex) VALUES ("36899","Jessica Holmes");
INSERT INTO executive (executive_id,name_ex) VALUES ("74144","Robert Wilkinson");
INSERT INTO executive (executive_id,name_ex) VALUES ("39169","Samantha Hamilton");
INSERT INTO executive (executive_id,name_ex) VALUES ("84889","Patrick Melendez");
INSERT INTO executive (executive_id,name_ex) VALUES ("79189","Elizabeth Thomas");
INSERT INTO executive (executive_id,name_ex) VALUES ("39445","Danielle Fitzgerald");
INSERT INTO executive (executive_id,name_ex) VALUES ("93144","Tanya Smith");
INSERT INTO executive (executive_id,name_ex) VALUES ("96750","Mr. John Gonzalez");
INSERT INTO executive (executive_id,name_ex) VALUES ("81600","Lisa Smith");
INSERT INTO executive (executive_id,name_ex) VALUES ("75090","Karen Davidson DDS");
INSERT INTO executive (executive_id,name_ex) VALUES ("22177","Brianna Vargas");
INSERT INTO executive (executive_id,name_ex) VALUES ("96328","Jerry Pitts");
INSERT INTO executive (executive_id,name_ex) VALUES ("61858","Alexander Banks");
INSERT INTO executive (executive_id,name_ex) VALUES ("11560","Cathy Kerr");
INSERT INTO executive (executive_id,name_ex) VALUES ("76347","Charles Chavez");
INSERT INTO executive (executive_id,name_ex) VALUES ("67857","Evan Phelps");
INSERT INTO executive (executive_id,name_ex) VALUES ("11875","Mrs. Andrea Herrera MD");
INSERT INTO executive (executive_id,name_ex) VALUES ("96054","Joseph Murphy");
INSERT INTO executive (executive_id,name_ex) VALUES ("20632","Darren Black");
INSERT INTO executive (executive_id,name_ex) VALUES ("62133","Matthew Butler");
INSERT INTO executive (executive_id,name_ex) VALUES ("73110","Anthony Vance");
INSERT INTO executive (executive_id,name_ex) VALUES ("99732","Lisa Fischer");
INSERT INTO executive (executive_id,name_ex) VALUES ("32272","Christopher Hoffman");
INSERT INTO executive (executive_id,name_ex) VALUES ("34614","Kara Simpson");
INSERT INTO executive (executive_id,name_ex) VALUES ("70830","Dana Rodriguez");
INSERT INTO executive (executive_id,name_ex) VALUES ("92182","Alexis Cummings");
INSERT INTO executive (executive_id,name_ex) VALUES ("24163","Shawn Young");
INSERT INTO executive (executive_id,name_ex) VALUES ("25263","Jared Kennedy");
INSERT INTO executive (executive_id,name_ex) VALUES ("52373","Dr. Scott Perry");
INSERT INTO executive (executive_id,name_ex) VALUES ("98632","Emily Hamilton");
INSERT INTO executive (executive_id,name_ex) VALUES ("85285","Jason Garcia DVM");
INSERT INTO executive (executive_id,name_ex) VALUES ("84886","Anthony Morales");
INSERT INTO executive (executive_id,name_ex) VALUES ("80985","Lisa Wood");
INSERT INTO executive (executive_id,name_ex) VALUES ("99801","Holly Walters");

-- project 
INSERT INTO project (project_id,title,start_date,end_date,abstract,funds,evaluator_id,accountable_id,program_id,executive_id,organization_id,evaluation_id) VALUES ("82225","project533", "2021-10-5", "2026-2-2", "Single ground hair detail common while structure write.", "889065", "86010", "77672", "43164", "85285", "20317", "63241");
INSERT INTO project (project_id,title,start_date,end_date,abstract,funds,evaluator_id,accountable_id,program_id,executive_id,organization_id,evaluation_id) VALUES ("81487","project633", "2015-12-24", "2016-6-16", "Final manager course own meet. Police return reflect reflect.", "352595", "16390", "75324", "68676", "24316", "22830", "47374");
INSERT INTO project (project_id,title,start_date,end_date,abstract,funds,evaluator_id,accountable_id,program_id,executive_id,organization_id,evaluation_id) VALUES ("29676","project614", "2015-1-1", "2025-3-11", "Such fight group conference event.", "166375", "30525", "73862", "40396", "61858", "46113", "20794");
INSERT INTO project (project_id,title,start_date,end_date,abstract,funds,evaluator_id,accountable_id,program_id,executive_id,organization_id,evaluation_id) VALUES ("67144","project887", "2016-1-24", "2022-4-10", "Wind together choose important.", "211241", "75180", "65844", "23002", "11560", "20317", "42222");
INSERT INTO project (project_id,title,start_date,end_date,abstract,funds,evaluator_id,accountable_id,program_id,executive_id,organization_id,evaluation_id) VALUES ("67505","project309", "2021-9-25", "2030-11-21", "Most peace through born energy course response.", "422294", "50530", "79919", "40396", "93144", "82118", "50953");
INSERT INTO project (project_id,title,start_date,end_date,abstract,funds,evaluator_id,accountable_id,program_id,executive_id,organization_id,evaluation_id) VALUES ("43712","project155", "2016-2-10", "2026-6-9", "Few true ground travel the.", "115232", "16221", "15478", "77027", "73110", "63706", "91738");
INSERT INTO project (project_id,title,start_date,end_date,abstract,funds,evaluator_id,accountable_id,program_id,executive_id,organization_id,evaluation_id) VALUES ("33564","project513", "2017-10-7", "2024-10-9", "Themselves right together physical.", "374149", "69761", "44989", "64152", "12555", "66426", "25941");
INSERT INTO project (project_id,title,start_date,end_date,abstract,funds,evaluator_id,accountable_id,program_id,executive_id,organization_id,evaluation_id) VALUES ("14284","project245", "2020-2-8", "2023-11-27", "Discussion who here note condition. White man drop road break use.", "601127", "72595", "97114", "43164", "81600", "89293", "85573");
INSERT INTO project (project_id,title,start_date,end_date,abstract,funds,evaluator_id,accountable_id,program_id,executive_id,organization_id,evaluation_id) VALUES ("25365","project270", "2017-6-9", "2021-6-24", "Rise ago surface TV allow central.", "520848", "28988", "95737", "40396", "61858", "86945", "48855");
INSERT INTO project (project_id,title,start_date,end_date,abstract,funds,evaluator_id,accountable_id,program_id,executive_id,organization_id,evaluation_id) VALUES ("70794","project905", "2016-3-7", "2029-2-26", "Clearly suggest three region choice.", "790118", "25171", "25033", "54109", "12555", "31802", "67623");
INSERT INTO project (project_id,title,start_date,end_date,abstract,funds,evaluator_id,accountable_id,program_id,executive_id,organization_id,evaluation_id) VALUES ("48700","project777", "2015-12-13", "2018-11-1", "If management spend.", "725361", "50302", "50213", "77027", "24163", "28167", "91495");
INSERT INTO project (project_id,title,start_date,end_date,abstract,funds,evaluator_id,accountable_id,program_id,executive_id,organization_id,evaluation_id) VALUES ("32151","project917", "2022-1-27", "2026-10-24", "Dinner discussion store production argue. Race peace speak institution quality economic here play.", "216867", "27170", "44778", "84496", "25263", "86945", "85910");
INSERT INTO project (project_id,title,start_date,end_date,abstract,funds,evaluator_id,accountable_id,program_id,executive_id,organization_id,evaluation_id) VALUES ("52538","project239", "2017-4-21", "2030-2-3", "Issue rate who determine kind make trade young. Stay significant get.", "377985", "11496", "27170", "23746", "52585", "70869", "84528");
INSERT INTO project (project_id,title,start_date,end_date,abstract,funds,evaluator_id,accountable_id,program_id,executive_id,organization_id,evaluation_id) VALUES ("51018","project272", "2020-7-16", "2024-10-27", "Grow top actually place toward order. Policy piece need talk image.", "791296", "10958", "65844", "66427", "24316", "82118", "53095");
INSERT INTO project (project_id,title,start_date,end_date,abstract,funds,evaluator_id,accountable_id,program_id,executive_id,organization_id,evaluation_id) VALUES ("16635","project954", "2018-10-9", "2027-2-14", "Big put movement different per vote fine. Trade dinner seek few model.", "859213", "25726", "63081", "27140", "85285", "71147", "18923");
INSERT INTO project (project_id,title,start_date,end_date,abstract,funds,evaluator_id,accountable_id,program_id,executive_id,organization_id,evaluation_id) VALUES ("58805","project324", "2016-6-17", "2026-2-4", "Herself recent foreign economic option body.", "389837", "38277", "55768", "27140", "25263", "63706", "91738");
INSERT INTO project (project_id,title,start_date,end_date,abstract,funds,evaluator_id,accountable_id,program_id,executive_id,organization_id,evaluation_id) VALUES ("44978","project337", "2022-3-3", "2030-4-4", "Through training rock.", "240221", "77672", "30525", "85994", "12555", "73928", "18923");
INSERT INTO project (project_id,title,start_date,end_date,abstract,funds,evaluator_id,accountable_id,program_id,executive_id,organization_id,evaluation_id) VALUES ("15443","project111", "2021-7-24", "2030-3-28", "Direction free break rest enjoy every seat.", "931681", "63081", "87174", "40396", "62133", "22830", "22534");
INSERT INTO project (project_id,title,start_date,end_date,abstract,funds,evaluator_id,accountable_id,program_id,executive_id,organization_id,evaluation_id) VALUES ("42369","project286", "2018-3-10", "2024-3-15", "Hit article prepare blood his.", "339632", "34490", "10351", "33400", "62133", "20154", "93478");
INSERT INTO project (project_id,title,start_date,end_date,abstract,funds,evaluator_id,accountable_id,program_id,executive_id,organization_id,evaluation_id) VALUES ("37059","project981", "2017-3-2", "2023-11-28", "View pattern western image all issue. Nature authority serious daughter point probably.", "828662", "77672", "25171", "23002", "81600", "86513", "35384");
INSERT INTO project (project_id,title,start_date,end_date,abstract,funds,evaluator_id,accountable_id,program_id,executive_id,organization_id,evaluation_id) VALUES ("99697","project558", "2018-9-9", "2025-1-6", "Hour he direction approach carry.", "437638", "34757", "11882", "43662", "67857", "10326", "10543");
INSERT INTO project (project_id,title,start_date,end_date,abstract,funds,evaluator_id,accountable_id,program_id,executive_id,organization_id,evaluation_id) VALUES ("73496","project564", "2017-7-14", "2026-4-10", "Order should dog raise. Position choose defense street year produce.", "157924", "13770", "10187", "55078", "39169", "95843", "91495");
INSERT INTO project (project_id,title,start_date,end_date,abstract,funds,evaluator_id,accountable_id,program_id,executive_id,organization_id,evaluation_id) VALUES ("24798","project618", "2020-5-15", "2024-8-1", "Easy clearly smile pretty. Look put law former life.", "604764", "29725", "53161", "86223", "36899", "58828", "84528");
INSERT INTO project (project_id,title,start_date,end_date,abstract,funds,evaluator_id,accountable_id,program_id,executive_id,organization_id,evaluation_id) VALUES ("11942","project233", "2020-12-10", "2030-12-12", "Thing able prepare kitchen. Spend economy likely reality on.", "118182", "49521", "82357", "99060", "73864", "70869", "35199");
INSERT INTO project (project_id,title,start_date,end_date,abstract,funds,evaluator_id,accountable_id,program_id,executive_id,organization_id,evaluation_id) VALUES ("75907","project760", "2017-10-27", "2027-1-13", "Individual easy oil true describe particular. Probably make especially recent.", "837691", "10187", "35648", "73720", "97156", "95843", "68179");
INSERT INTO project (project_id,title,start_date,end_date,abstract,funds,evaluator_id,accountable_id,program_id,executive_id,organization_id,evaluation_id) VALUES ("60340","project992", "2015-8-20", "2029-4-16", "Almost over offer hear to avoid.", "892491", "65533", "89840", "66427", "24163", "38569", "48511");
INSERT INTO project (project_id,title,start_date,end_date,abstract,funds,evaluator_id,accountable_id,program_id,executive_id,organization_id,evaluation_id) VALUES ("57368","project857", "2022-11-21", "2024-10-18", "Professional necessary certain society. Officer look generation stock account itself condition.", "618087", "84750", "16390", "77082", "34614", "22392", "47197");
INSERT INTO project (project_id,title,start_date,end_date,abstract,funds,evaluator_id,accountable_id,program_id,executive_id,organization_id,evaluation_id) VALUES ("50111","project693", "2018-11-23", "2021-6-22", "From coach picture address himself friend police. Religious boy physical son including instead energy.", "474352", "63451", "89840", "33400", "62133", "89293", "58909");
INSERT INTO project (project_id,title,start_date,end_date,abstract,funds,evaluator_id,accountable_id,program_id,executive_id,organization_id,evaluation_id) VALUES ("85037","project425", "2022-11-9", "2026-3-24", "Nearly can third as smile this include sign.", "937608", "43318", "65286", "55741", "54068", "66598", "20794");
INSERT INTO project (project_id,title,start_date,end_date,abstract,funds,evaluator_id,accountable_id,program_id,executive_id,organization_id,evaluation_id) VALUES ("55695","project748", "2018-9-9", "2029-8-26", "Job size current race ago half. Meet care minute to serious.", "138217", "15478", "38088", "43662", "98632", "42070", "48511");
INSERT INTO project (project_id,title,start_date,end_date,abstract,funds,evaluator_id,accountable_id,program_id,executive_id,organization_id,evaluation_id) VALUES ("79801","project806", "2021-9-1", "2029-12-23", "Glass someone page crime president.", "751925", "30525", "82357", "33400", "73110", "28167", "54005");
INSERT INTO project (project_id,title,start_date,end_date,abstract,funds,evaluator_id,accountable_id,program_id,executive_id,organization_id,evaluation_id) VALUES ("22183","project840", "2019-12-26", "2030-7-16", "Sense three model. Seven no apply small any happen.", "410815", "25033", "73862", "45996", "39169", "22830", "18923");
INSERT INTO project (project_id,title,start_date,end_date,abstract,funds,evaluator_id,accountable_id,program_id,executive_id,organization_id,evaluation_id) VALUES ("27107","project123", "2021-11-14", "2029-2-1", "Population room call have land wrong. Where election senior sing space.", "590238", "75531", "84160", "10164", "11560", "70869", "98801");
INSERT INTO project (project_id,title,start_date,end_date,abstract,funds,evaluator_id,accountable_id,program_id,executive_id,organization_id,evaluation_id) VALUES ("19948","project433", "2015-11-17", "2016-9-26", "Edge power country school. Describe throw cut drug project firm.", "167762", "69761", "72648", "86223", "36899", "21600", "89602");
INSERT INTO project (project_id,title,start_date,end_date,abstract,funds,evaluator_id,accountable_id,program_id,executive_id,organization_id,evaluation_id) VALUES ("41260","project363", "2019-5-19", "2022-12-4", "Source environment truth final day.", "283570", "19655", "55768", "64152", "52373", "58828", "50301");
INSERT INTO project (project_id,title,start_date,end_date,abstract,funds,evaluator_id,accountable_id,program_id,executive_id,organization_id,evaluation_id) VALUES ("49562","project298", "2019-8-21", "2023-3-15", "Community game determine realize increase if total.", "479639", "67464", "77629", "88445", "76347", "82118", "10543");
INSERT INTO project (project_id,title,start_date,end_date,abstract,funds,evaluator_id,accountable_id,program_id,executive_id,organization_id,evaluation_id) VALUES ("97005","project818", "2017-2-1", "2029-12-5", "Whom all reality laugh. Man huge care scene media raise.", "903890", "54018", "22554", "40396", "37174", "86945", "20794");
INSERT INTO project (project_id,title,start_date,end_date,abstract,funds,evaluator_id,accountable_id,program_id,executive_id,organization_id,evaluation_id) VALUES ("25235","project581", "2016-5-12", "2025-7-4", "Officer through get glass.", "583790", "65286", "12579", "23746", "80985", "38569", "47374");
INSERT INTO project (project_id,title,start_date,end_date,abstract,funds,evaluator_id,accountable_id,program_id,executive_id,organization_id,evaluation_id) VALUES ("32162","project209", "2016-7-19", "2026-5-21", "Happy program carry star.", "114698", "75324", "16390", "68676", "76347", "89293", "29888");
INSERT INTO project (project_id,title,start_date,end_date,abstract,funds,evaluator_id,accountable_id,program_id,executive_id,organization_id,evaluation_id) VALUES ("47378","project577", "2017-8-22", "2029-4-8", "Detail hotel rather defense any fire base. Kid popular something write tax.", "252546", "80338", "77672", "74583", "24316", "53788", "24934");
INSERT INTO project (project_id,title,start_date,end_date,abstract,funds,evaluator_id,accountable_id,program_id,executive_id,organization_id,evaluation_id) VALUES ("52021","project750", "2019-4-13", "2022-12-11", "Prevent knowledge miss nor. Set lawyer according few foot.", "456984", "67648", "14578", "74583", "24316", "11341", "48511");
INSERT INTO project (project_id,title,start_date,end_date,abstract,funds,evaluator_id,accountable_id,program_id,executive_id,organization_id,evaluation_id) VALUES ("55740","project608", "2020-2-19", "2021-1-13", "Service accept Republican others. Order perform available mission concern miss particularly.", "464963", "78363", "67464", "23002", "92182", "21600", "24934");
INSERT INTO project (project_id,title,start_date,end_date,abstract,funds,evaluator_id,accountable_id,program_id,executive_id,organization_id,evaluation_id) VALUES ("71687","project603", "2021-12-20", "2028-5-23", "May fast do before. Science cut style or investment model president.", "521552", "47690", "97787", "68676", "34614", "20317", "93478");
INSERT INTO project (project_id,title,start_date,end_date,abstract,funds,evaluator_id,accountable_id,program_id,executive_id,organization_id,evaluation_id) VALUES ("70679","project836", "2022-11-27", "2028-9-1", "Scientist trade wear shake anyone story. Remember summer by growth.", "967655", "10958", "36954", "57970", "61126", "63706", "35199");
INSERT INTO project (project_id,title,start_date,end_date,abstract,funds,evaluator_id,accountable_id,program_id,executive_id,organization_id,evaluation_id) VALUES ("46448","project667", "2018-4-18", "2020-2-15", "Year charge or leader charge listen score memory. Save test deep land data reach.", "801263", "72595", "16066", "68185", "96054", "71147", "20794");
INSERT INTO project (project_id,title,start_date,end_date,abstract,funds,evaluator_id,accountable_id,program_id,executive_id,organization_id,evaluation_id) VALUES ("48857","project834", "2021-2-2", "2023-7-20", "Truth develop east wide store people. However sell week rock city majority find.", "274302", "43875", "34490", "73334", "47694", "53788", "85910");
INSERT INTO project (project_id,title,start_date,end_date,abstract,funds,evaluator_id,accountable_id,program_id,executive_id,organization_id,evaluation_id) VALUES ("95308","project755", "2021-4-27", "2027-10-9", "Citizen manager contain beyond once. Your where marriage more position believe adult.", "498488", "44989", "33122", "23883", "22177", "53788", "68179");
INSERT INTO project (project_id,title,start_date,end_date,abstract,funds,evaluator_id,accountable_id,program_id,executive_id,organization_id,evaluation_id) VALUES ("18396","project519", "2017-9-18", "2029-9-27", "Ever reflect everybody serve special.", "578895", "65844", "48249", "86223", "96750", "22392", "85573");
INSERT INTO project (project_id,title,start_date,end_date,abstract,funds,evaluator_id,accountable_id,program_id,executive_id,organization_id,evaluation_id) VALUES ("50623","project423", "2021-5-22", "2025-2-14", "Town personal industry. Safe try investment interview yet but.", "626990", "19655", "79919", "85099", "11560", "20317", "58939");
INSERT INTO project (project_id,title,start_date,end_date,abstract,funds,evaluator_id,accountable_id,program_id,executive_id,organization_id,evaluation_id) VALUES ("69174","project119", "2015-1-26", "2024-7-24", "Scientist election read risk down produce.", "360209", "10351", "75324", "89018", "70830", "63706", "53095");

-- deliverable 
INSERT INTO deliverable (project_id,deliverable_id,title,abstract,deliverable_date) VALUES ("82225","21634","title533", "Area truth main once contain. Ever to marriage participant quickly international mouth.", "2015-1-26");
INSERT INTO deliverable (project_id,deliverable_id,title,abstract,deliverable_date) VALUES ("60340","66489","title633", "Tax several head. Way choice trouble however.", "2015-1-26");
INSERT INTO deliverable (project_id,deliverable_id,title,abstract,deliverable_date) VALUES ("29676","13891","title614", "Very property continue similar color religious follow. Strategy instead make same.", "2015-1-26");
INSERT INTO deliverable (project_id,deliverable_id,title,abstract,deliverable_date) VALUES ("67505","60660","title887", "Blue movement child upon thank. Individual hold forward various share perform body.", "2015-1-26");
INSERT INTO deliverable (project_id,deliverable_id,title,abstract,deliverable_date) VALUES ("37059","37425","title309", "Miss either beat history rest seek red.", "2015-1-26");
INSERT INTO deliverable (project_id,deliverable_id,title,abstract,deliverable_date) VALUES ("57368","53873","title155", "Fund during save prevent majority. Than card southern.", "2015-1-26");
INSERT INTO deliverable (project_id,deliverable_id,title,abstract,deliverable_date) VALUES ("42369","74818","title513", "Everything anything face treatment.", "2015-1-26");
INSERT INTO deliverable (project_id,deliverable_id,title,abstract,deliverable_date) VALUES ("49562","96644","title245", "Finish cell any likely back report upon budget. Business red manage trade leave arrive by.", "2015-1-26");
INSERT INTO deliverable (project_id,deliverable_id,title,abstract,deliverable_date) VALUES ("55695","48704","title270", "Room after movement cultural cost. Trade true sound the yet sometimes.", "2015-1-26");
INSERT INTO deliverable (project_id,deliverable_id,title,abstract,deliverable_date) VALUES ("37059","23346","title905", "Fast little bar hospital. Week view safe base site car.", "2015-1-26");

-- phone_number 
INSERT INTO phone_number (organization_id,phone) VALUES ("46113","5366992320");
INSERT INTO phone_number (organization_id,phone) VALUES ("53788","2484324458");
INSERT INTO phone_number (organization_id,phone) VALUES ("20317","2305518123");
INSERT INTO phone_number (organization_id,phone) VALUES ("46113","4261756372");
INSERT INTO phone_number (organization_id,phone) VALUES ("53788","5545824970");
INSERT INTO phone_number (organization_id,phone) VALUES ("28167","5901735594");
INSERT INTO phone_number (organization_id,phone) VALUES ("86513","2845266674");
INSERT INTO phone_number (organization_id,phone) VALUES ("20154","8647903817");
INSERT INTO phone_number (organization_id,phone) VALUES ("31802","1101352697");
INSERT INTO phone_number (organization_id,phone) VALUES ("71147","6903178413");
INSERT INTO phone_number (organization_id,phone) VALUES ("66598","5705222713");
INSERT INTO phone_number (organization_id,phone) VALUES ("42070","9362410168");
INSERT INTO phone_number (organization_id,phone) VALUES ("95843","3813070924");
INSERT INTO phone_number (organization_id,phone) VALUES ("22392","4780796923");
INSERT INTO phone_number (organization_id,phone) VALUES ("53788","5468554986");
INSERT INTO phone_number (organization_id,phone) VALUES ("11341","6809772592");
INSERT INTO phone_number (organization_id,phone) VALUES ("22392","3937420707");
INSERT INTO phone_number (organization_id,phone) VALUES ("31802","7521146512");
INSERT INTO phone_number (organization_id,phone) VALUES ("70869","9015062562");
INSERT INTO phone_number (organization_id,phone) VALUES ("10326","5120694196");
INSERT INTO phone_number (organization_id,phone) VALUES ("10326","5917509464");
INSERT INTO phone_number (organization_id,phone) VALUES ("21600","9657248239");
INSERT INTO phone_number (organization_id,phone) VALUES ("46113","4746065171");
INSERT INTO phone_number (organization_id,phone) VALUES ("20317","8527636890");
INSERT INTO phone_number (organization_id,phone) VALUES ("66426","7023095650");
INSERT INTO phone_number (organization_id,phone) VALUES ("42070","4688024683");
INSERT INTO phone_number (organization_id,phone) VALUES ("86513","9803813692");
INSERT INTO phone_number (organization_id,phone) VALUES ("94123","8946980927");
INSERT INTO phone_number (organization_id,phone) VALUES ("34186","4132950740");
INSERT INTO phone_number (organization_id,phone) VALUES ("63706","9806288029");

-- works_on_project 
INSERT INTO works_on_project (project_id,researcher_id) VALUES ("82225","67648");
INSERT INTO works_on_project (project_id,researcher_id) VALUES ("81487","50213");
INSERT INTO works_on_project (project_id,researcher_id) VALUES ("29676","25726");
INSERT INTO works_on_project (project_id,researcher_id) VALUES ("67144","67648");
INSERT INTO works_on_project (project_id,researcher_id) VALUES ("67505","44989");
INSERT INTO works_on_project (project_id,researcher_id) VALUES ("43712","45965");
INSERT INTO works_on_project (project_id,researcher_id) VALUES ("33564","11496");
INSERT INTO works_on_project (project_id,researcher_id) VALUES ("14284","49496");
INSERT INTO works_on_project (project_id,researcher_id) VALUES ("25365","84160");
INSERT INTO works_on_project (project_id,researcher_id) VALUES ("70794","50302");
INSERT INTO works_on_project (project_id,researcher_id) VALUES ("48700","59882");
INSERT INTO works_on_project (project_id,researcher_id) VALUES ("32151","54018");
INSERT INTO works_on_project (project_id,researcher_id) VALUES ("52538","68344");
INSERT INTO works_on_project (project_id,researcher_id) VALUES ("51018","35648");
INSERT INTO works_on_project (project_id,researcher_id) VALUES ("16635","53161");
INSERT INTO works_on_project (project_id,researcher_id) VALUES ("58805","28988");
INSERT INTO works_on_project (project_id,researcher_id) VALUES ("44978","95737");
INSERT INTO works_on_project (project_id,researcher_id) VALUES ("15443","82766");
INSERT INTO works_on_project (project_id,researcher_id) VALUES ("42369","95188");
INSERT INTO works_on_project (project_id,researcher_id) VALUES ("37059","84866");
INSERT INTO works_on_project (project_id,researcher_id) VALUES ("99697","10187");
INSERT INTO works_on_project (project_id,researcher_id) VALUES ("73496","49496");
INSERT INTO works_on_project (project_id,researcher_id) VALUES ("24798","77629");
INSERT INTO works_on_project (project_id,researcher_id) VALUES ("11942","16221");
INSERT INTO works_on_project (project_id,researcher_id) VALUES ("75907","14578");
INSERT INTO works_on_project (project_id,researcher_id) VALUES ("60340","63451");
INSERT INTO works_on_project (project_id,researcher_id) VALUES ("57368","97478");
INSERT INTO works_on_project (project_id,researcher_id) VALUES ("50111","65533");
INSERT INTO works_on_project (project_id,researcher_id) VALUES ("85037","54018");
INSERT INTO works_on_project (project_id,researcher_id) VALUES ("55695","91680");
INSERT INTO works_on_project (project_id,researcher_id) VALUES ("79801","79919");
INSERT INTO works_on_project (project_id,researcher_id) VALUES ("22183","69761");
INSERT INTO works_on_project (project_id,researcher_id) VALUES ("27107","73335");
INSERT INTO works_on_project (project_id,researcher_id) VALUES ("19948","24330");
INSERT INTO works_on_project (project_id,researcher_id) VALUES ("41260","49408");
INSERT INTO works_on_project (project_id,researcher_id) VALUES ("49562","82252");
INSERT INTO works_on_project (project_id,researcher_id) VALUES ("97005","73335");
INSERT INTO works_on_project (project_id,researcher_id) VALUES ("25235","14136");
INSERT INTO works_on_project (project_id,researcher_id) VALUES ("32162","70369");
INSERT INTO works_on_project (project_id,researcher_id) VALUES ("47378","50661");
INSERT INTO works_on_project (project_id,researcher_id) VALUES ("52021","68344");
INSERT INTO works_on_project (project_id,researcher_id) VALUES ("55740","38277");
INSERT INTO works_on_project (project_id,researcher_id) VALUES ("71687","84866");
INSERT INTO works_on_project (project_id,researcher_id) VALUES ("70679","82252");
INSERT INTO works_on_project (project_id,researcher_id) VALUES ("46448","95737");
INSERT INTO works_on_project (project_id,researcher_id) VALUES ("48857","54018");
INSERT INTO works_on_project (project_id,researcher_id) VALUES ("95308","50044");
INSERT INTO works_on_project (project_id,researcher_id) VALUES ("18396","97787");
INSERT INTO works_on_project (project_id,researcher_id) VALUES ("50623","97114");
INSERT INTO works_on_project (project_id,researcher_id) VALUES ("69174","97478");
INSERT INTO works_on_project (project_id,researcher_id) VALUES ("48700","75167");
INSERT INTO works_on_project (project_id,researcher_id) VALUES ("49562","16221");
INSERT INTO works_on_project (project_id,researcher_id) VALUES ("29676","95188");
INSERT INTO works_on_project (project_id,researcher_id) VALUES ("15443","80338");
INSERT INTO works_on_project (project_id,researcher_id) VALUES ("97005","77672");
INSERT INTO works_on_project (project_id,researcher_id) VALUES ("52538","29725");
INSERT INTO works_on_project (project_id,researcher_id) VALUES ("24798","53161");
INSERT INTO works_on_project (project_id,researcher_id) VALUES ("11942","65533");
INSERT INTO works_on_project (project_id,researcher_id) VALUES ("15443","84317");
INSERT INTO works_on_project (project_id,researcher_id) VALUES ("33564","18769");
INSERT INTO works_on_project (project_id,researcher_id) VALUES ("15443","19388");
INSERT INTO works_on_project (project_id,researcher_id) VALUES ("69174","75324");
INSERT INTO works_on_project (project_id,researcher_id) VALUES ("41260","34757");
INSERT INTO works_on_project (project_id,researcher_id) VALUES ("81487","43318");
INSERT INTO works_on_project (project_id,researcher_id) VALUES ("29676","38277");
INSERT INTO works_on_project (project_id,researcher_id) VALUES ("85037","38088");
INSERT INTO works_on_project (project_id,researcher_id) VALUES ("19948","95737");
INSERT INTO works_on_project (project_id,researcher_id) VALUES ("48857","38273");
INSERT INTO works_on_project (project_id,researcher_id) VALUES ("50623","12579");
INSERT INTO works_on_project (project_id,researcher_id) VALUES ("71687","75842");
INSERT INTO works_on_project (project_id,researcher_id) VALUES ("15443","53161");
INSERT INTO works_on_project (project_id,researcher_id) VALUES ("32162","13038");
INSERT INTO works_on_project (project_id,researcher_id) VALUES ("11942","34490");
INSERT INTO works_on_project (project_id,researcher_id) VALUES ("29676","10351");
INSERT INTO works_on_project (project_id,researcher_id) VALUES ("52021","29725");
INSERT INTO works_on_project (project_id,researcher_id) VALUES ("19948","50661");
INSERT INTO works_on_project (project_id,researcher_id) VALUES ("49562","68144");
INSERT INTO works_on_project (project_id,researcher_id) VALUES ("52021","59882");
INSERT INTO works_on_project (project_id,researcher_id) VALUES ("22183","62533");
INSERT INTO works_on_project (project_id,researcher_id) VALUES ("60340","12579");
INSERT INTO works_on_project (project_id,researcher_id) VALUES ("70794","65533");
INSERT INTO works_on_project (project_id,researcher_id) VALUES ("22183","89840");
INSERT INTO works_on_project (project_id,researcher_id) VALUES ("24798","50530");
INSERT INTO works_on_project (project_id,researcher_id) VALUES ("99697","34757");
INSERT INTO works_on_project (project_id,researcher_id) VALUES ("48700","73168");
INSERT INTO works_on_project (project_id,researcher_id) VALUES ("32162","34490");
INSERT INTO works_on_project (project_id,researcher_id) VALUES ("55695","63081");
INSERT INTO works_on_project (project_id,researcher_id) VALUES ("82225","95188");
INSERT INTO works_on_project (project_id,researcher_id) VALUES ("16635","79919");
INSERT INTO works_on_project (project_id,researcher_id) VALUES ("44978","97114");
INSERT INTO works_on_project (project_id,researcher_id) VALUES ("42369","63081");
INSERT INTO works_on_project (project_id,researcher_id) VALUES ("79801","11882");
INSERT INTO works_on_project (project_id,researcher_id) VALUES ("85037","16066");
INSERT INTO works_on_project (project_id,researcher_id) VALUES ("18396","14578");
INSERT INTO works_on_project (project_id,researcher_id) VALUES ("46448","72595");
INSERT INTO works_on_project (project_id,researcher_id) VALUES ("25235","68344");
INSERT INTO works_on_project (project_id,researcher_id) VALUES ("47378","75180");
INSERT INTO works_on_project (project_id,researcher_id) VALUES ("15443","50213");
INSERT INTO works_on_project (project_id,researcher_id) VALUES ("47378","10958");
INSERT INTO works_on_project (project_id,researcher_id) VALUES ("55695","47690");

-- scientific_field_project 
INSERT INTO scientific_field_project (scfield_id,project_id) VALUES ("19345","82225");
INSERT INTO scientific_field_project (scfield_id,project_id) VALUES ("93204","81487");
INSERT INTO scientific_field_project (scfield_id,project_id) VALUES ("36675","29676");
INSERT INTO scientific_field_project (scfield_id,project_id) VALUES ("10296","67144");
INSERT INTO scientific_field_project (scfield_id,project_id) VALUES ("93204","67505");
INSERT INTO scientific_field_project (scfield_id,project_id) VALUES ("36675","43712");
INSERT INTO scientific_field_project (scfield_id,project_id) VALUES ("93204","33564");
INSERT INTO scientific_field_project (scfield_id,project_id) VALUES ("10296","14284");
INSERT INTO scientific_field_project (scfield_id,project_id) VALUES ("17538","25365");
INSERT INTO scientific_field_project (scfield_id,project_id) VALUES ("20337","70794");
INSERT INTO scientific_field_project (scfield_id,project_id) VALUES ("28826","48700");
INSERT INTO scientific_field_project (scfield_id,project_id) VALUES ("28826","32151");
INSERT INTO scientific_field_project (scfield_id,project_id) VALUES ("49337","52538");
INSERT INTO scientific_field_project (scfield_id,project_id) VALUES ("93204","51018");
INSERT INTO scientific_field_project (scfield_id,project_id) VALUES ("80034","16635");
INSERT INTO scientific_field_project (scfield_id,project_id) VALUES ("10296","58805");
INSERT INTO scientific_field_project (scfield_id,project_id) VALUES ("80034","44978");
INSERT INTO scientific_field_project (scfield_id,project_id) VALUES ("93204","15443");
INSERT INTO scientific_field_project (scfield_id,project_id) VALUES ("36675","42369");
INSERT INTO scientific_field_project (scfield_id,project_id) VALUES ("36675","37059");
INSERT INTO scientific_field_project (scfield_id,project_id) VALUES ("93204","99697");
INSERT INTO scientific_field_project (scfield_id,project_id) VALUES ("10296","73496");
INSERT INTO scientific_field_project (scfield_id,project_id) VALUES ("19345","24798");
INSERT INTO scientific_field_project (scfield_id,project_id) VALUES ("36675","11942");
INSERT INTO scientific_field_project (scfield_id,project_id) VALUES ("93204","75907");
INSERT INTO scientific_field_project (scfield_id,project_id) VALUES ("20337","60340");
INSERT INTO scientific_field_project (scfield_id,project_id) VALUES ("49337","57368");
INSERT INTO scientific_field_project (scfield_id,project_id) VALUES ("28826","50111");
INSERT INTO scientific_field_project (scfield_id,project_id) VALUES ("28826","85037");
INSERT INTO scientific_field_project (scfield_id,project_id) VALUES ("28826","55695");
INSERT INTO scientific_field_project (scfield_id,project_id) VALUES ("85811","79801");
INSERT INTO scientific_field_project (scfield_id,project_id) VALUES ("93204","22183");
INSERT INTO scientific_field_project (scfield_id,project_id) VALUES ("19345","27107");
INSERT INTO scientific_field_project (scfield_id,project_id) VALUES ("49337","19948");
INSERT INTO scientific_field_project (scfield_id,project_id) VALUES ("36675","41260");
INSERT INTO scientific_field_project (scfield_id,project_id) VALUES ("36675","49562");
INSERT INTO scientific_field_project (scfield_id,project_id) VALUES ("49337","97005");
INSERT INTO scientific_field_project (scfield_id,project_id) VALUES ("10296","25235");
INSERT INTO scientific_field_project (scfield_id,project_id) VALUES ("93204","32162");
INSERT INTO scientific_field_project (scfield_id,project_id) VALUES ("85811","47378");
INSERT INTO scientific_field_project (scfield_id,project_id) VALUES ("80034","52021");
INSERT INTO scientific_field_project (scfield_id,project_id) VALUES ("28826","55740");
INSERT INTO scientific_field_project (scfield_id,project_id) VALUES ("20337","71687");
INSERT INTO scientific_field_project (scfield_id,project_id) VALUES ("93204","70679");
INSERT INTO scientific_field_project (scfield_id,project_id) VALUES ("10296","46448");
INSERT INTO scientific_field_project (scfield_id,project_id) VALUES ("19345","48857");
INSERT INTO scientific_field_project (scfield_id,project_id) VALUES ("10296","95308");
INSERT INTO scientific_field_project (scfield_id,project_id) VALUES ("49337","18396");
INSERT INTO scientific_field_project (scfield_id,project_id) VALUES ("20337","50623");
INSERT INTO scientific_field_project (scfield_id,project_id) VALUES ("19345","69174");
INSERT INTO scientific_field_project (scfield_id,project_id) VALUES ("19345","79801");
INSERT INTO scientific_field_project (scfield_id,project_id) VALUES ("10296","60340");
INSERT INTO scientific_field_project (scfield_id,project_id) VALUES ("80034","15443");
INSERT INTO scientific_field_project (scfield_id,project_id) VALUES ("85811","29676");
INSERT INTO scientific_field_project (scfield_id,project_id) VALUES ("93204","43712");
INSERT INTO scientific_field_project (scfield_id,project_id) VALUES ("85811","19948");
INSERT INTO scientific_field_project (scfield_id,project_id) VALUES ("19345","52021");
INSERT INTO scientific_field_project (scfield_id,project_id) VALUES ("28826","95308");
INSERT INTO scientific_field_project (scfield_id,project_id) VALUES ("20337","52021");
INSERT INTO scientific_field_project (scfield_id,project_id) VALUES ("19345","41260");

